idx,val,noise
0,-2,75
1,2,16
2,1,77
3,3,80
4,5,8
5,6,1
6,9,60
7,6,70
8,6,24
9,11,60
10,11,70
11,11,50
12,14,19
13,11,81
14,12,66
15,15,94
16,13,85
17,20,8
18,16,97
19,20,5
20,19,99
21,18,34
22,22,76
23,25,49
24,26,100
25,25,50
26,28,73
27,27,17
28,27,12
29,26,17
30,30,27
31,30,86
32,32,99
33,35,38
34,34,64
35,38,49
36,37,44
37,38,74
38,38,74
39,37,43
40,42,3
41,44,35
42,43,85
43,45,20
44,46,41
45,46,73
46,47,13
47,49,83
48,46,81
49,52,73
50,49,36
51,48,8
52,52,81
53,53,11
54,53,8
55,55,19
56,53,37
57,57,98
58,58,15
59,56,77
60,61,97
61,58,48
62,64,75
63,62,70
64,63,64
65,63,4
66,65,0
67,64,13
68,69,68
69,66,25
70,70,37
71,72,33
72,70,88
73,70,43
74,73,46
75,73,48
76,76,58
77,80,66
78,78,82
79,82,76
80,82,71
81,78,79
82,85,64
83,82,55
84,86,92
85,87,30
86,85,55
87,86,66
88,87,70
89,88,1
90,93,53
91,92,40
92,89,48
93,94,75
94,96,17
95,92,81
96,98,42
97,97,45
98,100,45
99,100,90
100,99,94
101,101,2
102,103,7
103,105,2
104,103,32
105,107,58
106,105,75
107,108,40
108,106,46
109,107,40
110,113,47
111,114,76
112,111,38
113,116,48
114,111,98
115,118,3
116,117,87
117,119,16
118,117,64
119,117,83
120,123,34
121,119,41
122,120,86
123,123,83
124,126,12
125,122,76
126,125,42
127,129,28
128,128,21
129,126,43
130,132,83
131,129,72
132,132,34
133,131,100
134,131,4
135,136,24
136,135,73
137,135,35
138,137,82
139,136,79
140,139,75
141,139,53
142,141,66
143,146,34
144,144,44
145,147,53
146,145,53
147,148,52
148,145,52
149,147,25
150,147,61
151,154,79
152,153,55
153,154,91
154,152,4
155,157,58
156,159,96
157,159,95
158,159,36
159,160,43
160,158,8
161,164,75
162,161,15
163,166,31
164,161,4
165,168,88
166,167,25
167,167,73
168,165,1
169,169,95
170,167,21
171,172,38
172,170,84
173,170,67
174,175,52
175,172,78
176,173,43
177,175,32
178,181,69
179,179,100
180,177,45
181,179,25
182,179,68
183,186,15
184,182,30
185,188,35
186,189,16
187,190,0
188,188,80
189,190,51
190,187,96
191,190,31
192,191,79
193,194,66
194,194,6
195,195,41
196,199,0
197,200,7
198,201,16
199,196,15
200,197,8
201,201,4
202,205,91
203,200,65
204,205,62
205,204,20
206,205,9
207,206,49
208,210,49
209,210,38
210,209,33
211,209,42
212,212,15
213,211,71
214,211,91
215,217,48
216,219,10
217,218,22
218,215,47
219,219,77
220,222,100
221,222,48
222,224,5
223,224,55
224,221,47
225,227,63
226,229,89
227,226,53
228,230,53
229,229,2
230,228,27
231,232,34
232,234,75
233,230,54
234,232,54
235,233,3
236,235,47
237,238,33
238,235,59
239,241,15
240,243,93
241,243,67
242,245,48
243,245,13
244,246,40
245,246,68
246,243,75
247,249,0
248,248,18
249,247,99
250,250,5
251,252,11
252,253,12
253,255,48
254,252,3
255,254,15
256,253,14
257,259,61
258,261,89
259,258,74
260,259,11
261,258,98
262,263,65
263,264,91
264,262,13
265,266,95
266,263,70
267,264,70
268,267,72
269,267,9
270,268,23
271,273,31
272,272,78
273,275,96
274,274,32
275,274,76
276,276,44
277,278,53
278,275,48
279,280,30
280,280,95
281,279,53
282,284,72
283,286,74
284,286,66
285,287,61
286,284,82
287,287,19
288,286,12
289,289,95
290,290,89
291,292,56
292,293,92
293,296,23
294,292,34
295,298,25
296,294,74
297,298,40
298,296,88
299,300,99
300,299,85
301,303,52
302,303,74
303,304,34
304,302,39
305,302,34
306,306,48
307,305,22
308,309,46
309,307,41
310,310,99
311,314,18
312,312,89
313,313,89
314,315,26
315,315,74
316,319,83
317,318,3
318,318,92
319,316,51
320,323,93
321,318,59
322,320,30
323,325,91
324,327,86
325,322,27
326,329,32
327,325,24
328,331,33
329,327,23
330,331,90
331,333,4
332,331,21
333,336,5
334,333,23
335,335,11
336,338,10
337,334,11
338,337,37
339,336,45
340,340,74
341,343,86
342,341,0
343,340,42
344,343,55
345,345,62
346,343,26
347,349,74
348,350,62
349,349,16
350,351,40
351,348,35
352,349,85
353,353,14
354,354,67
355,354,12
356,357,89
357,356,86
358,361,47
359,362,57
360,359,84
361,363,85
362,364,33
363,360,96
364,363,86
365,366,68
366,367,14
367,369,63
368,369,45
369,366,91
370,369,86
371,373,72
372,374,23
373,375,82
374,376,80
375,373,22
376,375,83
377,377,15
378,375,71
379,377,42
380,382,92
381,383,76
382,382,71
383,382,82
384,382,58
385,385,39
386,389,22
387,389,8
388,385,91
389,387,96
390,391,69
391,392,94
392,392,45
393,390,34
394,393,49
395,392,17
396,393,61
397,398,34
398,396,89
399,402,65
400,399,42
401,401,57
402,403,98
403,400,45
404,404,14
405,403,34
406,407,12
407,409,14
408,409,99
409,411,14
410,408,89
411,409,72
412,412,85
413,415,50
414,417,95
415,413,75
416,417,18
417,420,50
418,421,24
419,420,67
420,418,72
421,419,25
422,425,32
423,422,100
424,423,3
425,428,56
426,426,49
427,426,70
428,429,39
429,431,63
430,431,87
431,433,38
432,435,85
433,433,3
434,435,24
435,437,81
436,433,13
437,440,96
438,440,29
439,439,22
440,441,80
441,441,25
442,440,100
443,444,27
444,441,64
445,447,56
446,443,72
447,446,84
448,446,17
449,449,11
450,451,6
451,448,46
452,453,29
453,454,9
454,454,68
455,452,43
456,455,42
457,460,44
458,460,88
459,457,10
460,463,76
461,464,4
462,464,10
463,465,43
464,467,26
465,462,25
466,466,89
467,470,28
468,468,40
469,466,100
470,467,52
471,468,25
472,474,20
473,473,63
474,474,89
475,472,68
476,479,54
477,475,83
478,478,38
479,476,59
480,480,96
481,483,51
482,482,23
483,483,4
484,486,32
485,484,47
486,486,67
487,486,76
488,488,28
489,486,26
490,489,100
491,490,18
492,495,58
493,494,24
494,492,26
495,492,21
496,497,51
497,498,21
498,500,3
499,497,14
500,501,21
501,501,62
502,500,7
503,506,2
504,504,57
505,504,52
506,503,90
507,509,6
508,506,51
509,506,50
510,510,3
511,509,30
512,509,49
513,513,24
514,512,42
515,516,14
516,515,15
517,518,6
518,521,93
519,518,35
520,523,59
521,524,38
522,522,31
523,524,34
524,521,43
525,527,44
526,525,11
527,524,87
528,528,11
529,530,79
530,527,13
531,528,87
532,529,2
533,531,64
534,531,61
535,532,24
536,538,65
537,536,25
538,541,61
539,538,61
540,539,84
541,538,48
542,541,96
543,544,80
544,544,11
545,544,23
546,549,52
547,544,64
548,548,70
549,548,68
550,552,99
551,551,22
552,555,94
553,556,93
554,554,70
555,554,23
556,555,53
557,557,29
558,558,99
559,561,61
560,559,34
561,564,21
562,563,92
563,566,77
564,566,89
565,565,62
566,563,19
567,565,90
568,571,2
569,572,59
570,567,97
571,573,86
572,574,12
573,572,30
574,575,82
575,572,78
576,579,6
577,577,59
578,581,93
579,581,42
580,579,0
581,578,24
582,582,100
583,580,43
584,585,39
585,582,57
586,583,83
587,585,30
588,590,6
589,587,82
590,588,74
591,588,14
592,590,36
593,591,28
594,597,71
595,596,53
596,597,99
597,598,40
598,601,68
599,602,24
600,600,22
601,602,10
602,599,14
603,604,3
604,607,12
605,603,32
606,603,13
607,607,51
608,606,87
609,610,13
610,612,62
611,614,85
612,615,89
613,612,51
614,615,84
615,615,99
616,613,37
617,620,76
618,618,48
619,617,14
620,621,0
621,621,38
622,624,82
623,620,43
624,623,24
625,625,96
626,623,70
627,629,94
628,627,54
629,632,82
630,627,77
631,632,27
632,630,44
633,636,7
634,633,30
635,635,56
636,633,32
637,635,41
638,636,95
639,637,92
640,638,94
641,642,59
642,644,68
643,646,53
644,643,24
645,646,52
646,646,99
647,647,60
648,649,4
649,648,2
650,648,12
651,648,92
652,650,37
653,654,66
654,651,81
655,655,5
656,654,95
657,655,35
658,658,55
659,656,44
660,660,94
661,659,95
662,665,36
663,661,13
664,664,38
665,665,56
666,663,26
667,665,62
668,671,89
669,668,48
670,673,81
671,670,20
672,672,39
673,673,60
674,675,69
675,673,46
676,679,36
677,676,3
678,678,47
679,678,38
680,682,31
681,684,66
682,679,1
683,681,80
684,685,19
685,686,2
686,684,6
687,684,26
688,691,59
689,688,100
690,689,70
691,688,62
692,690,30
693,690,35
694,694,43
695,698,6
696,697,69
697,700,12
698,698,39
699,698,31
700,702,63
701,701,92
702,701,43
703,700,3
704,704,4
705,707,86
706,704,97
707,710,72
708,706,17
709,711,97
710,713,52
711,712,96
712,715,43
713,714,17
714,713,2
715,713,5
716,713,62
717,719,7
718,721,58
719,719,66
720,722,96
721,724,77
722,723,53
723,722,66
724,726,21
725,724,23
726,723,87
727,725,70
728,725,52
729,732,45
730,730,58
731,730,32
732,732,36
733,734,19
734,735,40
735,733,66
736,733,52
737,737,29
738,741,58
739,740,78
740,739,3
741,740,73
742,743,70
743,740,62
744,742,35
745,748,90
746,749,34
747,744,55
748,750,9
749,748,4
750,751,62
751,754,82
752,752,24
753,752,44
754,752,83
755,755,50
756,755,6
757,756,27
758,755,40
759,758,78
760,760,71
761,760,4
762,760,53
763,762,52
764,761,63
765,763,25
766,768,10
767,769,67
768,765,95
769,771,15
770,772,0
771,770,88
772,769,55
773,772,61
774,774,34
775,774,69
776,777,6
777,775,30
778,778,21
779,777,19
780,782,22
781,783,59
782,784,50
783,785,1
784,782,50
785,782,23
786,789,80
787,785,39
788,786,83
789,792,16
790,793,18
791,788,67
792,790,68
793,791,48
794,797,13
795,795,49
796,794,3
797,796,13
798,796,14
799,797,37
800,798,49
801,800,77
802,799,24
803,800,47
804,802,61
805,803,8
806,805,69
807,807,13
808,810,40
809,809,2
810,812,44
811,812,95
812,815,100
813,813,72
814,814,59
815,816,68
816,815,56
817,815,68
818,818,49
819,817,96
820,821,37
821,823,95
822,820,38
823,826,21
824,823,34
825,828,25
826,824,6
827,828,7
828,828,78
829,832,22
830,827,73
831,828,20
832,835,15
833,836,51
834,835,87
835,834,67
836,838,98
837,836,11
838,838,69
839,840,56
840,839,18
841,842,76
842,840,41
843,843,64
844,845,47
845,847,40
846,847,45
847,849,76
848,851,92
849,848,88
850,853,43
851,850,38
852,851,23
853,850,77
854,855,28
855,857,43
856,858,82
857,855,36
858,858,34
859,859,16
860,860,42
861,862,100
862,865,22
863,864,67
864,865,56
865,866,6
866,863,53
867,867,70
868,871,78
869,872,37
870,867,30
871,874,48
872,872,27
873,870,46
874,875,27
875,872,70
876,876,15
877,877,93
878,881,49
879,881,71
880,879,1
881,880,47
882,883,47
883,883,56
884,883,83
885,887,13
886,887,63
887,885,41
888,886,0
889,888,8
890,891,0
891,889,10
892,890,41
893,893,36
894,892,3
895,892,68
896,898,40
897,898,56
898,900,46
899,902,92
900,903,27
901,901,43
902,904,74
903,900,65
904,904,28
905,905,17
906,905,36
907,908,24
908,905,22
909,910,10
910,910,3
911,914,44
912,912,0
913,913,23
914,914,35
915,913,49
916,914,65
917,919,55
918,919,80
919,921,38
920,920,36
921,918,81
922,924,88
923,920,8
924,924,96
925,927,41
926,923,1
927,926,61
928,928,80
929,926,84
930,929,82
931,931,74
932,930,41
933,931,82
934,934,11
935,932,82
936,937,3
937,938,67
938,936,73
939,942,10
940,938,29
941,944,60
942,945,68
943,943,36
944,943,58
945,947,67
946,944,25
947,948,38
948,947,75
949,947,74
950,951,46
951,952,66
952,951,40
953,956,74
954,957,92
955,957,67
956,954,57
957,954,92
958,958,39
959,961,24
960,960,27
961,959,13
962,962,15
963,964,50
964,967,27
965,964,23
966,969,4
967,966,63
968,966,49
969,972,87
970,973,93
971,968,30
972,972,46
973,973,28
974,972,36
975,974,44
976,975,6
977,979,43
978,980,14
979,977,28
980,979,56
981,979,72
982,980,31
983,983,89
984,982,27
985,988,85
986,985,77
987,985,22
988,990,96
989,990,50
990,991,69
991,991,76
992,990,80
993,992,56
994,993,7
995,992,100
996,997,58
997,997,2
998,999,22
999,998,66
1000,1000,87
1001,1001,28
1002,1002,64
1003,1003,44
1004,1004,79
1005,1005,97
1006,1004,14
1007,1009,53
1008,1007,93
1009,1007,74
1010,1009,13
1011,1010,67
1012,1010,38
1013,1013,80
1014,1015,19
1015,1018,57
1016,1015,63
1017,1014,74
1018,1017,81
1019,1017,79
1020,1017,89
1021,1024,70
1022,1023,38
1023,1024,86
1024,1023,69
1025,1024,52
1026,1029,95
1027,1029,37
1028,1025,54
1029,1031,71
1030,1032,97
1031,1030,54
1032,1032,47
1033,1034,23
1034,1032,37
1035,1037,24
1036,1037,49
1037,1039,14
1038,1037,70
1039,1037,40
1040,1042,62
1041,1039,69
1042,1042,59
1043,1041,52
1044,1045,73
1045,1044,13
1046,1048,7
1047,1048,61
1048,1050,25
1049,1047,64
1050,1052,21
1051,1048,12
1052,1053,68
1053,1050,49
1054,1057,71
1055,1056,40
1056,1056,35
1057,1054,61
1058,1057,87
1059,1058,29
1060,1059,15
1061,1059,14
1062,1062,47
1063,1063,18
1064,1063,47
1065,1067,23
1066,1065,73
1067,1070,65
1068,1066,85
1069,1067,31
1070,1069,44
1071,1073,43
1072,1069,12
1073,1076,90
1074,1072,96
1075,1072,28
1076,1076,42
1077,1074,41
1078,1081,97
1079,1077,21
1080,1077,85
1081,1081,34
1082,1083,17
1083,1082,56
1084,1086,54
1085,1086,72
1086,1088,73
1087,1087,55
1088,1087,37
1089,1090,34
1090,1091,49
1091,1089,5
1092,1089,21
1093,1093,81
1094,1091,27
1095,1098,97
1096,1094,64
1097,1099,26
1098,1101,89
1099,1101,82
1100,1099,32
1101,1098,80
1102,1103,72
1103,1105,45
1104,1102,15
1105,1103,27
1106,1108,9
1107,1107,54
1108,1110,36
1109,1107,14
1110,1111,43
1111,1113,77
1112,1114,20
1113,1112,17
1114,1111,79
1115,1112,87
1116,1114,12
1117,1114,89
1118,1115,80
1119,1122,66
1120,1120,90
1121,1121,70
1122,1124,78
1123,1123,33
1124,1122,89
1125,1128,0
1126,1123,36
1127,1129,89
1128,1128,21
1129,1126,4
1130,1129,66
1131,1133,41
1132,1135,46
1133,1130,5
1134,1137,27
1135,1135,1
1136,1139,68
1137,1137,85
1138,1140,41
1139,1141,28
1140,1140,57
1141,1139,0
1142,1141,27
1143,1141,20
1144,1144,50
1145,1142,50
1146,1145,73
1147,1144,69
1148,1150,76
1149,1147,37
1150,1147,3
1151,1151,3
1152,1153,43
1153,1151,25
1154,1154,72
1155,1156,33
1156,1158,97
1157,1158,48
1158,1160,94
1159,1157,66
1160,1161,54
1161,1163,39
1162,1165,8
1163,1161,57
1164,1165,67
1165,1162,36
1166,1167,79
1167,1165,56
1168,1169,16
1169,1168,66
1170,1168,28
1171,1170,67
1172,1171,15
1173,1170,63
1174,1171,61
1175,1178,31
1176,1178,98
1177,1177,2
1178,1175,2
1179,1179,79
1180,1177,7
1181,1183,65
1182,1185,61
1183,1180,6
1184,1183,86
1185,1184,39
1186,1189,60
1187,1187,38
1188,1191,39
1189,1192,16
1190,1189,80
1191,1192,11
1192,1192,83
1193,1190,14
1194,1196,24
1195,1193,10
1196,1194,95
1197,1197,67
1198,1200,98
1199,1201,65
1200,1198,80
1201,1199,10
1202,1204,38
1203,1204,65
1204,1201,63
1205,1202,46
1206,1208,63
1207,1204,53
1208,1210,91
1209,1208,71
1210,1213,50
1211,1211,59
1212,1211,77
1213,1210,41
1214,1213,61
1215,1217,81
1216,1215,100
1217,1217,95
1218,1217,26
1219,1218,12
1220,1222,33
1221,1223,61
1222,1222,61
1223,1226,25
1224,1226,43
1225,1226,7
1226,1228,30
1227,1228,6
1228,1229,51
1229,1227,49
1230,1228,40
1231,1228,83
1232,1230,64
1233,1233,32
1234,1234,53
1235,1236,73
1236,1235,48
1237,1237,5
1238,1237,93
1239,1242,96
1240,1240,46
1241,1243,50
1242,1241,67
1243,1241,17
1244,1242,25
1245,1248,77
1246,1243,82
1247,1247,93
1248,1251,13
1249,1250,98
1250,1250,61
1251,1251,48
1252,1253,64
1253,1254,55
1254,1255,25
1255,1255,50
1256,1253,82
1257,1258,91
1258,1256,2
1259,1257,72
1260,1262,91
1261,1258,17
1262,1262,99
1263,1264,14
1264,1261,13
1265,1266,27
1266,1265,70
1267,1270,16
1268,1268,55
1269,1267,20
1270,1268,88
1271,1274,80
1272,1272,63
1273,1272,80
1274,1274,65
1275,1272,32
1276,1277,2
1277,1278,43
1278,1277,70
1279,1279,27
1280,1277,36
1281,1279,10
1282,1280,49
1283,1281,28
1284,1287,42
1285,1283,94
1286,1283,42
1287,1288,38
1288,1291,27
1289,1292,69
1290,1288,71
1291,1293,50
1292,1289,64
1293,1295,38
1294,1297,30
1295,1293,96
1296,1295,74
1297,1294,32
1298,1297,26
1299,1298,19
1300,1299,27
1301,1299,80
1302,1303,100
1303,1300,58
1304,1304,32
1305,1302,68
1306,1306,33
1307,1308,36
1308,1311,67
1309,1307,57
1310,1308,39
1311,1310,85
1312,1309,13
1313,1313,98
1314,1314,91
1315,1314,83
1316,1319,75
1317,1315,32
1318,1320,15
1319,1320,73
1320,1317,3
1321,1319,40
1322,1321,76
1323,1321,28
1324,1323,6
1325,1322,99
1326,1325,77
1327,1328,8
1328,1328,42
1329,1330,37
1330,1327,62
1331,1331,99
1332,1334,56
1333,1336,21
1334,1334,0
1335,1332,100
1336,1334,47
1337,1340,61
1338,1337,48
1339,1342,66
1340,1338,58
1341,1341,60
1342,1341,89
1343,1342,93
1344,1341,69
1345,1344,61
1346,1347,63
1347,1348,57
1348,1345,60
1349,1346,91
1350,1349,23
1351,1349,68
1352,1349,84
1353,1356,22
1354,1352,94
1355,1358,33
1356,1355,10
1357,1356,69
1358,1355,28
1359,1362,42
1360,1357,78
1361,1358,48
1362,1360,13
1363,1365,96
1364,1365,57
1365,1364,95
1366,1366,1
1367,1367,86
1368,1368,83
1369,1370,94
1370,1367,13
1371,1374,11
1372,1374,10
1373,1371,13
1374,1373,10
1375,1377,42
1376,1373,26
1377,1374,91
1378,1378,4
1379,1376,65
1380,1382,27
1381,1380,90
1382,1382,95
1383,1384,38
1384,1387,41
1385,1387,1
1386,1389,24
1387,1389,68
1388,1390,1
1389,1387,96
1390,1391,55
1391,1389,89
1392,1395,44
1393,1393,66
1394,1395,52
1395,1397,60
1396,1394,79
1397,1399,38
1398,1401,80
1399,1398,9
1400,1398,97
1401,1399,69
1402,1401,56
1403,1406,49
1404,1402,66
1405,1407,68
1406,1405,37
1407,1406,44
1408,1411,96
1409,1412,21
1410,1409,47
1411,1408,23
1412,1412,93
1413,1412,76
1414,1414,51
1415,1416,55
1416,1419,27
1417,1414,80
1418,1417,0
1419,1420,93
1420,1419,56
1421,1418,83
1422,1424,58
1423,1424,84
1424,1427,77
1425,1424,79
1426,1426,68
1427,1428,95
1428,1428,99
1429,1432,94
1430,1428,100
1431,1430,11
1432,1435,88
1433,1430,62
1434,1437,56
1435,1435,91
1436,1434,25
1437,1440,33
1438,1440,17
1439,1440,73
1440,1439,0
1441,1439,25
1442,1444,30
1443,1443,86
1444,1445,15
1445,1444,47
1446,1448,24
1447,1450,66
1448,1450,12
1449,1446,41
1450,1450,38
1451,1451,76
1452,1449,81
1453,1452,100
1454,1453,22
1455,1457,58
1456,1457,72
1457,1457,39
1458,1461,66
1459,1459,43
1460,1458,8
1461,1459,70
1462,1459,46
1463,1464,9
1464,1463,0
1465,1463,4
1466,1466,20
1467,1466,12
1468,1466,46
1469,1470,30
1470,1470,90
1471,1472,81
1472,1473,7
1473,1470,96
1474,1475,29
1475,1477,40
1476,1474,73
1477,1476,71
1478,1476,44
1479,1482,100
1480,1483,44
1481,1482,48
1482,1480,58
1483,1483,85
1484,1486,51
1485,1482,59
1486,1486,2
1487,1489,89
1488,1491,79
1489,1486,34
1490,1490,39
1491,1490,15
1492,1489,23
1493,1496,12
1494,1494,95
1495,1492,50
1496,1498,54
1497,1500,31
1498,1500,9
1499,1502,55
1500,1497,33
1501,1500,23
1502,1502,85
1503,1502,52
1504,1506,2
1505,1503,89
1506,1507,45
1507,1508,29
1508,1510,49
1509,1508,88
1510,1509,36
1511,1512,20
1512,1510,46
1513,1515,0
1514,1512,83
1515,1513,62
1516,1515,24
1517,1515,72
1518,1521,60
1519,1522,67
1520,1521,56
1521,1519,96
1522,1525,51
1523,1526,32
1524,1524,97
1525,1526,50
1526,1523,26
1527,1527,83
1528,1525,26
1529,1532,96
1530,1532,73
1531,1530,45
1532,1531,38
1533,1536,89
1534,1536,82
1535,1535,82
1536,1537,99
1537,1537,19
1538,1540,44
1539,1540,9
1540,1539,41
1541,1542,97
1542,1545,35
1543,1545,24
1544,1542,93
1545,1547,50
1546,1548,27
1547,1549,92
1548,1546,66
1549,1547,47
1550,1553,75
1551,1550,57
1552,1550,83
1553,1556,15
1554,1556,14
1555,1556,73
1556,1553,84
1557,1558,52
1558,1561,4
1559,1562,79
1560,1561,74
1561,1560,39
1562,1563,45
1563,1561,95
1564,1565,16
1565,1564,22
1566,1569,60
1567,1570,96
1568,1570,49
1569,1568,67
1570,1568,20
1571,1573,75
1572,1575,100
1573,1576,61
1574,1571,24
1575,1578,45
1576,1573,72
1577,1579,62
1578,1581,7
1579,1580,53
1580,1580,14
1581,1582,50
1582,1581,52
1583,1586,38
1584,1583,81
1585,1586,51
1586,1589,9
1587,1587,24
1588,1585,87
1589,1588,56
1590,1593,93
1591,1588,33
1592,1593,8
1593,1596,30
1594,1595,69
1595,1594,35
1596,1599,81
1597,1600,31
1598,1599,86
1599,1601,41
1600,1603,52
1601,1598,9
1602,1603,0
1603,1601,25
1604,1605,28
1605,1607,13
1606,1604,45
1607,1605,68
1608,1611,11
1609,1607,50
1610,1611,58
1611,1608,13
1612,1615,41
1613,1611,48
1614,1617,53
1615,1618,28
1616,1613,5
1617,1614,90
1618,1615,71
1619,1621,38
1620,1622,25
1621,1619,56
1622,1620,11
1623,1625,44
1624,1621,62
1625,1626,84
1626,1624,18
1627,1625,28
1628,1630,62
1629,1628,51
1630,1632,7
1631,1634,29
1632,1633,38
1633,1636,86
1634,1633,8
1635,1637,22
1636,1634,80
1637,1638,3
1638,1638,14
1639,1642,100
1640,1638,13
1641,1644,22
1642,1645,17
1643,1644,40
1644,1646,27
1645,1646,99
1646,1646,3
1647,1646,11
1648,1648,31
1649,1650,58
1650,1648,15
1651,1651,73
1652,1654,94
1653,1654,20
1654,1652,84
1655,1656,34
1656,1653,16
1657,1657,52
1658,1655,77
1659,1659,14
1660,1663,30
1661,1662,53
1662,1665,95
1663,1661,11
1664,1661,60
1665,1662,22
1666,1664,41
1667,1670,77
1668,1671,42
1669,1669,89
1670,1670,37
1671,1668,13
1672,1675,45
1673,1674,73
1674,1671,2
1675,1674,40
1676,1673,8
1677,1675,33
1678,1675,3
1679,1682,36
1680,1682,90
1681,1682,60
1682,1684,0
1683,1686,53
1684,1686,49
1685,1682,32
1686,1685,19
1687,1690,70
1688,1687,26
1689,1691,94
1690,1687,41
1691,1694,74
1692,1691,69
1693,1695,80
1694,1694,19
1695,1695,32
1696,1693,88
1697,1698,27
1698,1698,85
1699,1700,11
1700,1700,39
1701,1698,78
1702,1705,93
1703,1704,70
1704,1707,40
1705,1707,31
1706,1704,28
1707,1708,92
1708,1709,50
1709,1709,84
1710,1712,37
1711,1714,88
1712,1715,18
1713,1711,90
1714,1716,80
1715,1717,72
1716,1713,30
1717,1715,64
1718,1718,47
1719,1721,90
1720,1720,75
1721,1724,50
1722,1724,56
1723,1724,71
1724,1723,51
1725,1726,48
1726,1729,38
1727,1724,91
1728,1731,77
1729,1730,95
1730,1729,13
1731,1728,49
1732,1733,54
1733,1732,90
1734,1734,38
1735,1732,29
1736,1736,72
1737,1739,78
1738,1741,61
1739,1737,13
1740,1741,48
1741,1743,63
1742,1740,90
1743,1743,38
1744,1741,94
1745,1746,36
1746,1748,100
1747,1746,9
1748,1746,75
1749,1747,92
1750,1747,5
1751,1751,52
1752,1753,49
1753,1754,48
1754,1757,55
1755,1758,1
1756,1754,96
1757,1754,48
1758,1761,52
1759,1759,13
1760,1758,22
1761,1764,89
1762,1764,22
1763,1765,47
1764,1761,86
1765,1766,45
1766,1768,94
1767,1769,44
1768,1770,3
1769,1768,46
1770,1772,6
1771,1773,75
1772,1771,62
1773,1772,96
1774,1771,26
1775,1775,91
1776,1778,4
1777,1776,0
1778,1775,31
1779,1782,41
1780,1781,60
1781,1778,61
1782,1784,50
1783,1780,48
1784,1787,2
1785,1784,57
1786,1787,17
1787,1789,51
1788,1786,19
1789,1789,96
1790,1791,12
1791,1788,9
1792,1795,14
1793,1791,2
1794,1792,88
1795,1794,40
1796,1796,70
1797,1794,52
1798,1796,9
1799,1798,14
1800,1800,83
1801,1804,89
1802,1800,48
1803,1801,40
1804,1802,45
1805,1804,71
1806,1805,12
1807,1810,22
1808,1808,10
1809,1808,22
1810,1809,28
1811,1808,16
1812,1812,70
1813,1812,79
1814,1814,66
1815,1814,64
1816,1813,50
1817,1814,24
1818,1815,9
1819,1822,72
1820,1818,32
1821,1820,82
1822,1820,22
1823,1821,80
1824,1826,100
1825,1826,67
1826,1823,89
1827,1830,19
1828,1826,43
1829,1831,41
1830,1833,96
1831,1829,9
1832,1834,22
1833,1833,91
1834,1831,31
1835,1838,35
1836,1835,6
1837,1836,58
1838,1837,42
1839,1840,38
1840,1839,99
1841,1842,56
1842,1843,12
1843,1846,43
1844,1846,91
1845,1843,89
1846,1848,33
1847,1848,61
1848,1846,72
1849,1849,39
1850,1852,25
1851,1853,46
1852,1855,13
1853,1853,14
1854,1855,63
1855,1857,23
1856,1855,84
1857,1855,6
1858,1857,7
1859,1862,78
1860,1859,0
1861,1859,38
1862,1861,33
1863,1861,77
1864,1864,86
1865,1863,19
1866,1865,66
1867,1866,76
1868,1869,66
1869,1867,89
1870,1869,41
1871,1871,90
1872,1869,53
1873,1871,73
1874,1871,32
1875,1876,99
1876,1873,17
1877,1878,2
1878,1878,56
1879,1878,41
1880,1879,26
1881,1880,51
1882,1885,94
1883,1880,2
1884,1881,84
1885,1885,11
1886,1889,67
1887,1885,92
1888,1889,20
1889,1892,64
1890,1890,30
1891,1890,42
1892,1893,54
1893,1895,7
1894,1894,30
1895,1892,48
1896,1899,64
1897,1898,35
1898,1897,84
1899,1898,20
1900,1903,45
1901,1898,28
1902,1904,10
1903,1901,16
1904,1907,27
1905,1906,9
1906,1906,1
1907,1907,52
1908,1910,66
1909,1912,60
1910,1908,11
1911,1910,98
1912,1913,81
1913,1912,65
1914,1913,3
1915,1913,74
1916,1914,71
1917,1919,77
1918,1919,57
1919,1920,60
1920,1922,78
1921,1923,87
1922,1925,2
1923,1925,63
1924,1924,87
1925,1924,21
1926,1925,96
1927,1924,44
1928,1931,3
1929,1928,55
1930,1931,56
1931,1930,47
1932,1933,12
1933,1930,73
1934,1935,32
1935,1933,97
1936,1937,12
1937,1936,56
1938,1941,37
1939,1939,62
1940,1937,65
1941,1940,37
1942,1939,45
1943,1943,35
1944,1942,83
1945,1944,19
1946,1944,60
1947,1945,71
1948,1947,8
1949,1951,1
1950,1947,71
1951,1951,76
1952,1952,36
1953,1955,74
1954,1957,92
1955,1955,89
1956,1957,48
1957,1956,47
1958,1958,90
1959,1961,75
1960,1957,65
1961,1961,64
1962,1959,23
1963,1964,31
1964,1962,40
1965,1964,8
1966,1964,36
1967,1968,66
1968,1971,51
1969,1968,44
1970,1969,90
1971,1969,0
1972,1973,2
1973,1974,57
1974,1971,40
1975,1976,83
1976,1975,55
1977,1974,16
1978,1979,89
1979,1976,44
1980,1983,14
1981,1979,16
1982,1983,100
1983,1985,81
1984,1985,24
1985,1986,24
1986,1988,58
1987,1989,62
1988,1987,26
1989,1991,69
1990,1989,75
1991,1990,45
1992,1994,100
1993,1996,45
1994,1996,73
1995,1996,82
1996,1998,95
1997,1995,47
1998,2001,46
1999,1997,36
2000,2002,35
2001,2003,24
2002,2002,76
2003,2002,59
2004,2006,58
2005,2002,10
2006,2003,54
2007,2009,56
2008,2008,94
2009,2012,77
2010,2011,56
2011,2010,37
2012,2012,45
2013,2010,95
2014,2013,20
2015,2018,15
2016,2013,11
2017,2014,36
2018,2017,57
2019,2020,59
2020,2021,91
2021,2023,40
2022,2019,98
2023,2026,0
2024,2027,26
2025,2024,74
2026,2028,58
2027,2026,95
2028,2029,48
2029,2027,77
2030,2033,41
2031,2031,45
2032,2035,25
2033,2035,96
2034,2034,87
2035,2033,24
2036,2037,27
2037,2035,99
2038,2035,91
2039,2038,93
2040,2043,58
2041,2040,84
2042,2045,17
2043,2044,60
2044,2041,53
2045,2047,48
2046,2048,59
2047,2046,30
2048,2045,62
2049,2046,33
2050,2047,30
2051,2053,48
2052,2049,95
2053,2053,17
2054,2057,49
2055,2057,90
2056,2053,14
2057,2059,63
2058,2061,60
2059,2061,54
2060,2059,4
2061,2062,39
2062,2059,1
2063,2064,34
2064,2066,75
2065,2064,35
2066,2064,87
2067,2064,71
2068,2067,66
2069,2071,75
2070,2073,9
2071,2071,32
2072,2073,9
2073,2073,68
2074,2076,56
2075,2077,11
2076,2079,0
2077,2076,41
2078,2077,80
2079,2078,51
2080,2081,95
2081,2079,38
2082,2081,35
2083,2084,31
2084,2087,92
2085,2086,58
2086,2083,19
2087,2088,45
2088,2091,72
2089,2087,47
2090,2093,75
2091,2088,72
2092,2094,45
2093,2096,26
2094,2093,94
2095,2098,98
2096,2094,67
2097,2095,2
2098,2095,97
2099,2102,67
2100,2103,93
2101,2103,71
2102,2103,50
2103,2104,77
2104,2101,76
2105,2102,88
2106,2104,71
2107,2108,63
2108,2111,53
2109,2111,76
2110,2109,46
2111,2109,93
2112,2114,73
2113,2113,9
2114,2116,52
2115,2115,25
2116,2119,27
2117,2117,60
2118,2116,97
2119,2116,47
2120,2122,47
2121,2124,5
2122,2125,7
2123,2122,40
2124,2121,26
2125,2126,93
2126,2126,24
2127,2126,74
2128,2127,70
2129,2128,44
2130,2130,55
2131,2133,65
2132,2134,76
2133,2133,23
2134,2134,33
2135,2138,95
2136,2137,50
2137,2137,89
2138,2139,37
2139,2136,9
2140,2140,69
2141,2142,12
2142,2139,14
2143,2146,47
2144,2144,32
2145,2148,75
2146,2145,27
2147,2148,12
2148,2148,74
2149,2149,69
2150,2152,100
2151,2154,64
2152,2155,78
2153,2152,91
2154,2157,63
2155,2158,73
2156,2153,1
2157,2155,30
2158,2160,54
2159,2158,80
2160,2162,57
2161,2163,74
2162,2160,40
2163,2164,36
2164,2166,47
2165,2163,21
2166,2165,0
2167,2168,52
2168,2171,11
2169,2172,9
2170,2171,23
2171,2171,93
2172,2175,41
2173,2171,90
2174,2177,50
2175,2178,4
2176,2173,33
2177,2179,89
2178,2181,31
2179,2181,88
2180,2183,78
2181,2184,5
2182,2183,42
2183,2186,73
2184,2185,13
2185,2182,36
2186,2187,95
2187,2186,27
2188,2188,87
2189,2186,60
2190,2189,65
2191,2194,9
2192,2195,25
2193,2190,20
2194,2192,68
2195,2196,67
2196,2196,9
2197,2199,82
2198,2195,3
2199,2199,56
2200,2197,35
2201,2201,28
2202,2200,81
2203,2202,85
2204,2207,56
2205,2207,41
2206,2206,93
2207,2206,65
2208,2211,81
2209,2208,52
2210,2212,50
2211,2208,51
2212,2212,72
2213,2210,71
2214,2213,16
2215,2212,34
2216,2219,96
2217,2215,23
2218,2215,33
2219,2221,17
2220,2222,61
2221,2219,66
2222,2223,80
2223,2224,34
2224,2221,68
2225,2227,80
2226,2224,36
2227,2228,22
2228,2231,64
2229,2226,76
2230,2229,62
2231,2232,25
2232,2232,65
2233,2230,60
2234,2236,25
2235,2234,58
2236,2233,57
2237,2237,37
2238,2241,43
2239,2239,67
2240,2238,93
2241,2240,14
2242,2240,10
2243,2245,11
2244,2245,8
2245,2243,64
2246,2247,55
2247,2244,27
2248,2246,79
2249,2251,22
2250,2253,72
2251,2249,39
2252,2249,22
2253,2252,38
2254,2252,57
2255,2254,6
2256,2253,24
2257,2259,78
2258,2257,72
2259,2259,43
2260,2261,100
2261,2262,38
2262,2262,65
2263,2260,70
2264,2266,3
2265,2264,85
2266,2263,51
2267,2267,10
2268,2266,21
2269,2271,18
2270,2268,46
2271,2270,10
2272,2273,13
2273,2271,58
2274,2272,75
2275,2275,13
2276,2279,5
2277,2276,25
2278,2281,96
2279,2279,76
2280,2282,75
2281,2280,72
2282,2283,94
2283,2280,88
2284,2282,34
2285,2287,83
2286,2288,91
2287,2287,59
2288,2291,22
2289,2288,70
2290,2288,72
2291,2289,77
2292,2292,23
2293,2293,85
2294,2296,14
2295,2296,68
2296,2297,57
2297,2296,89
2298,2296,96
2299,2297,29
2300,2300,64
2301,2299,5
2302,2303,23
2303,2301,51
2304,2303,42
2305,2304,37
2306,2304,3
2307,2306,25
2308,2307,88
2309,2310,46
2310,2311,96
2311,2312,54
2312,2312,69
2313,2315,40
2314,2316,29
2315,2317,57
2316,2316,82
2317,2315,45
2318,2321,89
2319,2321,19
2320,2319,6
2321,2323,38
2322,2319,32
2323,2326,59
2324,2321,14
2325,2327,100
2326,2324,18
2327,2329,78
2328,2327,24
2329,2332,27
2330,2332,3
2331,2333,35
2332,2331,75
2333,2331,2
2334,2334,19
2335,2332,83
2336,2335,42
2337,2336,22
2338,2340,56
2339,2338,64
2340,2339,87
2341,2343,28
2342,2344,23
2343,2342,15
2344,2342,63
2345,2344,90
2346,2347,85
2347,2349,82
2348,2347,85
2349,2352,55
2350,2350,83
2351,2353,48
2352,2354,46
2353,2352,21
2354,2351,48
2355,2355,91
2356,2359,96
2357,2356,49
2358,2359,87
2359,2356,21
2360,2361,57
2361,2363,98
2362,2364,70
2363,2360,9
2364,2362,97
2365,2364,28
2366,2364,37
2367,2370,18
2368,2367,23
2369,2372,76
2370,2369,80
2371,2370,99
2372,2371,8
2373,2372,21
2374,2374,89
2375,2378,40
2376,2378,71
2377,2380,72
2378,2377,4
2379,2379,53
2380,2383,71
2381,2382,58
2382,2381,93
2383,2380,22
2384,2381,95
2385,2385,20
2386,2387,62
2387,2389,51
2388,2391,96
2389,2388,15
2390,2388,15
2391,2392,90
2392,2390,76
2393,2392,10
2394,2396,50
2395,2395,92
2396,2395,19
2397,2400,95
2398,2399,24
2399,2396,76
2400,2401,37
2401,2401,68
2402,2399,62
2403,2404,33
2404,2407,7
2405,2408,68
2406,2404,18
2407,2404,54
2408,2409,4
2409,2410,88
2410,2412,37
2411,2410,83
2412,2411,17
2413,2415,40
2414,2416,2
2415,2413,17
2416,2414,63
2417,2418,55
2418,2415,69
2419,2422,84
2420,2418,45
2421,2422,88
2422,2423,58
2423,2420,95
2424,2424,88
2425,2428,12
2426,2426,81
2427,2429,31
2428,2426,34
2429,2431,85
2430,2428,71
2431,2428,1
2432,2430,45
2433,2430,0
2434,2433,56
2435,2432,22
2436,2434,31
2437,2436,18
2438,2438,36
2439,2440,64
2440,2438,17
2441,2442,71
2442,2440,89
2443,2445,7
2444,2447,13
2445,2445,84
2446,2448,30
2447,2448,8
2448,2448,19
2449,2451,29
2450,2453,57
2451,2449,97
2452,2449,68
2453,2456,38
2454,2454,5
2455,2452,72
2456,2453,5
2457,2460,85
2458,2460,31
2459,2458,3
2460,2462,33
2461,2464,0
2462,2463,95
2463,2460,63
2464,2467,56
2465,2466,76
2466,2463,31
2467,2469,87
2468,2468,85
2469,2466,100
2470,2468,88
2471,2471,82
2472,2469,60
2473,2474,6
2474,2472,94
2475,2474,34
2476,2474,86
2477,2476,60
2478,2477,75
2479,2478,87
2480,2482,57
2481,2482,96
2482,2484,69
2483,2486,3
2484,2484,60
2485,2485,75
2486,2486,64
2487,2488,72
2488,2491,63
2489,2488,9
2490,2492,47
2491,2492,16
2492,2492,24
2493,2491,60
2494,2496,99
2495,2494,72
2496,2495,56
2497,2498,46
2498,2498,54
2499,2496,3
2500,2497,24
2501,2500,70
2502,2504,77
2503,2503,19
2504,2501,68
2505,2503,20
2506,2504,81
2507,2510,15
2508,2506,36
2509,2510,23
2510,2513,2
2511,2514,62
2512,2514,66
2513,2516,31
2514,2516,14
2515,2516,6
2516,2517,31
2517,2518,30
2518,2516,22
2519,2521,75
2520,2523,83
2521,2520,65
2522,2521,1
2523,2524,91
2524,2526,11
2525,2522,39
2526,2524,53
2527,2530,64
2528,2530,37
2529,2527,33
2530,2531,91
2531,2531,91
2532,2531,50
2533,2535,56
2534,2531,81
2535,2533,54
2536,2539,3
2537,2535,9
2538,2536,61
2539,2537,86
2540,2537,64
2541,2538,69
2542,2542,60
2543,2540,47
2544,2546,63
2545,2542,55
2546,2543,92
2547,2545,53
2548,2545,22
2549,2552,52
2550,2553,45
2551,2553,88
2552,2550,10
2553,2553,51
2554,2557,10
2555,2554,77
2556,2557,44
2557,2555,68
2558,2561,42
2559,2558,63
2560,2559,54
2561,2564,11
2562,2564,0
2563,2561,54
2564,2562,56
2565,2565,14
2566,2568,50
2567,2565,98
2568,2567,71
2569,2572,9
2570,2570,46
2571,2571,38
2572,2569,38
2573,2576,68
2574,2573,99
2575,2577,86
2576,2575,34
2577,2577,43
2578,2575,57
2579,2577,57
2580,2577,12
2581,2581,44
2582,2580,64
2583,2582,0
2584,2587,34
2585,2587,27
2586,2586,3
2587,2586,97
2588,2588,33
2589,2592,12
2590,2592,96
2591,2592,28
2592,2591,69
2593,2592,3
2594,2595,15
2595,2594,87
2596,2594,47
2597,2594,36
2598,2600,23
2599,2597,82
2600,2598,3
2601,2603,75
2602,2602,88
2603,2605,5
2604,2605,85
2605,2602,42
2606,2607,81
2607,2609,14
2608,2605,4
2609,2608,34
2610,2612,92
2611,2613,61
2612,2612,11
2613,2616,26
2614,2616,83
2615,2614,60
2616,2616,23
2617,2620,38
2618,2618,87
2619,2620,92
2620,2618,18
2621,2621,58
2622,2624,66
2623,2620,72
2624,2627,88
2625,2628,34
2626,2629,60
2627,2627,59
2628,2625,17
2629,2632,96
2630,2631,71
2631,2631,58
2632,2631,58
2633,2634,47
2634,2633,34
2635,2636,29
2636,2635,25
2637,2635,26
2638,2640,60
2639,2636,89
2640,2639,71
2641,2642,23
2642,2641,6
2643,2641,4
2644,2641,11
2645,2645,44
2646,2647,100
2647,2649,45
2648,2649,30
2649,2648,36
2650,2650,48
2651,2653,18
2652,2655,21
2653,2654,100
2654,2656,76
2655,2654,85
2656,2653,82
2657,2655,55
2658,2659,36
2659,2656,91
2660,2662,60
2661,2661,39
2662,2659,50
2663,2664,55
2664,2665,89
2665,2666,21
2666,2663,58
2667,2665,61
2668,2669,62
2669,2668,84
2670,2667,24
2671,2674,70
2672,2671,15
2673,2676,46
2674,2677,23
2675,2677,54
2676,2679,31
2677,2674,72
2678,2679,32
2679,2677,67
2680,2678,33
2681,2681,46
2682,2679,0
2683,2681,2
2684,2686,50
2685,2688,31
2686,2684,78
2687,2690,5
2688,2689,27
2689,2690,92
2690,2688,55
2691,2689,55
2692,2695,70
2693,2692,9
2694,2691,14
2695,2693,92
2696,2695,31
2697,2694,72
2698,2699,16
2699,2696,54
2700,2701,99
2701,2699,29
2702,2701,53
2703,2700,0
2704,2707,8
2705,2708,30
2706,2703,9
2707,2707,71
2708,2710,19
2709,2712,35
2710,2707,53
2711,2711,3
2712,2711,10
2713,2714,60
2714,2711,77
2715,2716,74
2716,2719,13
2717,2716,92
2718,2715,41
2719,2722,86
2720,2722,14
2721,2723,44
2722,2720,26
2723,2726,37
2724,2723,26
2725,2727,53
2726,2725,100
2727,2726,41
2728,2729,60
2729,2732,77
2730,2732,31
2731,2728,19
2732,2732,89
2733,2735,10
2734,2736,27
2735,2734,84
2736,2738,4
2737,2739,99
2738,2736,26
2739,2736,30
2740,2743,90
2741,2744,34
2742,2744,94
2743,2740,74
2744,2742,80
2745,2743,45
2746,2746,85
2747,2744,48
2748,2748,49
2749,2748,83
2750,2752,37
2751,2748,59
2752,2751,96
2753,2755,45
2754,2757,1
2755,2758,19
2756,2756,100
2757,2754,95
2758,2759,64
2759,2756,86
2760,2763,86
2761,2764,15
2762,2761,49
2763,2762,63
2764,2766,27
2765,2768,80
2766,2769,9
2767,2764,2
2768,2766,3
2769,2770,85
2770,2773,37
2771,2774,19
2772,2775,10
2773,2773,74
2774,2771,39
2775,2776,90
2776,2776,72
2777,2777,63
2778,2779,40
2779,2780,5
2780,2783,57
2781,2782,38
2782,2780,3
2783,2784,4
2784,2781,36
2785,2788,53
2786,2784,23
2787,2786,75
2788,2791,43
2789,2788,96
2790,2793,20
2791,2790,70
2792,2792,45
2793,2795,15
2794,2795,62
2795,2797,18
2796,2795,85
2797,2798,75
2798,2795,44
2799,2799,27
2800,2802,37
2801,2801,29
2802,2802,21
2803,2800,36
2804,2805,59
2805,2803,90
2806,2808,84
2807,2804,49
2808,2810,6
2809,2807,52
2810,2807,58
2811,2814,9
2812,2809,10
2813,2812,24
2814,2811,38
2815,2814,48
2816,2816,53
2817,2818,12
2818,2815,5
2819,2822,24
2820,2820,92
2821,2823,36
2822,2820,86
2823,2823,37
2824,2825,18
2825,2822,31
2826,2825,22
2827,2824,3
2828,2826,1
2829,2832,20
2830,2829,78
2831,2831,29
2832,2831,73
2833,2836,43
2834,2837,72
2835,2832,45
2836,2835,23
2837,2834,61
2838,2838,98
2839,2842,91
2840,2840,90
2841,2841,66
2842,2839,39
2843,2843,41
2844,2845,9
2845,2848,16
2846,2846,87
2847,2850,7
2848,2847,2
2849,2849,96
2850,2849,47
2851,2852,44
2852,2851,68
2853,2853,9
2854,2854,33
2855,2857,35
2856,2854,99
2857,2854,97
2858,2857,65
2859,2860,40
2860,2862,69
2861,2859,38
2862,2860,17
2863,2865,48
2864,2867,67
2865,2866,77
2866,2863,32
2867,2864,88
2868,2870,87
2869,2869,98
2870,2869,48
2871,2870,88
2872,2871,51
2873,2873,78
2874,2875,53
2875,2875,43
2876,2876,28
2877,2874,84
2878,2878,23
2879,2880,98
2880,2880,82
2881,2882,29
2882,2885,17
2883,2884,27
2884,2882,63
2885,2882,11
2886,2886,96
2887,2887,73
2888,2885,64
2889,2888,83
2890,2891,29
2891,2891,85
2892,2890,89
2893,2893,35
2894,2893,20
2895,2894,18
2896,2893,96
2897,2898,35
2898,2897,84
2899,2896,29
2900,2899,36
2901,2900,99
2902,2902,30
2903,2900,24
2904,2904,35
2905,2904,14
2906,2904,74
2907,2909,61
2908,2908,9
2909,2911,48
2910,2910,60
2911,2913,79
2912,2910,18
2913,2916,25
2914,2915,69
2915,2914,28
2916,2919,47
2917,2916,18
2918,2920,5
2919,2918,78
2920,2922,35
2921,2919,20
2922,2919,1
2923,2926,35
2924,2927,41
2925,2924,100
2926,2924,28
2927,2930,79
2928,2925,81
2929,2928,40
2930,2930,54
2931,2934,37
2932,2930,12
2933,2932,4
2934,2935,2
2935,2934,38
2936,2933,56
2937,2937,37
2938,2940,46
2939,2940,70
2940,2943,28
2941,2943,92
2942,2945,52
2943,2945,30
2944,2945,97
2945,2945,29
2946,2947,80
2947,2945,73
2948,2947,90
2949,2950,79
2950,2950,39
2951,2951,95
2952,2949,27
2953,2954,42
2954,2951,61
2955,2958,44
2956,2957,71
2957,2956,99
2958,2956,29
2959,2960,36
2960,2957,46
2961,2958,60
2962,2961,25
2963,2962,16
2964,2961,28
2965,2966,98
2966,2966,30
2967,2966,8
2968,2968,47
2969,2969,89
2970,2970,87
2971,2969,69
2972,2971,2
2973,2972,72
2974,2972,72
2975,2976,10
2976,2974,43
2977,2975,30
2978,2979,0
2979,2979,25
2980,2981,97
2981,2978,2
2982,2983,65
2983,2982,27
2984,2981,93
2985,2985,4
2986,2983,16
2987,2988,99
2988,2987,39
2989,2992,20
2990,2993,48
2991,2994,45
2992,2989,40
2993,2995,93
2994,2995,95
2995,2994,26
2996,2994,24
2997,2997,70
2998,2998,52
2999,3001,51
3000,2998,8
3001,2999,88
3002,3004,56
3003,3000,50
3004,3002,61
3005,3004,17
3006,3003,28
3007,3008,52
3008,3005,24
3009,3008,5
3010,3012,78
3011,3013,42
3012,3014,86
3013,3011,29
3014,3011,93
3015,3012,33
3016,3017,62
3017,3020,41
3018,3018,78
3019,3021,59
3020,3023,65
3021,3021,61
3022,3021,45
3023,3026,30
3024,3022,12
3025,3025,72
3026,3024,81
3027,3030,59
3028,3028,34
3029,3031,53
3030,3032,10
3031,3030,95
3032,3031,13
3033,3031,34
3034,3032,61
3035,3034,40
3036,3033,69
3037,3035,86
3038,3040,19
3039,3036,49
3040,3037,19
3041,3038,47
3042,3039,32
3043,3044,84
3044,3042,78
3045,3048,86
3046,3049,64
3047,3044,39
3048,3047,99
3049,3050,88
3050,3053,23
3051,3049,100
3052,3052,4
3053,3053,86
3054,3055,79
3055,3057,44
3056,3058,84
3057,3055,52
3058,3061,14
3059,3060,48
3060,3057,39
3061,3060,28
3062,3064,42
3063,3064,43
3064,3061,18
3065,3066,94
3066,3063,44
3067,3064,59
3068,3068,90
3069,3071,22
3070,3073,41
3071,3071,37
3072,3073,17
3073,3070,22
3074,3077,1
3075,3072,41
3076,3075,23
3077,3076,96
3078,3078,82
3079,3079,31
3080,3083,7
3081,3080,60
3082,3085,97
3083,3085,19
3084,3087,81
3085,3082,50
3086,3084,100
3087,3084,74
3088,3088,45
3089,3089,67
3090,3093,3
3091,3094,71
3092,3094,74
3093,3095,31
3094,3096,56
3095,3095,31
3096,3093,83
3097,3094,1
3098,3101,24
3099,3097,42
3100,3099,29
3101,3100,82
3102,3103,46
3103,3104,47
3104,3105,54
3105,3108,22
3106,3107,33
3107,3109,83
3108,3110,87
3109,3107,92
3110,3107,54
3111,3108,9
3112,3109,87
3113,3111,37
3114,3112,73
3115,3116,28
3116,3115,11
3117,3117,2
3118,3115,1
3119,3118,17
3120,3122,43
3121,3119,29
3122,3123,80
3123,3122,16
3124,3122,17
3125,3127,98
3126,3127,35
3127,3126,80
3128,3129,36
3129,3131,89
3130,3132,1
3131,3129,34
3132,3130,42
3133,3132,0
3134,3136,91
3135,3133,13
3136,3134,54
3137,3139,58
3138,3138,4
3139,3140,54
3140,3138,45
3141,3138,97
3142,3140,38
3143,3143,99
3144,3143,38
3145,3148,97
3146,3147,32
3147,3148,70
3148,3147,66
3149,3151,77
3150,3151,63
3151,3154,91
3152,3151,10
3153,3150,17
3154,3157,100
3155,3156,41
3156,3159,82
3157,3159,98
3158,3156,46
3159,3162,78
3160,3157,52
3161,3159,21
3162,3160,12
3163,3162,29
3164,3166,40
3165,3164,42
3166,3164,79
3167,3170,25
3168,3169,92
3169,3171,1
3170,3171,89
3171,3168,68
3172,3173,99
3173,3172,68
3174,3176,95
3175,3176,48
3176,3179,11
3177,3177,27
3178,3181,12
3179,3180,7
3180,3181,32
3181,3183,91
3182,3183,22
3183,3183,0
3184,3184,88
3185,3187,13
3186,3189,43
3187,3188,69
3188,3185,17
3189,3186,49
3190,3193,84
3191,3192,7
3192,3192,26
3193,3191,61
3194,3192,61
3195,3197,59
3196,3193,61
3197,3195,99
3198,3195,49
3199,3202,19
3200,3202,55
3201,3200,54
3202,3199,32
3203,3202,26
3204,3204,4
3205,3204,3
3206,3208,22
3207,3210,58
3208,3208,85
3209,3212,49
3210,3209,37
3211,3210,39
3212,3215,80
3213,3210,9
3214,3217,52
3215,3215,82
3216,3216,11
3217,3220,68
3218,3217,48
3219,3222,16
3220,3223,52
3221,3221,49
3222,3220,1
3223,3223,8
3224,3227,50
3225,3222,59
3226,3228,99
3227,3226,36
3228,3226,96
3229,3226,74
3230,3230,79
3231,3228,99
3232,3232,62
3233,3232,3
3234,3232,63
3235,3237,28
3236,3237,58
3237,3235,38
3238,3236,20
3239,3241,63
3240,3239,64
3241,3242,74
3242,3244,72
3243,3241,36
3244,3246,48
3245,3248,49
3246,3248,98
3247,3249,0
3248,3247,72
3249,3247,91
3250,3250,20
3251,3248,58
3252,3252,7
3253,3256,28
3254,3255,53
3255,3252,91
3256,3257,12
3257,3258,69
3258,3261,65
3259,3258,33
3260,3262,14
3261,3261,99
3262,3264,29
3263,3261,40
3264,3265,7
3265,3264,45
3266,3267,81
3267,3264,42
3268,3266,98
3269,3266,55
3270,3272,30
3271,3273,24
3272,3271,77
3273,3271,7
3274,3276,24
3275,3272,18
3276,3277,39
3277,3275,13
3278,3280,72
3279,3278,39
3280,3282,71
3281,3280,69
3282,3280,55
3283,3282,7
3284,3284,53
3285,3288,65
3286,3289,72
3287,3286,1
3288,3286,4
3289,3289,16
3290,3290,56
3291,3289,71
3292,3291,96
3293,3294,10
3294,3295,80
3295,3292,0
3296,3297,69
3297,3296,70
3298,3298,51
3299,3298,70
3300,3303,29
3301,3303,86
3302,3300,69
3303,3306,39
3304,3305,88
3305,3304,62
3306,3304,0
3307,3305,86
3308,3308,82
3309,3312,4
3310,3308,96
3311,3312,96
3312,3309,6
3313,3311,2
3314,3312,64
3315,3317,91
3316,3318,62
3317,3319,44
3318,3318,61
3319,3321,12
3320,3322,61
3321,3320,51
3322,3321,54
3323,3322,12
3324,3327,65
3325,3324,58
3326,3323,8
3327,3327,51
3328,3326,68
3329,3330,46
3330,3333,50
3331,3334,64
3332,3331,82
3333,3330,40
3334,3335,85
3335,3332,49
3336,3339,28
3337,3335,71
3338,3338,66
3339,3339,21
3340,3339,62
3341,3339,85
3342,3341,21
3343,3342,68
3344,3342,43
3345,3342,34
3346,3343,79
3347,3348,67
3348,3351,23
3349,3351,51
3350,3350,91
3351,3349,16
3352,3351,76
3353,3352,65
3354,3352,6
3355,3352,27
3356,3355,69
3357,3359,77
3358,3357,42
3359,3360,78
3360,3359,42
3361,3358,32
3362,3359,25
3363,3366,59
3364,3365,35
3365,3367,51
3366,3364,3
3367,3364,15
3368,3369,50
3369,3371,68
3370,3370,99
3371,3371,14
3372,3372,100
3373,3370,93
3374,3376,29
3375,3372,43
3376,3379,2
3377,3376,63
3378,3381,46
3379,3378,14
3380,3382,16
3381,3382,75
3382,3384,60
3383,3383,65
3384,3383,64
3385,3388,32
3386,3388,68
3387,3386,81
3388,3386,26
3389,3390,92
3390,3389,36
3391,3392,16
3392,3393,28
3393,3391,98
3394,3397,27
3395,3395,11
3396,3399,54
3397,3400,53
3398,3400,62
3399,3401,92
3400,3398,66
3401,3400,73
3402,3401,28
3403,3401,66
3404,3404,92
3405,3406,72
3406,3405,90
3407,3405,100
3408,3410,99
3409,3406,37
3410,3413,30
3411,3412,27
3412,3410,28
3413,3410,31
3414,3417,2
3415,3412,96
3416,3417,88
3417,3420,25
3418,3421,93
3419,3419,32
3420,3422,75
3421,3420,33
3422,3423,20
3423,3421,52
3424,3426,50
3425,3426,83
3426,3425,84
3427,3427,46
3428,3427,47
3429,3432,40
3430,3428,79
3431,3434,28
3432,3429,14
3433,3431,56
3434,3431,61
3435,3434,20
3436,3435,4
3437,3436,84
3438,3439,20
3439,3438,73
3440,3441,87
3441,3442,43
3442,3439,75
3443,3442,75
3444,3447,89
3445,3443,100
3446,3449,42
3447,3444,43
3448,3448,37
3449,3449,83
3450,3449,0
3451,3448,65
3452,3452,79
3453,3450,64
3454,3455,82
3455,3456,9
3456,3454,11
3457,3456,38
3458,3456,67
3459,3462,53
3460,3458,64
3461,3463,1
3462,3460,70
3463,3461,56
3464,3467,41
3465,3463,26
3466,3466,33
3467,3464,38
3468,3468,14
3469,3471,39
3470,3473,99
3471,3474,2
3472,3473,72
3473,3470,6
3474,3473,60
3475,3476,61
3476,3476,3
3477,3479,43
3478,3481,9
3479,3478,98
3480,3477,99
3481,3478,33
3482,3484,14
3483,3483,98
3484,3481,19
3485,3484,84
3486,3488,1
3487,3487,4
3488,3487,55
3489,3489,44
3490,3492,55
3491,3494,26
3492,3491,67
3493,3493,63
3494,3493,45
3495,3497,57
3496,3494,75
3497,3495,24
3498,3495,94
3499,3499,24
3500,3501,30
3501,3504,42
3502,3500,86
3503,3506,71
3504,3506,13
3505,3508,52
3506,3504,65
3507,3510,85
3508,3505,56
3509,3512,0
3510,3510,17
3511,3514,5
3512,3515,44
3513,3515,86
3514,3517,13
3515,3512,66
3516,3514,18
3517,3520,98
3518,3516,47
3519,3522,69
3520,3520,16
3521,3522,49
3522,3521,62
3523,3524,4
3524,3527,13
3525,3527,14
3526,3526,93
3527,3525,60
3528,3526,92
3529,3530,67
3530,3528,18
3531,3531,40
3532,3532,81
3533,3534,20
3534,3534,75
3535,3532,41
3536,3537,77
3537,3540,93
3538,3536,18
3539,3542,13
3540,3542,90
3541,3540,52
3542,3545,12
3543,3541,16
3544,3545,85
3545,3546,3
3546,3545,36
3547,3549,40
3548,3547,42
3549,3552,76
3550,3547,25
3551,3549,6
3552,3552,93
3553,3554,72
3554,3555,98
3555,3556,35
3556,3558,11
3557,3554,58
3558,3559,4
3559,3556,90
3560,3560,85
3561,3561,84
3562,3565,13
3563,3564,56
3564,3564,9
3565,3568,90
3566,3569,79
3567,3565,24
3568,3568,31
3569,3568,95
3570,3569,62
3571,3570,20
3572,3571,81
3573,3571,15
3574,3575,3
3575,3575,5
3576,3579,46
3577,3578,48
3578,3581,85
3579,3581,5
3580,3581,15
3581,3579,16
3582,3585,86
3583,3585,63
3584,3587,59
3585,3582,36
3586,3586,42
3587,3585,36
3588,3591,46
3589,3592,44
3590,3593,13
3591,3590,72
3592,3589,25
3593,3595,44
3594,3592,83
3595,3594,91
3596,3595,25
3597,3600,74
3598,3598,15
3599,3598,6
3600,3599,34
3601,3598,56
3602,3599,86
3603,3603,69
3604,3603,80
3605,3605,88
3606,3608,40
3607,3607,39
3608,3607,55
3609,3612,48
3610,3609,98
3611,3613,18
3612,3612,39
3613,3612,29
3614,3616,20
3615,3613,50
3616,3618,14
3617,3619,81
3618,3617,55
3619,3618,10
3620,3618,15
3621,3621,21
3622,3619,15
3623,3626,65
3624,3624,61
3625,3622,29
3626,3627,39
3627,3627,66
3628,3626,13
3629,3628,39
3630,3632,30
3631,3630,77
3632,3632,32
3633,3630,97
3634,3633,30
3635,3633,54
3636,3635,57
3637,3636,35
3638,3638,20
3639,3636,69
3640,3639,92
3641,3644,82
3642,3643,56
3643,3645,31
3644,3644,92
3645,3647,41
3646,3649,16
3647,3649,20
3648,3651,67
3649,3650,85
3650,3649,83
3651,3654,97
3652,3651,30
3653,3654,21
3654,3651,41
3655,3653,80
3656,3654,25
3657,3660,21
3658,3657,5
3659,3657,66
3660,3661,8
3661,3658,23
3662,3662,24
3663,3665,40
3664,3664,1
3665,3666,4
3666,3669,83
3667,3664,57
3668,3668,62
3669,3668,45
3670,3672,48
3671,3671,18
3672,3670,68
3673,3670,68
3674,3671,6
3675,3673,49
3676,3678,22
3677,3679,12
3678,3677,3
3679,3682,77
3680,3678,9
3681,3682,86
3682,3684,70
3683,3681,38
3684,3681,63
3685,3683,33
3686,3689,5
3687,3687,32
3688,3686,82
3689,3692,9
3690,3689,33
3691,3691,59
3692,3691,12
3693,3696,13
3694,3697,84
3695,3696,38
3696,3694,54
3697,3697,96
3698,3697,6
3699,3701,22
3700,3700,75
3701,3701,13
3702,3704,19
3703,3702,19
3704,3701,5
3705,3705,72
3706,3704,34
3707,3707,4
3708,3706,28
3709,3710,38
3710,3713,26
3711,3714,92
3712,3714,17
3713,3713,76
3714,3713,94
3715,3713,84
3716,3713,90
3717,3719,94
3718,3718,40
3719,3717,60
3720,3723,97
3721,3723,89
3722,3725,87
3723,3723,43
3724,3722,0
3725,3728,80
3726,3725,40
3727,3724,87
3728,3726,39
3729,3726,52
3730,3728,91
3731,3734,19
3732,3733,32
3733,3736,62
3734,3737,65
3735,3735,17
3736,3733,72
3737,3739,7
3738,3740,56
3739,3740,13
3740,3741,68
3741,3742,99
3742,3740,4
3743,3742,63
3744,3745,51
3745,3748,85
3746,3747,86
3747,3745,7
3748,3745,45
3749,3748,59
3750,3752,20
3751,3751,32
3752,3751,8
3753,3752,27
3754,3755,68
3755,3758,46
3756,3753,61
3757,3757,38
3758,3755,74
3759,3759,81
3760,3760,78
3761,3759,27
3762,3764,51
3763,3765,35
3764,3766,23
3765,3768,96
3766,3768,41
3767,3769,36
3768,3767,53
3769,3766,24
3770,3770,11
3771,3774,27
3772,3771,26
3773,3773,65
3774,3773,81
3775,3772,71
3776,3773,51
3777,3777,30
3778,3781,92
3779,3779,17
3780,3777,34
3781,3782,64
3782,3781,22
3783,3784,35
3784,3784,94
3785,3788,88
3786,3783,33
3787,3788,20
3788,3785,66
3789,3792,11
3790,3788,59
3791,3792,37
3792,3791,87
3793,3793,68
3794,3792,58
3795,3793,74
3796,3797,5
3797,3797,7
3798,3799,60
3799,3798,53
3800,3797,28
3801,3802,50
3802,3803,32
3803,3806,40
3804,3801,87
3805,3808,13
3806,3808,31
3807,3805,27
3808,3807,60
3809,3806,12
3810,3812,2
3811,3811,19
3812,3813,70
3813,3812,63
3814,3814,29
3815,3813,30
3816,3818,91
3817,3814,87
3818,3819,16
3819,3816,18
3820,3823,97
3821,3819,17
3822,3823,95
3823,3820,90
3824,3822,68
3825,3825,77
3826,3824,1
3827,3830,12
3828,3825,95
3829,3828,47
3830,3830,53
3831,3830,40
3832,3831,27
3833,3832,29
3834,3835,31
3835,3834,84
3836,3833,38
3837,3838,46
3838,3835,37
3839,3842,90
3840,3838,71
3841,3844,54
3842,3845,37
3843,3846,74
3844,3846,87
3845,3845,16
3846,3846,46
3847,3848,32
3848,3848,72
3849,3846,56
3850,3851,25
3851,3849,50
3852,3850,94
3853,3852,41
3854,3853,48
3855,3856,50
3856,3855,16
3857,3856,5
3858,3855,69
3859,3860,74
3860,3859,77
3861,3861,59
3862,3861,91
3863,3865,31
3864,3867,33
3865,3867,22
3866,3867,7
3867,3864,26
3868,3866,86
3869,3872,50
3870,3870,2
3871,3869,33
3872,3869,87
3873,3876,38
3874,3872,55
3875,3877,70
3876,3877,69
3877,3876,23
3878,3880,100
3879,3881,14
3880,3881,27
3881,3879,12
3882,3881,0
3883,3886,44
3884,3886,46
3885,3883,93
3886,3888,32
3887,3890,3
3888,3886,67
3889,3892,91
3890,3891,88
3891,3889,5
3892,3891,68
3893,3893,47
3894,3893,83
3895,3895,90
3896,3897,51
3897,3896,55
3898,3899,22
3899,3898,28
3900,3900,6
3901,3903,69
3902,3900,78
3903,3904,19
3904,3907,66
3905,3908,35
3906,3908,51
3907,3906,24
3908,3905,65
3909,3907,89
3910,3910,34
3911,3910,29
3912,3914,10
3913,3911,71
3914,3913,48
3915,3913,20
3916,3918,78
3917,3915,19
3918,3919,25
3919,3922,14
3920,3921,82
3921,3918,93
3922,3919,55
3923,3922,16
3924,3927,1
3925,3927,57
3926,3926,53
3927,3930,37
3928,3928,31
3929,3927,1
3930,3932,64
3931,3934,47
3932,3929,90
3933,3936,75
3934,3936,37
3935,3936,35
3936,3935,86
3937,3934,68
3938,3940,56
3939,3936,64
3940,3941,97
3941,3940,14
3942,3940,7
3943,3944,76
3944,3943,42
3945,3944,64
3946,3946,46
3947,3946,21
3948,3949,26
3949,3951,35
3950,3953,35
3951,3954,29
3952,3949,16
3953,3950,3
3954,3954,6
3955,3957,24
3956,3955,24
3957,3959,1
3958,3960,6
3959,3957,96
3960,3957,17
3961,3959,40
3962,3964,55
3963,3963,85
3964,3962,50
3965,3968,15
3966,3966,6
3967,3968,27
3968,3965,2
3969,3972,25
3970,3971,79
3971,3970,81
3972,3970,57
3973,3976,92
3974,3971,19
3975,3974,67
3976,3973,38
3977,3977,42
3978,3975,53
3979,3982,71
3980,3983,15
3981,3984,0
3982,3984,62
3983,3983,55
3984,3987,17
3985,3988,98
3986,3985,90
3987,3987,0
3988,3991,28
3989,3986,91
3990,3989,23
3991,3994,75
3992,3992,39
3993,3992,91
3994,3996,29
3995,3996,63
3996,3994,45
3997,3994,84
3998,3995,91
3999,4001,64
4000,4001,9
4001,4002,7
4002,4000,92
4003,4005,58
4004,4004,6
4005,4002,70
4006,4005,12
4007,4008,22
4008,4005,26
4009,4009,21
4010,4010,73
4011,4010,96
4012,4012,56
4013,4010,50
4014,4013,77
4015,4014,54
4016,4017,66
4017,4019,87
4018,4017,54
4019,4017,48
4020,4019,43
4021,4022,7
4022,4024,53
4023,4020,54
4024,4024,28
4025,4026,53
4026,4027,90
4027,4030,93
4028,4031,35
4029,4031,62
4030,4029,31
4031,4028,62
4032,4030,71
4033,4032,48
4034,4032,48
4035,4034,45
4036,4033,42
4037,4035,24
4038,4037,60
4039,4042,58
4040,4043,7
4041,4040,14
4042,4043,3
4043,4046,59
4044,4047,82
4045,4045,65
4046,4046,28
4047,4048,85
4048,4051,24
4049,4050,92
4050,4051,17
4051,4049,100
4052,4054,57
4053,4055,80
4054,4053,19
4055,4057,67
4056,4054,49
4057,4054,23
4058,4057,9
4059,4060,71
4060,4060,44
4061,4060,14
4062,4060,89
4063,4063,35
4064,4061,94
4065,4067,63
4066,4066,92
4067,4066,87
4068,4065,88
4069,4072,15
4070,4068,60
4071,4070,50
4072,4075,73
4073,4071,1
4074,4076,90
4075,4076,34
4076,4078,79
4077,4077,44
4078,4079,86
4079,4080,59
4080,4080,59
4081,4083,5
4082,4079,8
4083,4081,88
4084,4082,11
4085,4085,97
4086,4085,63
4087,4086,44
4088,4091,52
4089,4092,54
4090,4091,66
4091,4091,95
4092,4092,74
4093,4093,58
4094,4091,90
4095,4097,52
4096,4093,36
4097,4094,15
4098,4101,58
4099,4102,23
4100,4098,25
4101,4099,51
4102,4101,61
4103,4100,65
4104,4104,35
4105,4104,60
4106,4103,58
4107,4110,6
4108,4109,82
4109,4110,79
4110,4107,81
4111,4109,50
4112,4112,14
4113,4111,21
4114,4113,18
4115,4115,19
4116,4115,17
4117,4115,100
4118,4116,91
4119,4119,18
4120,4122,39
4121,4118,11
4122,4119,47
4123,4122,36
4124,4127,92
4125,4126,81
4126,4124,0
4127,4127,67
4128,4129,41
4129,4126,28
4130,4132,33
4131,4131,87
4132,4133,91
4133,4135,61
4134,4136,81
4135,4135,6
4136,4139,74
4137,4134,29
4138,4140,24
4139,4137,25
4140,4142,18
4141,4144,71
4142,4140,75
4143,4144,9
4144,4146,7
4145,4147,87
4146,4149,71
4147,4150,54
4148,4145,55
4149,4149,84
4150,4150,36
4151,4153,44
4152,4149,8
4153,4154,21
4154,4152,70
4155,4154,29
4156,4153,84
4157,4155,17
4158,4159,69
4159,4156,53
4160,4163,78
4161,4163,73
4162,4164,13
4163,4163,44
4164,4163,82
4165,4168,29
4166,4169,24
4167,4168,12
4168,4171,71
4169,4169,11
4170,4171,91
4171,4172,16
4172,4170,89
4173,4175,39
4174,4176,6
4175,4177,91
4176,4175,29
4177,4174,71
4178,4180,28
4179,4179,38
4180,4180,35
4181,4184,34
4182,4183,24
4183,4185,70
4184,4186,26
4185,4182,36
4186,4185,42
4187,4184,4
4188,4191,83
4189,4186,0
4190,4188,79
4191,4190,36
4192,4194,12
4193,4190,51
4194,4197,58
4195,4194,17
4196,4196,41
4197,4199,89
4198,4197,59
4199,4199,62
4200,4202,12
4201,4200,70
4202,4201,70
4203,4201,68
4204,4201,92
4205,4203,82
4206,4206,23
4207,4209,72
4208,4209,83
4209,4207,57
4210,4212,34
4211,4208,40
4212,4211,88
4213,4215,50
4214,4214,69
4215,4217,13
4216,4214,58
4217,4214,52
4218,4220,32
4219,4217,14
4220,4217,41
4221,4220,43
4222,4222,7
4223,4220,95
4224,4223,5
4225,4226,42
4226,4224,15
4227,4229,32
4228,4226,64
4229,4226,71
4230,4227,24
4231,4233,19
4232,4230,18
4233,4230,6
4234,4233,6
4235,4232,14
4236,4234,82
4237,4234,52
4238,4239,6
4239,4238,36
4240,4237,51
4241,4241,23
4242,4240,9
4243,4245,64
4244,4241,30
4245,4246,44
4246,4249,63
4247,4244,52
4248,4249,29
4249,4250,38
4250,4250,34
4251,4250,62
4252,4255,98
4253,4253,7
4254,4256,64
4255,4254,94
4256,4259,59
4257,4257,22
4258,4255,92
4259,4256,73
4260,4263,66
4261,4264,38
4262,4265,73
4263,4260,69
4264,4263,97
4265,4264,56
4266,4269,84
4267,4269,38
4268,4266,69
4269,4267,24
4270,4273,21
4271,4269,2
4272,4271,26
4273,4270,16
4274,4274,2
4275,4278,49
4276,4276,21
4277,4280,7
4278,4278,69
4279,4277,46
4280,4277,92
4281,4280,50
4282,4282,47
4283,4285,35
4284,4282,73
4285,4286,17
4286,4287,75
4287,4287,30
4288,4286,60
4289,4289,36
4290,4288,80
4291,4294,92
4292,4289,94
4293,4296,74
4294,4297,58
4295,4296,54
4296,4299,94
4297,4296,8
4298,4295,72
4299,4296,57
4300,4298,61
4301,4300,88
4302,4299,100
4303,4305,41
4304,4306,77
4305,4302,37
4306,4307,68
4307,4305,38
4308,4306,43
4309,4311,83
4310,4311,6
4311,4309,87
4312,4315,70
4313,4311,29
4314,4316,2
4315,4318,42
4316,4316,52
4317,4319,97
4318,4317,87
4319,4322,52
4320,4317,64
4321,4324,8
4322,4325,33
4323,4324,10
4324,4327,87
4325,4324,78
4326,4327,59
4327,4330,33
4328,4328,59
4329,4327,74
4330,4333,70
4331,4331,97
4332,4333,50
4333,4330,44
4334,4334,5
4335,4338,25
4336,4338,72
4337,4338,2
4338,4339,22
4339,4338,96
4340,4339,23
4341,4343,63
4342,4343,80
4343,4344,64
4344,4346,72
4345,4342,37
4346,4347,28
4347,4348,46
4348,4348,28
4349,4349,8
4350,4350,78
4351,4349,44
4352,4355,90
4353,4351,32
4354,4353,92
4355,4355,76
4356,4359,66
4357,4355,36
4358,4358,99
4359,4358,44
4360,4361,94
4361,4360,6
4362,4361,33
4363,4365,1
4364,4365,26
4365,4366,52
4366,4368,88
4367,4367,12
4368,4369,21
4369,4372,8
4370,4368,52
4371,4373,10
4372,4375,72
4373,4372,3
4374,4374,42
4375,4373,68
4376,4375,69
4377,4375,7
4378,4377,65
4379,4377,29
4380,4380,1
4381,4382,47
4382,4380,25
4383,4382,60
4384,4381,50
4385,4384,18
4386,4386,55
4387,4388,25
4388,4387,3
4389,4390,1
4390,4393,35
4391,4393,8
4392,4395,13
4393,4394,94
4394,4397,81
4395,4393,81
4396,4396,89
4397,4395,46
4398,4400,16
4399,4396,65
4400,4401,90
4401,4403,93
4402,4399,86
4403,4400,7
4404,4402,24
4405,4405,61
4406,4405,2
4407,4410,87
4408,4411,93
4409,4411,62
4410,4410,32
4411,4409,60
4412,4411,71
4413,4415,40
4414,4417,89
4415,4413,49
4416,4417,60
4417,4419,54
4418,4416,99
4419,4421,11
4420,4419,70
4421,4420,96
4422,4420,36
4423,4424,5
4424,4427,39
4425,4423,78
4426,4426,64
4427,4424,28
4428,4426,64
4429,4426,60
4430,4433,69
4431,4431,47
4432,4430,99
4433,4435,94
4434,4433,54
4435,4438,23
4436,4435,89
4437,4440,31
4438,4435,82
4439,4436,9
4440,4439,70
4441,4440,0
4442,4445,75
4443,4440,48
4444,4442,8
4445,4442,46
4446,4448,3
4447,4449,16
4448,4447,46
4449,4448,73
4450,4451,44
4451,4449,47
4452,4449,55
4453,4451,63
4454,4457,56
4455,4454,53
4456,4456,64
4457,4459,87
4458,4456,53
4459,4459,94
4460,4463,48
4461,4464,61
4462,4465,70
4463,4466,62
4464,4463,76
4465,4464,46
4466,4469,91
4467,4467,72
4468,4471,20
4469,4471,94
4470,4470,42
4471,4468,55
4472,4473,67
4473,4475,97
4474,4472,71
4475,4478,64
4476,4478,0
4477,4476,64
4478,4479,92
4479,4480,45
4480,4480,52
4481,4480,37
4482,4483,45
4483,4481,54
4484,4483,70
4485,4482,56
4486,4486,89
4487,4484,73
4488,4487,11
4489,4488,58
4490,4488,13
4491,4489,19
4492,4493,14
4493,4496,6
4494,4494,87
4495,4494,17
4496,4494,64
4497,4499,10
4498,4499,38
4499,4502,55
4500,4500,70
4501,4500,96
4502,4502,35
4503,4504,23
4504,4502,64
4505,4503,1
4506,4505,75
4507,4504,97
4508,4509,58
4509,4507,31
4510,4509,47
4511,4513,57
4512,4515,21
4513,4513,47
4514,4514,37
4515,4518,8
4516,4517,56
4517,4518,38
4518,4518,63
4519,4520,39
4520,4522,24
4521,4520,45
4522,4524,99
4523,4522,77
4524,4522,8
4525,4522,34
4526,4527,68
4527,4527,41
4528,4530,51
4529,4528,85
4530,4529,13
4531,4530,33
4532,4530,60
4533,4533,17
4534,4532,14
4535,4535,86
4536,4536,33
4537,4535,89
4538,4540,78
4539,4539,79
4540,4537,36
4541,4542,2
4542,4545,60
4543,4546,68
4544,4544,29
4545,4545,12
4546,4546,10
4547,4548,12
4548,4546,77
4549,4547,51
4550,4551,17
4551,4550,20
4552,4554,69
4553,4553,49
4554,4557,26
4555,4557,71
4556,4558,82
4557,4554,54
4558,4559,77
4559,4561,48
4560,4562,12
4561,4562,46
4562,4560,10
4563,4563,90
4564,4567,4
4565,4564,95
4566,4564,64
4567,4569,35
4568,4565,32
4569,4568,44
4570,4568,92
4571,4570,80
4572,4572,63
4573,4573,48
4574,4576,53
4575,4577,18
4576,4573,48
4577,4574,88
4578,4581,2
4579,4581,8
4580,4577,100
4581,4581,99
4582,4581,61
4583,4584,40
4584,4583,97
4585,4586,5
4586,4586,14
4587,4590,49
4588,4590,17
4589,4586,79
4590,4591,73
4591,4590,28
4592,4592,86
4593,4596,39
4594,4594,3
4595,4596,19
4596,4599,41
4597,4595,17
4598,4601,21
4599,4600,94
4600,4603,55
4601,4598,6
4602,4604,5
4603,4600,64
4604,4606,45
4605,4605,72
4606,4605,85
4607,4604,72
4608,4610,48
4609,4612,57
4610,4610,10
4611,4613,23
4612,4609,41
4613,4611,54
4614,4612,23
4615,4616,39
4616,4617,1
4617,4614,10
4618,4620,51
4619,4617,45
4620,4623,29
4621,4620,34
4622,4619,0
4623,4622,1
4624,4624,4
4625,4628,8
4626,4629,22
4627,4628,15
4628,4629,19
4629,4632,39
4630,4629,42
4631,4634,65
4632,4631,49
4633,4636,100
4634,4634,51
4635,4635,75
4636,4634,1
4637,4637,80
4638,4636,56
4639,4637,26
4640,4639,59
4641,4644,16
4642,4641,9
4643,4644,75
4644,4643,1
4645,4647,51
4646,4645,40
4647,4650,71
4648,4647,70
4649,4649,74
4650,4652,1
4651,4649,69
4652,4652,24
4653,4652,51
4654,4657,42
4655,4655,98
4656,4659,96
4657,4654,31
4658,4658,57
4659,4658,48
4660,4662,59
4661,4664,86
4662,4659,52
4663,4664,23
4664,4661,95
4665,4663,99
4666,4668,87
4667,4670,78
4668,4670,39
4669,4668,96
4670,4671,17
4671,4671,82
4672,4673,26
4673,4673,2
4674,4677,42
4675,4677,3
4676,4676,100
4677,4676,7
4678,4680,82
4679,4676,80
4680,4682,16
4681,4681,33
4682,4682,42
4683,4683,11
4684,4686,39
4685,4682,26
4686,4688,54
4687,4684,47
4688,4687,4
4689,4689,29
4690,4689,49
4691,4688,90
4692,4691,6
4693,4692,72
4694,4692,43
4695,4692,16
4696,4695,12
4697,4696,97
4698,4699,26
4699,4701,49
4700,4698,13
4701,4698,78
4702,4705,89
4703,4702,77
4704,4703,82
4705,4706,30
4706,4703,33
4707,4710,2
4708,4707,74
4709,4707,71
4710,4707,92
4711,4711,46
4712,4715,54
4713,4716,12
4714,4716,78
4715,4716,90
4716,4719,64
4717,4715,0
4718,4718,97
4719,4716,58
4720,4719,25
4721,4720,6
4722,4725,1
4723,4724,34
4724,4725,60
4725,4728,18
4726,4728,55
4727,4726,29
4728,4728,90
4729,4726,65
4730,4730,81
4731,4731,9
4732,4731,62
4733,4732,98
4734,4731,22
4735,4737,45
4736,4737,28
4737,4737,80
4738,4738,88
4739,4740,8
4740,4740,61
4741,4738,30
4742,4741,61
4743,4745,34
4744,4745,75
4745,4742,50
4746,4743,2
4747,4747,26
4748,4745,39
4749,4746,75
4750,4749,31
4751,4750,52
4752,4755,53
4753,4752,99
4754,4751,67
4755,4753,83
4756,4757,40
4757,4756,53
4758,4758,3
4759,4761,19
4760,4762,93
4761,4763,17
4762,4764,100
4763,4760,27
4764,4765,26
4765,4765,92
4766,4764,71
4767,4767,20
4768,4765,63
4769,4771,12
4770,4770,48
4771,4769,12
4772,4775,29
4773,4774,69
4774,4776,2
4775,4773,37
4776,4779,52
4777,4780,2
4778,4776,82
4779,4781,4
4780,4780,42
4781,4778,54
4782,4784,98
4783,4781,75
4784,4787,68
4785,4785,41
4786,4787,5
4787,4785,22
4788,4790,58
4789,4787,63
4790,4791,29
4791,4789,99
4792,4789,58
4793,4794,4
4794,4797,68
4795,4793,9
4796,4798,78
4797,4795,54
4798,4798,66
4799,4796,34
4800,4798,72
4801,4798,40
4802,4803,100
4803,4801,11
4804,4805,41
4805,4807,30
4806,4803,76
4807,4806,56
4808,4806,0
4809,4810,26
4810,4810,63
4811,4808,30
4812,4815,39
4813,4813,45
4814,4815,60
4815,4815,55
4816,4815,28
4817,4818,14
4818,4819,21
4819,4818,81
4820,4818,17
4821,4820,68
4822,4820,80
4823,4820,70
4824,4826,68
4825,4827,53
4826,4827,24
4827,4825,3
4828,4828,81
4829,4826,56
4830,4833,95
4831,4830,84
4832,4830,64
4833,4833,40
4834,4833,69
4835,4834,98
4836,4834,63
4837,4834,75
4838,4839,10
4839,4836,28
4840,4837,70
4841,4840,61
4842,4841,64
4843,4841,41
4844,4844,14
4845,4845,37
4846,4848,87
4847,4845,47
4848,4847,57
4849,4852,67
4850,4853,76
4851,4849,78
4852,4853,88
4853,4854,38
4854,4856,65
4855,4856,93
4856,4855,56
4857,4854,68
4858,4859,10
4859,4862,81
4860,4861,74
4861,4863,72
4862,4859,45
4863,4861,48
4864,4867,93
4865,4868,100
4866,4868,30
4867,4865,3
4868,4869,15
4869,4872,94
4870,4873,33
4871,4873,46
4872,4873,83
4873,4875,61
4874,4871,74
4875,4878,37
4876,4874,78
4877,4878,82
4878,4875,95
4879,4881,13
4880,4878,33
4881,4884,54
4882,4880,60
4883,4884,13
4884,4885,31
4885,4884,100
4886,4886,100
4887,4889,62
4888,4891,44
4889,4888,49
4890,4889,12
4891,4894,70
4892,4892,96
4893,4894,53
4894,4896,84
4895,4892,97
4896,4896,78
4897,4897,18
4898,4900,25
4899,4899,80
4900,4899,13
4901,4902,39
4902,4899,56
4903,4901,63
4904,4905,49
4905,4908,63
4906,4905,38
4907,4910,94
4908,4910,75
4909,4907,92
4910,4909,66
4911,4913,49
4912,4913,8
4913,4914,55
4914,4917,81
4915,4913,95
4916,4914,40
4917,4916,1
4918,4919,53
4919,4918,22
4920,4918,15
4921,4924,60
4922,4925,90
4923,4922,20
4924,4921,70
4925,4928,35
4926,4924,97
4927,4924,31
4928,4931,44
4929,4927,24
4930,4929,16
4931,4929,73
4932,4933,43
4933,4936,36
4934,4932,67
4935,4936,11
4936,4935,50
4937,4939,92
4938,4939,91
4939,4938,37
4940,4940,22
4941,4944,27
4942,4942,26
4943,4942,14
4944,4945,70
4945,4946,74
4946,4947,93
4947,4947,82
4948,4945,66
4949,4947,36
4950,4947,77
4951,4948,53
4952,4951,79
4953,4952,75
4954,4954,100
4955,4953,46
4956,4955,78
4957,4958,45
4958,4958,100
4959,4959,4
4960,4961,6
4961,4961,10
4962,4961,37
4963,4962,72
4964,4965,83
4965,4966,10
4966,4963,52
4967,4964,15
4968,4965,7
4969,4968,33
4970,4968,9
4971,4972,49
4972,4972,70
4973,4976,62
4974,4971,85
4975,4975,25
4976,4977,31
4977,4977,20
4978,4975,34
4979,4980,79
4980,4977,83
4981,4980,100
4982,4981,62
4983,4983,51
4984,4987,66
4985,4985,31
4986,4986,68
4987,4990,92
4988,4987,72
4989,4990,67
4990,4989,6
4991,4991,22
4992,4995,3
4993,4992,53
4994,4991,83
4995,4996,13
4996,4999,72
4997,5000,32
4998,4999,92
4999,4998,86
5000,5003,36
5001,5003,93
5002,4999,13
5003,5002,56
5004,5006,100
5005,5003,53
5006,5007,31
5007,5004,19
5008,5006,90
5009,5010,49
5010,5012,51
5011,5011,81
5012,5012,26
5013,5015,86
5014,5016,39
5015,5012,97
5016,5017,29
5017,5019,11
5018,5021,67
5019,5022,25
5020,5019,33
5021,5024,51
5022,5021,91
5023,5020,71
5024,5025,64
5025,5026,3
5026,5026,44
5027,5026,88
5028,5031,11
5029,5032,53
5030,5029,88
5031,5033,52
5032,5029,60
5033,5031,55
5034,5033,67
5035,5032,6
5036,5038,0
5037,5040,85
5038,5040,90
5039,5038,10
5040,5038,14
5041,5038,48
5042,5043,100
5043,5046,59
5044,5044,39
5045,5042,84
5046,5045,99
5047,5049,22
5048,5047,1
5049,5048,59
5050,5051,76
5051,5048,97
5052,5051,15
5053,5051,65
5054,5054,93
5055,5054,32
5056,5055,94
5057,5058,15
5058,5055,8
5059,5062,52
5060,5062,78
5061,5061,38
5062,5059,36
5063,5061,56
5064,5067,50
5065,5063,88
5066,5066,0
5067,5065,35
5068,5069,10
5069,5066,22
5070,5070,24
5071,5070,25
5072,5069,13
5073,5074,48
5074,5076,43
5075,5074,44
5076,5075,84
5077,5077,14
5078,5080,24
5079,5081,23
5080,5082,5
5081,5084,10
5082,5083,8
5083,5081,13
5084,5085,47
5085,5085,69
5086,5083,98
5087,5084,45
5088,5089,22
5089,5090,57
5090,5089,27
5091,5092,27
5092,5089,45
5093,5090,15
5094,5092,80
5095,5098,31
5096,5097,42
5097,5100,85
5098,5097,80
5099,5097,56
5100,5099,68
5101,5102,15
5102,5100,36
5103,5100,70
5104,5101,69
5105,5108,75
5106,5103,87
5107,5108,23
5108,5107,13
5109,5108,98
5110,5110,58
5111,5114,47
5112,5109,51
5113,5111,58
5114,5113,66
5115,5117,37
5116,5116,36
5117,5119,77
5118,5118,15
5119,5117,75
5120,5120,91
5121,5119,53
5122,5121,23
5123,5121,53
5124,5121,0
5125,5125,96
5126,5124,43
5127,5127,62
5128,5130,15
5129,5129,63
5130,5127,16
5131,5130,58
5132,5130,23
5133,5134,16
5134,5137,27
5135,5137,96
5136,5137,17
5137,5135,9
5138,5136,45
5139,5142,11
5140,5138,53
5141,5142,45
5142,5142,37
5143,5143,5
5144,5141,90
5145,5147,52
5146,5147,67
5147,5146,24
5148,5147,66
5149,5152,58
5150,5148,97
5151,5150,29
5152,5149,14
5153,5154,17
5154,5152,51
5155,5155,26
5156,5154,61
5157,5156,77
5158,5156,32
5159,5161,74
5160,5158,85
5161,5158,29
5162,5163,76
5163,5163,72
5164,5162,28
5165,5164,15
5166,5163,60
5167,5165,95
5168,5165,89
5169,5166,82
5170,5172,21
5171,5171,49
5172,5170,47
5173,5170,14
5174,5173,33
5175,5172,2
5176,5176,57
5177,5177,67
5178,5178,6
5179,5180,65
5180,5180,92
5181,5183,67
5182,5181,42
5183,5184,97
5184,5187,11
5185,5183,74
5186,5185,20
5187,5190,65
5188,5191,23
5189,5191,67
5190,5193,44
5191,5193,68
5192,5191,24
5193,5190,72
5194,5195,52
5195,5196,93
5196,5193,81
5197,5199,2
5198,5200,75
5199,5196,2
5200,5201,73
5201,5202,53
5202,5201,66
5203,5200,32
5204,5203,12
5205,5204,76
5206,5204,21
5207,5206,50
5208,5209,30
5209,5207,2
5210,5207,8
5211,5212,21
5212,5215,33
5213,5215,56
5214,5212,39
5215,5218,11
5216,5217,56
5217,5214,82
5218,5217,86
5219,5216,44
5220,5217,41
5221,5221,55
5222,5223,75
5223,5220,50
5224,5224,22
5225,5224,76
5226,5223,91
5227,5225,5
5228,5229,1
5229,5226,29
5230,5232,17
5231,5234,50
5232,5233,48
5233,5231,56
5234,5236,38
5235,5233,44
5236,5235,26
5237,5237,83
5238,5240,83
5239,5238,27
5240,5242,59
5241,5243,66
5242,5245,26
5243,5245,22
5244,5246,8
5245,5244,55
5246,5248,80
5247,5248,80
5248,5248,40
5249,5248,38
5250,5247,77
5251,5250,42
5252,5255,16
5253,5252,83
5254,5253,37
5255,5252,73
5256,5256,26
5257,5258,47
5258,5255,98
5259,5258,99
5260,5257,55
5261,5263,61
5262,5265,29
5263,5266,85
5264,5267,63
5265,5268,6
5266,5268,25
5267,5270,85
5268,5268,44
5269,5269,35
5270,5272,68
5271,5271,84
5272,5271,36
5273,5276,58
5274,5273,95
5275,5278,87
5276,5276,44
5277,5274,51
5278,5276,64
5279,5279,66
5280,5281,74
5281,5279,56
5282,5285,95
5283,5283,35
5284,5284,39
5285,5288,83
5286,5288,74
5287,5284,12
5288,5288,86
5289,5291,17
5290,5287,29
5291,5289,64
5292,5290,58
5293,5296,8
5294,5295,24
5295,5296,6
5296,5294,89
5297,5299,62
5298,5299,93
5299,5297,16
5300,5301,3
5301,5302,41
5302,5302,35
5303,5303,23
5304,5306,12
5305,5302,45
5306,5308,31
5307,5305,44
5308,5308,13
5309,5310,98
5310,5310,74
5311,5310,57
5312,5312,65
5313,5313,42
5314,5316,14
5315,5313,4
5316,5317,98
5317,5314,80
5318,5317,90
5319,5320,82
5320,5317,17
5321,5318,66
5322,5322,45
5323,5323,96
5324,5321,28
5325,5327,27
5326,5328,77
5327,5325,70
5328,5331,37
5329,5330,35
5330,5333,17
5331,5329,66
5332,5330,55
5333,5335,43
5334,5333,73
5335,5338,68
5336,5339,83
5337,5334,58
5338,5340,82
5339,5341,5
5340,5338,77
5341,5342,95
5342,5345,88
5343,5343,15
5344,5341,74
5345,5343,7
5346,5349,77
5347,5347,62
5348,5350,28
5349,5352,24
5350,5348,78
5351,5348,55
5352,5351,36
5353,5351,51
5354,5354,8
5355,5352,94
5356,5358,92
5357,5354,7
5358,5361,25
5359,5357,36
5360,5357,22
5361,5360,49
5362,5359,31
5363,5364,72
5364,5361,57
5365,5368,75
5366,5364,39
5367,5366,71
5368,5365,38
5369,5367,63
5370,5368,55
5371,5372,71
5372,5374,72
5373,5370,77
5374,5372,52
5375,5374,42
5376,5376,91
5377,5378,30
5378,5375,20
5379,5381,84
5380,5382,27
5381,5383,30
5382,5384,86
5383,5386,81
5384,5384,90
5385,5386,32
5386,5388,68
5387,5387,68
5388,5389,38
5389,5388,61
5390,5392,86
5391,5388,79
5392,5394,72
5393,5391,0
5394,5395,25
5395,5397,58
5396,5397,33
5397,5400,100
5398,5395,20
5399,5397,28
5400,5402,54
5401,5403,4
5402,5403,1
5403,5400,14
5404,5402,47
5405,5404,63
5406,5407,17
5407,5409,99
5408,5407,49
5409,5411,73
5410,5412,65
5411,5410,56
5412,5410,98
5413,5413,30
5414,5417,77
5415,5415,18
5416,5415,66
5417,5417,19
5418,5421,100
5419,5419,54
5420,5417,96
5421,5420,36
5422,5420,17
5423,5426,2
5424,5423,74
5425,5424,63
5426,5424,88
5427,5430,46
5428,5431,3
5429,5428,80
5430,5432,54
5431,5434,88
5432,5432,69
5433,5432,61
5434,5431,5
5435,5436,74
5436,5433,94
5437,5436,14
5438,5436,64
5439,5436,10
5440,5440,65
5441,5443,20
5442,5445,97
5443,5440,5
5444,5443,14
5445,5445,67
5446,5443,86
5447,5447,56
5448,5449,19
5449,5448,54
5450,5453,47
5451,5450,10
5452,5453,91
5453,5456,21
5454,5454,66
5455,5456,78
5456,5459,14
5457,5458,66
5458,5460,38
5459,5457,70
5460,5463,76
5461,5461,3
5462,5463,46
5463,5463,74
5464,5463,53
5465,5465,54
5466,5464,13
5467,5465,46
5468,5471,47
5469,5469,0
5470,5469,11
5471,5471,37
5472,5472,72
5473,5472,31
5474,5473,5
5475,5475,36
5476,5474,2
5477,5476,99
5478,5481,20
5479,5480,4
5480,5477,81
5481,5480,56
5482,5482,4
5483,5481,95
5484,5485,31
5485,5482,61
5486,5486,54
5487,5490,27
5488,5487,79
5489,5490,79
5490,5492,3
5491,5489,16
5492,5493,91
5493,5491,89
5494,5497,22
5495,5498,94
5496,5495,68
5497,5500,7
5498,5496,22
5499,5501,92
5500,5503,92
5501,5503,98
5502,5499,48
5503,5500,16
5504,5504,54
5505,5505,21
5506,5503,41
5507,5506,92
5508,5506,19
5509,5511,86
5510,5507,25
5511,5514,18
5512,5509,64
5513,5511,0
5514,5514,79
5515,5512,66
5516,5514,72
5517,5514,28
5518,5517,71
5519,5522,26
5520,5518,78
5521,5520,39
5522,5524,42
5523,5520,92
5524,5522,94
5525,5524,11
5526,5526,84
5527,5527,43
5528,5526,83
5529,5531,82
5530,5530,89
5531,5528,92
5532,5530,37
5533,5530,78
5534,5533,44
5535,5532,79
5536,5535,9
5537,5535,27
5538,5538,4
5539,5539,91
5540,5543,53
5541,5543,67
5542,5543,10
5543,5542,2
5544,5546,59
5545,5543,2
5546,5545,46
5547,5547,98
5548,5546,59
5549,5546,56
5550,5550,66
5551,5550,86
5552,5550,80
5553,5552,77
5554,5552,75
5555,5554,2
5556,5558,25
5557,5555,36
5558,5559,47
5559,5562,99
5560,5561,58
5561,5558,94
5562,5560,15
5563,5563,36
5564,5565,92
5565,5567,44
5566,5566,5
5567,5564,73
5568,5570,57
5569,5566,70
5570,5569,70
5571,5574,59
5572,5572,12
5573,5570,34
5574,5574,90
5575,5578,12
5576,5573,92
5577,5578,57
5578,5576,46
5579,5580,18
5580,5578,29
5581,5578,7
5582,5580,43
5583,5581,69
5584,5587,44
5585,5583,83
5586,5583,95
5587,5584,27
5588,5588,46
5589,5588,29
5590,5590,88
5591,5593,63
5592,5593,88
5593,5590,81
5594,5591,96
5595,5592,96
5596,5594,76
5597,5600,57
5598,5599,98
5599,5600,74
5600,5601,9
5601,5600,10
5602,5604,97
5603,5605,66
5604,5604,82
5605,5606,49
5606,5604,35
5607,5610,27
5608,5611,64
5609,5608,59
5610,5608,69
5611,5612,60
5612,5610,94
5613,5616,10
5614,5611,7
5615,5613,45
5616,5616,34
5617,5620,1
5618,5617,8
5619,5620,0
5620,5622,64
5621,5619,82
5622,5621,72
5623,5626,52
5624,5622,46
5625,5624,74
5626,5628,95
5627,5630,97
5628,5631,97
5629,5626,64
5630,5632,6
5631,5633,59
5632,5631,9
5633,5631,25
5634,5632,13
5635,5635,69
5636,5634,76
5637,5640,18
5638,5640,78
5639,5637,38
5640,5643,37
5641,5639,24
5642,5645,54
5643,5645,100
5644,5645,77
5645,5645,27
5646,5645,40
5647,5644,9
5648,5649,83
5649,5650,24
5650,5651,65
5651,5650,21
5652,5650,88
5653,5655,23
5654,5652,49
5655,5654,43
5656,5659,73
5657,5654,56
5658,5659,78
5659,5658,26
5660,5660,43
5661,5660,81
5662,5660,60
5663,5665,17
5664,5663,44
5665,5663,19
5666,5668,46
5667,5670,7
5668,5671,25
5669,5666,56
5670,5668,73
5671,5671,39
5672,5674,23
5673,5674,16
5674,5677,20
5675,5675,61
5676,5675,82
5677,5676,96
5678,5680,63
5679,5680,56
5680,5682,47
5681,5684,76
5682,5683,13
5683,5686,40
5684,5687,77
5685,5682,59
5686,5689,6
5687,5689,89
5688,5688,46
5689,5689,71
5690,5688,47
5691,5690,39
5692,5692,51
5693,5694,33
5694,5694,80
5695,5693,34
5696,5699,90
5697,5699,84
5698,5698,0
5699,5699,15
5700,5701,85
5701,5701,54
5702,5705,10
5703,5700,89
5704,5702,91
5705,5702,2
5706,5709,37
5707,5704,87
5708,5706,100
5709,5710,12
5710,5713,57
5711,5712,26
5712,5709,22
5713,5716,25
5714,5714,70
5715,5718,45
5716,5713,39
5717,5716,63
5718,5716,96
5719,5720,73
5720,5723,12
5721,5720,47
5722,5721,17
5723,5722,22
5724,5723,43
5725,5724,57
5726,5728,62
5727,5726,3
5728,5725,61
5729,5730,99
5730,5729,17
5731,5734,78
5732,5735,100
5733,5731,94
5734,5731,52
5735,5735,80
5736,5733,87
5737,5736,96
5738,5735,24
5739,5740,100
5740,5742,47
5741,5739,79
5742,5744,49
5743,5740,5
5744,5747,99
5745,5745,1
5746,5745,28
5747,5750,30
5748,5748,72
5749,5750,58
5750,5747,71
5751,5751,77
5752,5752,90
5753,5755,86
5754,5752,65
5755,5752,64
5756,5759,87
5757,5759,58
5758,5755,13
5759,5757,41
5760,5760,39
5761,5762,59
5762,5761,85
5763,5763,3
5764,5763,51
5765,5764,48
5766,5768,21
5767,5768,16
5768,5770,93
5769,5766,4
5770,5770,9
5771,5769,12
5772,5772,49
5773,5771,2
5774,5777,20
5775,5777,61
5776,5778,92
5777,5775,50
5778,5777,53
5779,5781,55
5780,5781,70
5781,5783,92
5782,5783,34
5783,5780,39
5784,5783,43
5785,5783,16
5786,5786,57
5787,5786,95
5788,5790,63
5789,5788,28
5790,5793,49
5791,5794,45
5792,5791,55
5793,5790,51
5794,5795,1
5795,5795,25
5796,5796,89
5797,5800,63
5798,5797,31
5799,5798,98
5800,5798,92
5801,5802,94
5802,5803,53
5803,5800,81
5804,5801,7
5805,5803,69
5806,5806,78
5807,5810,95
5808,5811,84
5809,5808,48
5810,5813,74
5811,5810,86
5812,5812,27
5813,5814,78
5814,5816,8
5815,5818,64
5816,5819,53
5817,5817,99
5818,5815,25
5819,5819,33
5820,5819,41
5821,5820,85
5822,5821,99
5823,5823,44
5824,5824,14
5825,5822,58
5826,5827,37
5827,5828,78
5828,5827,76
5829,5828,13
5830,5827,68
5831,5833,58
5832,5829,12
5833,5832,49
5834,5836,7
5835,5838,92
5836,5834,38
5837,5838,24
5838,5840,98
5839,5842,14
5840,5841,98
5841,5843,73
5842,5840,70
5843,5840,54
5844,5846,12
5845,5845,12
5846,5844,55
5847,5849,39
5848,5849,58
5849,5848,50
5850,5847,62
5851,5848,68
5852,5851,7
5853,5856,37
5854,5852,96
5855,5857,25
5856,5859,42
5857,5858,71
5858,5857,86
5859,5859,99
5860,5860,4
5861,5864,16
5862,5860,26
5863,5865,86
5864,5865,14
5865,5863,90
5866,5868,6
5867,5868,47
5868,5871,95
5869,5868,83
5870,5871,51
5871,5872,20
5872,5874,80
5873,5874,27
5874,5871,83
5875,5877,0
5876,5878,60
5877,5877,36
5878,5880,77
5879,5877,29
5880,5879,85
5881,5879,55
5882,5879,37
5883,5884,1
5884,5884,25
5885,5884,97
5886,5889,6
5887,5890,79
5888,5885,50
5889,5889,5
5890,5889,20
5891,5891,79
5892,5895,65
5893,5891,49
5894,5894,41
5895,5896,75
5896,5896,37
5897,5897,92
5898,5901,31
5899,5902,17
5900,5898,83
5901,5903,78
5902,5899,14
5903,5900,35
5904,5901,66
5905,5905,56
5906,5903,79
5907,5907,96
5908,5906,8
5909,5911,50
5910,5913,25
5911,5911,58
5912,5915,96
5913,5915,17
5914,5917,79
5915,5915,50
5916,5919,16
5917,5917,62
5918,5920,21
5919,5919,78
5920,5922,97
5921,5923,28
5922,5922,68
5923,5923,4
5924,5922,91
5925,5922,74
5926,5929,36
5927,5928,99
5928,5931,29
5929,5927,57
5930,5927,39
5931,5934,95
5932,5930,68
5933,5935,83
5934,5937,10
5935,5934,61
5936,5935,14
5937,5935,95
5938,5939,10
5939,5940,11
5940,5940,32
5941,5944,80
5942,5940,31
5943,5940,32
5944,5947,81
5945,5943,48
5946,5944,47
5947,5950,67
5948,5951,45
5949,5947,27
5950,5948,66
5951,5950,29
5952,5954,66
5953,5954,10
5954,5956,21
5955,5956,70
5956,5953,25
5957,5960,28
5958,5958,91
5959,5957,89
5960,5963,34
5961,5964,30
5962,5959,67
5963,5965,58
5964,5967,18
5965,5964,52
5966,5965,41
5967,5970,88
5968,5970,63
5969,5970,93
5970,5968,54
5971,5972,25
5972,5973,23
5973,5976,36
5974,5973,80
5975,5974,99
5976,5979,44
5977,5974,98
5978,5981,99
5979,5980,57
5980,5977,35
5981,5983,39
5982,5985,77
5983,5981,47
5984,5986,47
5985,5982,46
5986,5989,85
5987,5984,0
5988,5991,92
5989,5992,17
5990,5987,88
5991,5989,94
5992,5994,14
5993,5994,30
5994,5992,6
5995,5998,71
5996,5998,98
5997,5995,93
5998,5998,87
5999,5998,42
6000,6002,24
6001,6000,77
6002,6001,2
6003,6004,65
6004,6005,47
6005,6006,24
6006,6004,3
6007,6009,66
6008,6006,62
6009,6009,56
6010,6009,6
6011,6013,84
6012,6015,78
6013,6016,95
6014,6016,98
6015,6018,46
6016,6017,68
6017,6016,36
6018,6021,41
6019,6019,96
6020,6020,86
6021,6020,6
6022,6024,2
6023,6020,21
6024,6021,76
6025,6026,50
6026,6028,59
6027,6025,30
6028,6029,81
6029,6028,5
6030,6029,30
6031,6031,100
6032,6034,79
6033,6034,8
6034,6033,0
6035,6033,30
6036,6036,46
6037,6037,85
6038,6038,95
6039,6039,18
6040,6043,80
6041,6038,21
6042,6045,96
6043,6043,58
6044,6042,16
6045,6043,73
6046,6047,8
6047,6047,77
6048,6046,1
6049,6047,38
6050,6050,69
6051,6054,44
6052,6053,15
6053,6055,98
6054,6052,77
6055,6058,1
6056,6056,0
6057,6058,6
6058,6058,14
6059,6059,38
6060,6062,69
6061,6062,39
6062,6064,49
6063,6064,98
6064,6062,78
6065,6068,60
6066,6069,82
6067,6065,67
6068,6066,38
6069,6067,5
6070,6073,49
6071,6068,17
6072,6071,88
6073,6070,22
6074,6077,90
6075,6074,57
6076,6078,31
6077,6077,96
6078,6077,11
6079,6078,47
6080,6078,29
6081,6078,77
6082,6085,81
6083,6080,60
6084,6084,41
6085,6087,1
6086,6086,47
6087,6086,56
6088,6089,84
6089,6091,30
6090,6093,26
6091,6092,15
6092,6090,100
6093,6095,0
6094,6092,47
6095,6094,31
6096,6094,64
6097,6097,60
6098,6099,43
6099,6098,24
6100,6098,36
6101,6101,16
6102,6103,1
6103,6106,24
6104,6102,69
6105,6107,99
6106,6103,64
6107,6110,32
6108,6107,80
6109,6107,95
6110,6111,85
6111,6111,23
6112,6111,8
6113,6114,39
6114,6116,58
6115,6115,90
6116,6115,11
6117,6120,6
6118,6116,28
6119,6116,93
6120,6122,45
6121,6119,36
6122,6119,28
6123,6124,44
6124,6123,17
6125,6122,74
6126,6127,52
6127,6124,8
6128,6129,90
6129,6130,54
6130,6127,50
6131,6133,64
6132,6131,80
6133,6136,71
6134,6132,20
6135,6135,12
6136,6133,44
6137,6139,73
6138,6140,82
6139,6142,43
6140,6139,10
6141,6143,18
6142,6142,2
6143,6140,87
6144,6144,2
6145,6145,2
6146,6146,63
6147,6148,44
6148,6145,81
6149,6146,98
6150,6150,2
6151,6153,83
6152,6154,81
6153,6152,27
6154,6153,73
6155,6158,88
6156,6156,36
6157,6156,63
6158,6159,93
6159,6159,45
6160,6158,52
6161,6161,7
6162,6165,13
6163,6164,98
6164,6166,87
6165,6168,43
6166,6165,78
6167,6169,2
6168,6171,61
6169,6168,96
6170,6173,67
6171,6168,37
6172,6175,57
6173,6172,45
6174,6174,70
6175,6174,49
6176,6175,55
6177,6179,2
6178,6176,59
6179,6177,34
6180,6179,58
6181,6181,13
6182,6184,96
6183,6180,5
6184,6181,100
6185,6187,4
6186,6185,14
6187,6186,15
6188,6189,35
6189,6186,44
6190,6188,50
6191,6191,28
6192,6191,53
6193,6193,94
6194,6196,81
6195,6192,8
6196,6197,92
6197,6200,56
6198,6199,67
6199,6197,80
6200,6201,93
6201,6204,75
6202,6205,2
6203,6203,16
6204,6206,81
6205,6203,87
6206,6208,56
6207,6209,20
6208,6208,49
6209,6211,40
6210,6211,22
6211,6214,77
6212,6210,78
6213,6211,83
6214,6217,56
6215,6214,8
6216,6217,39
6217,6215,97
6218,6215,69
6219,6220,13
6220,6220,21
6221,6222,31
6222,6225,3
6223,6222,33
6224,6222,54
6225,6223,69
6226,6225,36
6227,6224,50
6228,6225,79
6229,6226,19
6230,6231,63
6231,6232,63
6232,6230,82
6233,6231,34
6234,6232,38
6235,6238,18
6236,6236,54
6237,6234,98
6238,6237,99
6239,6236,95
6240,6243,89
6241,6241,7
6242,6241,51
6243,6244,41
6244,6242,52
6245,6242,68
6246,6245,100
6247,6245,2
6248,6247,64
6249,6251,62
6250,6247,22
6251,6253,41
6252,6249,100
6253,6252,51
6254,6253,67
6255,6258,33
6256,6255,100
6257,6258,75
6258,6260,13
6259,6258,38
6260,6261,41
6261,6258,73
6262,6259,62
6263,6265,33
6264,6266,21
6265,6267,83
6266,6265,87
6267,6269,87
6268,6270,48
6269,6271,0
6270,6269,66
6271,6272,42
6272,6274,76
6273,6271,66
6274,6273,98
6275,6277,94
6276,6278,43
6277,6280,42
6278,6276,29
6279,6277,21
6280,6281,63
6281,6284,87
6282,6279,58
6283,6284,63
6284,6284,43
6285,6283,45
6286,6285,7
6287,6287,2
6288,6289,77
6289,6290,11
6290,6287,66
6291,6292,96
6292,6291,43
6293,6296,83
6294,6295,70
6295,6294,34
6296,6296,48
6297,6295,99
6298,6296,47
6299,6302,64
6300,6301,12
6301,6300,36
6302,6300,44
6303,6300,75
6304,6305,34
6305,6304,6
6306,6308,16
6307,6309,90
6308,6309,60
6309,6312,59
6310,6310,35
6311,6310,73
6312,6309,30
6313,6310,64
6314,6317,15
6315,6317,41
6316,6319,60
6317,6316,14
6318,6316,76
6319,6319,6
6320,6318,58
6321,6321,9
6322,6321,0
6323,6320,43
6324,6327,53
6325,6325,15
6326,6326,61
6327,6326,9
6328,6327,31
6329,6331,10
6330,6330,54
6331,6330,19
6332,6335,63
6333,6336,28
6334,6335,25
6335,6335,42
6336,6335,95
6337,6339,32
6338,6341,36
6339,6341,48
6340,6341,24
6341,6342,28
6342,6345,7
6343,6345,75
6344,6341,90
6345,6344,18
6346,6348,43
6347,6350,59
6348,6349,79
6349,6349,16
6350,6353,42
6351,6349,34
6352,6350,22
6353,6355,42
6354,6351,29
6355,6352,10
6356,6355,52
6357,6358,23
6358,6357,0
6359,6361,87
6360,6359,68
6361,6359,24
6362,6360,18
6363,6366,41
6364,6367,59
6365,6367,11
6366,6366,79
6367,6370,17
6368,6369,89
6369,6372,28
6370,6373,76
6371,6368,88
6372,6373,24
6373,6370,25
6374,6376,41
6375,6374,50
6376,6378,55
6377,6374,98
6378,6381,73
6379,6376,73
6380,6383,34
6381,6382,22
6382,6385,19
6383,6380,41
6384,6387,78
6385,6387,64
6386,6386,31
6387,6386,47
6388,6389,44
6389,6389,62
6390,6392,46
6391,6393,88
6392,6395,90
6393,6391,46
6394,6395,24
6395,6394,3
6396,6393,13
6397,6396,71
6398,6398,56
6399,6396,69
