ts,level,latency_ms
1700000000,73,17
1700000001,54,248
1700000002,73,8
1700000003,26,237
1700000004,62,422
1700000005,35,335
1700000006,20,18
1700000007,66,251
1700000008,41,39
1700000009,31,488
1700000010,95,185
1700000011,5,216
1700000012,17,309
1700000013,45,196
1700000014,53,146
1700000015,86,135
1700000016,58,90
1700000017,87,156
1700000018,84,186
1700000019,17,234
1700000020,98,441
1700000021,30,497
1700000022,56,315
1700000023,48,23
1700000024,74,3
1700000025,30,69
1700000026,24,482
1700000027,38,275
1700000028,46,396
1700000029,30,161
1700000030,85,282
1700000031,57,224
1700000032,60,34
1700000033,83,300
1700000034,41,433
1700000035,64,81
1700000036,28,497
1700000037,52,123
1700000038,4,17
1700000039,63,155
1700000040,77,337
1700000041,9,274
1700000042,10,77
1700000043,49,291
1700000044,47,468
1700000045,76,77
1700000046,14,494
1700000047,99,396
1700000048,12,227
1700000049,21,414
1700000050,24,486
1700000051,44,222
1700000052,53,229
1700000053,31,349
1700000054,35,74
1700000055,79,268
1700000056,22,443
1700000057,15,137
1700000058,58,155
1700000059,21,339
1700000060,83,483
1700000061,22,399
1700000062,22,246
1700000063,98,178
1700000064,41,223
1700000065,28,3
1700000066,69,365
1700000067,5,170
1700000068,40,125
1700000069,10,135
1700000070,57,208
1700000071,74,82
1700000072,49,472
1700000073,63,345
1700000074,30,377
1700000075,67,467
1700000076,34,267
1700000077,61,309
1700000078,63,33
1700000079,21,251
1700000080,86,237
1700000081,51,70
1700000082,53,278
1700000083,74,179
1700000084,68,199
1700000085,62,360
1700000086,21,287
1700000087,56,51
1700000088,53,425
1700000089,4,447
1700000090,0,225
1700000091,68,34
1700000092,6,180
1700000093,11,78
1700000094,13,312
1700000095,58,427
1700000096,62,72
1700000097,58,442
1700000098,55,397
1700000099,64,473
1700000100,57,176
1700000101,92,133
1700000102,100,358
1700000103,58,217
1700000104,42,333
1700000105,66,466
1700000106,66,79
1700000107,94,122
1700000108,41,317
1700000109,4,352
1700000110,25,330
1700000111,75,295
1700000112,80,246
1700000113,3,414
1700000114,14,493
1700000115,37,223
1700000116,31,368
1700000117,37,456
1700000118,11,24
1700000119,76,468
1700000120,70,393
1700000121,13,419
1700000122,36,84
1700000123,85,245
1700000124,18,185
1700000125,76,206
1700000126,100,99
1700000127,44,94
1700000128,10,303
1700000129,24,219
1700000130,26,50
1700000131,87,158
1700000132,59,442
1700000133,95,385
1700000134,88,424
1700000135,66,370
1700000136,54,230
1700000137,85,381
1700000138,71,107
1700000139,34,306
1700000140,46,60
1700000141,80,401
1700000142,80,4
1700000143,26,218
1700000144,78,210
1700000145,48,447
1700000146,83,103
1700000147,8,396
1700000148,54,409
1700000149,11,422
1700000150,7,179
1700000151,32,185
1700000152,58,218
1700000153,97,100
1700000154,80,384
1700000155,36,239
1700000156,88,151
1700000157,64,256
1700000158,64,465
1700000159,33,208
1700000160,56,328
1700000161,43,179
1700000162,92,142
1700000163,61,464
1700000164,57,437
1700000165,61,301
1700000166,61,43
1700000167,88,277
1700000168,92,188
1700000169,92,208
1700000170,21,494
1700000171,77,213
1700000172,92,289
1700000173,8,305
1700000174,93,429
1700000175,39,9
1700000176,75,168
1700000177,83,165
1700000178,9,380
1700000179,50,313
1700000180,47,145
1700000181,77,96
1700000182,30,87
1700000183,39,49
1700000184,71,405
1700000185,6,113
1700000186,72,382
1700000187,9,487
1700000188,53,99
1700000189,72,293
1700000190,56,469
1700000191,75,9
1700000192,50,104
1700000193,43,435
1700000194,73,98
1700000195,66,478
1700000196,72,392
1700000197,98,489
1700000198,41,446
1700000199,6,337
1700000200,88,297
1700000201,6,19
1700000202,72,188
1700000203,50,167
1700000204,76,327
1700000205,21,396
1700000206,20,61
1700000207,77,405
1700000208,44,85
1700000209,3,371
1700000210,68,262
1700000211,44,46
1700000212,50,225
1700000213,73,452
1700000214,44,31
1700000215,18,474
1700000216,56,362
1700000217,60,313
1700000218,57,370
1700000219,56,310
1700000220,22,182
1700000221,54,422
1700000222,43,490
1700000223,71,263
1700000224,58,199
1700000225,24,50
1700000226,55,329
1700000227,19,22
1700000228,23,328
1700000229,81,98
1700000230,72,220
1700000231,46,287
1700000232,48,492
1700000233,6,310
1700000234,6,85
1700000235,39,490
1700000236,28,26
1700000237,74,91
1700000238,12,326
1700000239,72,185
1700000240,23,155
1700000241,5,203
1700000242,76,391
1700000243,54,40
1700000244,44,389
1700000245,24,252
1700000246,20,87
1700000247,51,415
1700000248,96,494
1700000249,59,482
1700000250,99,169
1700000251,4,89
1700000252,22,298
1700000253,90,216
1700000254,19,263
1700000255,82,456
1700000256,89,201
1700000257,12,204
1700000258,15,121
1700000259,13,217
1700000260,92,328
1700000261,39,371
1700000262,37,274
1700000263,83,435
1700000264,12,177
1700000265,66,318
1700000266,60,312
1700000267,31,273
1700000268,37,7
1700000269,85,81
1700000270,86,198
1700000271,88,118
1700000272,12,262
1700000273,81,391
1700000274,60,52
1700000275,73,464
1700000276,51,299
1700000277,27,148
1700000278,45,36
1700000279,24,319
1700000280,71,272
1700000281,3,39
1700000282,51,416
1700000283,4,9
1700000284,83,429
1700000285,55,174
1700000286,22,373
1700000287,6,184
1700000288,41,321
1700000289,60,404
1700000290,21,10
1700000291,26,66
1700000292,37,492
1700000293,25,127
1700000294,31,198
1700000295,78,280
1700000296,74,305
1700000297,53,448
1700000298,70,390
1700000299,3,65
1700000300,0,64
1700000301,3,430
1700000302,7,352
1700000303,98,393
1700000304,22,64
1700000305,88,198
1700000306,8,8
1700000307,84,223
1700000308,94,339
1700000309,23,320
1700000310,53,462
1700000311,6,283
1700000312,21,28
1700000313,89,193
1700000314,74,236
1700000315,58,172
1700000316,23,18
1700000317,51,322
1700000318,58,251
1700000319,90,366
1700000320,46,341
1700000321,9,72
1700000322,33,130
1700000323,22,47
1700000324,58,7
1700000325,19,143
1700000326,10,466
1700000327,67,158
1700000328,18,393
1700000329,13,275
1700000330,15,148
1700000331,90,317
1700000332,42,415
1700000333,0,295
1700000334,33,326
1700000335,96,265
1700000336,54,449
1700000337,65,75
1700000338,91,31
1700000339,81,29
1700000340,77,31
1700000341,82,109
1700000342,68,8
1700000343,27,76
1700000344,39,441
1700000345,88,432
1700000346,53,78
1700000347,3,192
1700000348,66,343
1700000349,90,60
1700000350,61,154
1700000351,59,436
1700000352,59,90
1700000353,80,73
1700000354,3,207
1700000355,77,79
1700000356,57,337
1700000357,89,423
1700000358,98,92
1700000359,43,260
1700000360,85,241
1700000361,19,23
1700000362,62,303
1700000363,49,86
1700000364,60,360
1700000365,35,109
1700000366,63,267
1700000367,45,335
1700000368,72,394
1700000369,71,195
1700000370,19,457
1700000371,82,488
1700000372,40,379
1700000373,40,67
1700000374,7,235
1700000375,6,345
1700000376,42,497
1700000377,67,268
1700000378,6,195
1700000379,78,398
1700000380,100,42
1700000381,89,370
1700000382,4,66
1700000383,4,6
1700000384,46,223
1700000385,28,338
1700000386,61,428
1700000387,72,470
1700000388,84,371
1700000389,11,53
1700000390,8,492
1700000391,46,414
1700000392,58,220
1700000393,39,91
1700000394,95,65
1700000395,97,323
1700000396,51,279
1700000397,89,277
1700000398,24,349
1700000399,95,124
1700000400,92,80
1700000401,48,112
1700000402,65,307
1700000403,62,352
1700000404,84,198
1700000405,100,492
1700000406,24,35
1700000407,68,374
1700000408,95,80
1700000409,77,303
1700000410,68,67
1700000411,9,337
1700000412,50,234
1700000413,11,438
1700000414,26,481
1700000415,1,233
1700000416,22,341
1700000417,21,188
1700000418,49,324
1700000419,26,127
1700000420,42,154
1700000421,75,133
1700000422,19,31
1700000423,62,214
1700000424,45,175
1700000425,0,167
1700000426,86,151
1700000427,64,460
1700000428,99,358
1700000429,75,25
1700000430,52,366
1700000431,36,236
1700000432,21,448
1700000433,14,457
1700000434,53,220
1700000435,11,62
1700000436,59,83
1700000437,9,420
1700000438,48,273
1700000439,10,489
1700000440,0,267
1700000441,92,282
1700000442,33,293
1700000443,61,461
1700000444,10,216
1700000445,14,386
1700000446,52,436
1700000447,61,418
1700000448,28,202
1700000449,2,228
1700000450,58,325
1700000451,72,365
1700000452,63,357
1700000453,53,153
1700000454,71,337
1700000455,19,231
1700000456,21,117
1700000457,60,256
1700000458,73,240
1700000459,51,155
1700000460,95,283
1700000461,57,307
1700000462,97,12
1700000463,64,279
1700000464,47,324
1700000465,90,418
1700000466,59,156
1700000467,23,121
1700000468,28,192
1700000469,77,83
1700000470,67,400
1700000471,3,278
1700000472,72,410
1700000473,4,30
1700000474,21,216
1700000475,97,158
1700000476,21,394
1700000477,25,15
1700000478,21,240
1700000479,40,22
1700000480,64,126
1700000481,4,9
1700000482,18,348
1700000483,62,233
1700000484,98,181
1700000485,2,216
1700000486,80,349
1700000487,45,133
1700000488,2,80
1700000489,32,22
1700000490,18,335
1700000491,87,341
1700000492,30,59
1700000493,65,366
1700000494,60,398
1700000495,98,152
1700000496,44,164
1700000497,70,219
1700000498,99,443
1700000499,89,169
1700000500,76,420
1700000501,37,220
1700000502,7,55
1700000503,61,341
1700000504,92,367
1700000505,46,249
1700000506,92,224
1700000507,60,183
1700000508,8,81
1700000509,74,98
1700000510,70,388
1700000511,41,148
1700000512,25,3
1700000513,93,300
1700000514,54,371
1700000515,98,22
1700000516,97,376
1700000517,21,83
1700000518,61,185
1700000519,50,62
1700000520,49,128
1700000521,25,463
1700000522,73,436
1700000523,9,252
1700000524,6,282
1700000525,32,251
1700000526,10,399
1700000527,95,466
1700000528,84,314
1700000529,89,45
1700000530,31,443
1700000531,82,90
1700000532,21,231
1700000533,51,458
1700000534,90,287
1700000535,24,352
1700000536,54,359
1700000537,29,223
1700000538,52,98
1700000539,29,371
1700000540,89,437
1700000541,46,247
1700000542,91,67
1700000543,96,473
1700000544,25,411
1700000545,73,337
1700000546,94,27
1700000547,93,351
1700000548,66,360
1700000549,23,97
1700000550,10,369
1700000551,50,327
1700000552,87,277
1700000553,0,310
1700000554,64,471
1700000555,29,405
1700000556,88,366
1700000557,72,447
1700000558,41,162
1700000559,62,454
1700000560,74,482
1700000561,80,90
1700000562,60,125
1700000563,48,205
1700000564,59,261
1700000565,13,216
1700000566,77,265
1700000567,93,48
1700000568,31,31
1700000569,13,371
1700000570,8,139
1700000571,31,143
1700000572,92,359
1700000573,43,388
1700000574,36,274
1700000575,47,419
1700000576,17,180
1700000577,98,456
1700000578,72,327
1700000579,16,359
1700000580,9,474
1700000581,1,387
1700000582,98,231
1700000583,82,61
1700000584,51,491
1700000585,78,317
1700000586,2,84
1700000587,76,70
1700000588,52,124
1700000589,60,237
1700000590,8,88
1700000591,10,176
1700000592,83,337
1700000593,34,394
1700000594,19,327
1700000595,7,227
1700000596,89,377
1700000597,66,460
1700000598,5,338
1700000599,6,18
1700000600,56,456
1700000601,67,211
1700000602,70,275
1700000603,39,381
1700000604,77,296
1700000605,87,185
1700000606,37,304
1700000607,17,238
1700000608,92,171
1700000609,45,36
1700000610,33,362
1700000611,37,335
1700000612,44,360
1700000613,71,53
1700000614,32,321
1700000615,48,161
1700000616,59,220
1700000617,51,86
1700000618,35,60
1700000619,19,476
1700000620,71,317
1700000621,21,434
1700000622,0,228
1700000623,97,412
1700000624,97,475
1700000625,46,221
1700000626,34,82
1700000627,40,462
1700000628,24,349
1700000629,81,344
1700000630,16,26
1700000631,6,391
1700000632,74,87
1700000633,72,275
1700000634,70,78
1700000635,7,295
1700000636,37,181
1700000637,59,389
1700000638,46,158
1700000639,32,37
1700000640,25,335
1700000641,45,434
1700000642,8,332
1700000643,9,379
1700000644,72,127
1700000645,56,401
1700000646,69,349
1700000647,30,294
1700000648,79,137
1700000649,71,345
1700000650,37,26
1700000651,64,221
1700000652,84,370
1700000653,43,240
1700000654,76,357
1700000655,7,192
1700000656,42,245
1700000657,62,145
1700000658,68,250
1700000659,0,192
1700000660,32,457
1700000661,74,298
1700000662,82,241
1700000663,23,419
1700000664,29,199
1700000665,55,165
1700000666,87,141
1700000667,13,175
1700000668,14,47
1700000669,13,438
1700000670,32,224
1700000671,30,91
1700000672,69,349
1700000673,97,90
1700000674,98,451
1700000675,0,258
1700000676,70,148
1700000677,81,83
1700000678,43,294
1700000679,24,463
1700000680,75,369
1700000681,88,63
1700000682,21,162
1700000683,1,175
1700000684,60,97
1700000685,57,29
1700000686,76,398
1700000687,61,291
1700000688,17,9
1700000689,71,151
1700000690,65,92
1700000691,66,303
1700000692,13,78
1700000693,63,321
1700000694,95,496
1700000695,39,486
1700000696,73,154
1700000697,6,200
1700000698,21,74
1700000699,48,335
1700000700,83,439
1700000701,1,246
1700000702,55,453
1700000703,52,312
1700000704,72,324
1700000705,81,9
1700000706,3,442
1700000707,74,85
1700000708,89,396
1700000709,35,208
1700000710,24,303
1700000711,65,307
1700000712,91,248
1700000713,48,122
1700000714,43,277
1700000715,28,185
1700000716,73,436
1700000717,74,19
1700000718,73,428
1700000719,1,410
1700000720,18,7
1700000721,16,105
1700000722,34,125
1700000723,95,39
1700000724,62,212
1700000725,93,31
1700000726,57,190
1700000727,89,2
1700000728,80,110
1700000729,22,316
1700000730,73,418
1700000731,26,355
1700000732,96,179
1700000733,3,152
1700000734,19,447
1700000735,66,403
1700000736,77,495
1700000737,62,197
1700000738,11,417
1700000739,16,242
1700000740,9,155
1700000741,85,488
1700000742,23,254
1700000743,99,363
1700000744,60,150
1700000745,97,453
1700000746,7,245
1700000747,37,24
1700000748,46,35
1700000749,10,181
1700000750,67,219
1700000751,4,57
1700000752,87,286
1700000753,83,482
1700000754,21,66
1700000755,5,407
1700000756,29,344
1700000757,53,454
1700000758,6,40
1700000759,38,446
1700000760,5,212
1700000761,47,171
1700000762,65,312
1700000763,78,459
1700000764,78,497
1700000765,37,198
1700000766,32,471
1700000767,49,8
1700000768,71,278
1700000769,0,239
1700000770,29,285
1700000771,8,193
1700000772,69,359
1700000773,45,426
1700000774,34,343
1700000775,69,19
1700000776,6,168
1700000777,74,452
1700000778,84,239
1700000779,39,165
1700000780,21,81
1700000781,44,468
1700000782,63,49
1700000783,95,185
1700000784,28,162
1700000785,6,327
1700000786,39,467
1700000787,94,4
1700000788,65,146
1700000789,14,382
1700000790,95,365
1700000791,46,28
1700000792,16,294
1700000793,3,140
1700000794,29,182
1700000795,68,10
1700000796,77,154
1700000797,69,476
1700000798,87,195
1700000799,84,366
1700000800,69,326
1700000801,50,320
1700000802,57,434
1700000803,40,371
1700000804,0,469
1700000805,84,66
1700000806,37,496
1700000807,24,181
1700000808,44,490
1700000809,80,418
1700000810,64,457
1700000811,36,213
1700000812,89,478
1700000813,12,231
1700000814,18,116
1700000815,48,275
1700000816,42,345
1700000817,86,154
1700000818,31,301
1700000819,87,224
1700000820,2,416
1700000821,8,118
1700000822,48,394
1700000823,89,108
1700000824,20,26
1700000825,10,186
1700000826,47,56
1700000827,86,96
1700000828,94,472
1700000829,84,433
1700000830,76,339
1700000831,7,490
1700000832,82,40
1700000833,2,212
1700000834,30,360
1700000835,8,286
1700000836,85,223
1700000837,63,134
1700000838,14,9
1700000839,69,53
1700000840,25,292
1700000841,79,323
1700000842,9,428
1700000843,97,469
1700000844,97,496
1700000845,48,331
1700000846,33,492
1700000847,9,167
1700000848,77,59
1700000849,38,366
1700000850,29,124
1700000851,57,429
1700000852,16,248
1700000853,84,401
1700000854,41,388
1700000855,37,104
1700000856,55,28
1700000857,55,65
1700000858,55,492
1700000859,32,73
1700000860,96,187
1700000861,18,290
1700000862,92,400
1700000863,36,341
1700000864,72,327
1700000865,81,262
1700000866,70,208
1700000867,26,252
1700000868,51,364
1700000869,12,133
1700000870,6,82
1700000871,50,277
1700000872,87,423
1700000873,12,74
1700000874,66,372
1700000875,28,141
1700000876,28,58
1700000877,7,415
1700000878,7,356
1700000879,53,205
1700000880,83,257
1700000881,89,17
1700000882,98,371
1700000883,12,468
1700000884,16,218
1700000885,39,26
1700000886,28,459
1700000887,54,161
1700000888,36,225
1700000889,78,277
1700000890,55,421
1700000891,2,489
1700000892,77,112
1700000893,20,342
1700000894,92,107
1700000895,9,17
1700000896,78,74
1700000897,77,140
1700000898,96,165
1700000899,32,269
1700000900,76,479
1700000901,44,336
1700000902,6,347
1700000903,97,280
1700000904,17,390
1700000905,73,107
1700000906,50,129
1700000907,62,217
1700000908,73,202
1700000909,86,226
1700000910,45,213
1700000911,41,435
1700000912,71,427
1700000913,29,163
1700000914,68,202
1700000915,5,12
1700000916,96,356
1700000917,62,238
1700000918,21,461
1700000919,4,230
1700000920,96,124
1700000921,4,244
1700000922,75,88
1700000923,9,124
1700000924,89,331
1700000925,90,336
1700000926,13,278
1700000927,94,332
1700000928,98,82
1700000929,68,110
1700000930,77,191
1700000931,78,421
1700000932,99,83
1700000933,91,498
1700000934,100,25
1700000935,66,240
1700000936,30,73
1700000937,90,344
1700000938,59,329
1700000939,9,395
1700000940,99,332
1700000941,31,254
1700000942,12,30
1700000943,22,333
1700000944,99,346
1700000945,21,69
1700000946,78,121
1700000947,9,238
1700000948,5,60
1700000949,12,38
1700000950,89,393
1700000951,7,52
1700000952,61,428
1700000953,56,40
1700000954,76,493
1700000955,76,299
1700000956,26,384
1700000957,97,444
1700000958,98,55
1700000959,25,57
1700000960,81,296
1700000961,90,337
1700000962,47,85
1700000963,67,141
1700000964,40,97
1700000965,64,277
1700000966,26,490
1700000967,55,103
1700000968,68,229
1700000969,59,299
1700000970,69,380
1700000971,38,337
1700000972,57,393
1700000973,0,177
1700000974,0,134
1700000975,67,131
1700000976,13,493
1700000977,78,209
1700000978,52,155
1700000979,55,40
1700000980,38,83
1700000981,98,177
1700000982,18,443
1700000983,14,34
1700000984,48,325
1700000985,34,95
1700000986,30,474
1700000987,5,176
1700000988,32,393
1700000989,55,204
1700000990,66,33
1700000991,93,363
1700000992,33,372
1700000993,93,348
1700000994,43,421
1700000995,90,204
1700000996,31,332
1700000997,1,463
1700000998,95,150
1700000999,29,435
1700001000,38,124
1700001001,2,106
1700001002,22,98
1700001003,1,62
1700001004,33,136
1700001005,60,58
1700001006,44,482
1700001007,10,300
1700001008,84,495
1700001009,70,362
1700001010,100,207
1700001011,87,166
1700001012,13,204
1700001013,52,218
1700001014,97,216
1700001015,75,404
1700001016,90,433
1700001017,98,25
1700001018,93,183
1700001019,42,2
1700001020,64,308
1700001021,13,223
1700001022,69,295
1700001023,65,26
1700001024,77,224
1700001025,15,256
1700001026,73,81
1700001027,49,410
1700001028,9,135
1700001029,14,72
1700001030,89,368
1700001031,85,137
1700001032,44,156
1700001033,77,273
1700001034,31,343
1700001035,12,222
1700001036,54,454
1700001037,42,387
1700001038,27,195
1700001039,8,316
1700001040,55,61
1700001041,15,238
1700001042,62,168
1700001043,42,406
1700001044,18,294
1700001045,5,9
1700001046,67,354
1700001047,61,328
1700001048,33,467
1700001049,55,377
1700001050,33,77
1700001051,16,201
1700001052,38,495
1700001053,100,32
1700001054,73,188
1700001055,73,236
1700001056,69,365
1700001057,47,244
1700001058,1,291
1700001059,37,79
1700001060,64,421
1700001061,85,137
1700001062,22,312
1700001063,26,260
1700001064,79,68
1700001065,9,101
1700001066,11,241
1700001067,42,165
1700001068,96,225
1700001069,43,63
1700001070,46,361
1700001071,20,368
1700001072,12,351
1700001073,68,18
1700001074,66,339
1700001075,93,289
1700001076,33,46
1700001077,46,309
1700001078,76,371
1700001079,39,292
1700001080,46,70
1700001081,98,235
1700001082,10,454
1700001083,82,405
1700001084,37,372
1700001085,33,236
1700001086,55,422
1700001087,100,34
1700001088,11,264
1700001089,45,251
1700001090,56,182
1700001091,51,441
1700001092,82,81
1700001093,47,320
1700001094,29,417
1700001095,89,23
1700001096,27,195
1700001097,100,19
1700001098,72,50
1700001099,6,364
1700001100,26,470
1700001101,75,174
1700001102,62,210
1700001103,91,7
1700001104,58,216
1700001105,1,40
1700001106,96,144
1700001107,48,15
1700001108,94,387
1700001109,29,357
1700001110,54,224
1700001111,23,268
1700001112,75,383
1700001113,4,357
1700001114,65,97
1700001115,100,442
1700001116,43,417
1700001117,52,372
1700001118,51,332
1700001119,69,242
1700001120,23,266
1700001121,9,473
1700001122,11,55
1700001123,5,115
1700001124,92,297
1700001125,0,436
1700001126,96,29
1700001127,97,211
1700001128,40,293
1700001129,93,141
1700001130,87,443
1700001131,89,235
1700001132,78,342
1700001133,65,171
1700001134,73,398
1700001135,8,387
1700001136,68,88
1700001137,40,248
1700001138,82,231
1700001139,57,218
1700001140,49,316
1700001141,56,121
1700001142,59,350
1700001143,35,451
1700001144,70,79
1700001145,17,69
1700001146,3,373
1700001147,89,181
1700001148,31,21
1700001149,1,78
1700001150,100,407
1700001151,79,475
1700001152,11,492
1700001153,81,205
1700001154,13,232
1700001155,22,307
1700001156,5,476
1700001157,77,382
1700001158,62,426
1700001159,4,49
1700001160,7,280
1700001161,100,343
1700001162,21,126
1700001163,86,197
1700001164,42,39
1700001165,94,389
1700001166,69,216
1700001167,15,105
1700001168,96,439
1700001169,88,245
1700001170,48,463
1700001171,76,309
1700001172,64,183
1700001173,59,442
1700001174,65,447
1700001175,55,303
1700001176,75,404
1700001177,42,254
1700001178,79,425
1700001179,42,174
1700001180,70,180
1700001181,69,324
1700001182,8,112
1700001183,17,421
1700001184,37,476
1700001185,16,466
1700001186,9,160
1700001187,41,38
1700001188,55,71
1700001189,99,233
1700001190,48,260
1700001191,66,287
1700001192,8,213
1700001193,62,478
1700001194,30,386
1700001195,20,279
1700001196,7,327
1700001197,20,121
1700001198,53,346
1700001199,89,205
1700001200,94,203
1700001201,32,80
1700001202,57,158
1700001203,57,209
1700001204,98,303
1700001205,6,201
1700001206,85,24
1700001207,48,36
1700001208,84,495
1700001209,91,45
1700001210,3,207
1700001211,55,281
1700001212,10,95
1700001213,50,11
1700001214,86,197
1700001215,65,86
1700001216,100,469
1700001217,56,75
1700001218,88,164
1700001219,56,307
1700001220,14,248
1700001221,3,332
1700001222,87,205
1700001223,47,243
1700001224,67,454
1700001225,58,234
1700001226,94,21
1700001227,31,272
1700001228,11,228
1700001229,98,72
1700001230,78,102
1700001231,60,449
1700001232,57,92
1700001233,38,158
1700001234,62,140
1700001235,80,432
1700001236,63,159
1700001237,21,424
1700001238,34,29
1700001239,53,165
1700001240,9,158
1700001241,53,433
1700001242,14,227
1700001243,14,412
1700001244,97,424
1700001245,88,124
1700001246,44,114
1700001247,68,35
1700001248,71,282
1700001249,58,493
1700001250,13,349
1700001251,40,101
1700001252,65,331
1700001253,37,65
1700001254,71,414
1700001255,35,388
1700001256,8,99
1700001257,90,455
1700001258,95,183
1700001259,100,154
1700001260,66,214
1700001261,26,153
1700001262,5,218
1700001263,73,404
1700001264,66,330
1700001265,73,105
1700001266,50,371
1700001267,83,442
1700001268,2,316
1700001269,1,96
1700001270,97,169
1700001271,34,486
1700001272,64,457
1700001273,84,418
1700001274,4,48
1700001275,65,3
1700001276,52,203
1700001277,3,20
1700001278,7,43
1700001279,12,171
1700001280,69,142
1700001281,60,274
1700001282,72,419
1700001283,68,35
1700001284,34,214
1700001285,50,64
1700001286,100,310
1700001287,68,275
1700001288,22,68
1700001289,88,304
1700001290,21,325
1700001291,20,291
1700001292,99,462
1700001293,16,500
1700001294,77,200
1700001295,92,428
1700001296,13,253
1700001297,41,158
1700001298,11,296
1700001299,77,195
1700001300,80,119
1700001301,46,479
1700001302,41,380
1700001303,72,421
1700001304,100,468
1700001305,78,33
1700001306,31,61
1700001307,73,308
1700001308,66,264
1700001309,46,412
1700001310,64,355
1700001311,62,7
1700001312,83,465
1700001313,94,256
1700001314,89,124
1700001315,85,311
1700001316,30,220
1700001317,76,179
1700001318,28,197
1700001319,77,489
1700001320,65,100
1700001321,90,268
1700001322,49,235
1700001323,7,332
1700001324,69,244
1700001325,72,315
1700001326,88,238
1700001327,74,338
1700001328,32,138
1700001329,13,441
1700001330,66,437
1700001331,37,383
1700001332,48,220
1700001333,99,247
1700001334,61,232
1700001335,97,360
1700001336,54,13
1700001337,31,140
1700001338,99,89
1700001339,86,125
1700001340,54,63
1700001341,52,306
1700001342,66,408
1700001343,80,357
1700001344,56,176
1700001345,86,183
1700001346,56,28
1700001347,39,58
1700001348,51,452
1700001349,10,150
1700001350,79,120
1700001351,61,104
1700001352,44,86
1700001353,20,8
1700001354,34,312
1700001355,1,98
1700001356,58,164
1700001357,42,330
1700001358,35,195
1700001359,13,6
1700001360,41,140
1700001361,59,356
1700001362,37,166
1700001363,34,213
1700001364,4,205
1700001365,45,238
1700001366,7,316
1700001367,79,342
1700001368,20,159
1700001369,32,203
1700001370,83,7
1700001371,97,432
1700001372,37,157
1700001373,3,356
1700001374,71,305
1700001375,57,267
1700001376,11,193
1700001377,43,388
1700001378,76,197
1700001379,35,185
1700001380,90,483
1700001381,14,18
1700001382,48,356
1700001383,57,276
1700001384,63,98
1700001385,20,83
1700001386,92,383
1700001387,19,242
1700001388,18,304
1700001389,41,225
1700001390,28,449
1700001391,45,487
1700001392,14,44
1700001393,71,471
1700001394,4,497
1700001395,96,337
1700001396,56,102
1700001397,34,324
1700001398,73,207
1700001399,60,48
1700001400,23,323
1700001401,21,414
1700001402,52,231
1700001403,33,437
1700001404,42,95
1700001405,73,188
1700001406,97,386
1700001407,38,447
1700001408,13,295
1700001409,18,284
1700001410,54,462
1700001411,37,158
1700001412,95,303
1700001413,10,183
1700001414,82,102
1700001415,22,247
1700001416,6,227
1700001417,65,298
1700001418,93,21
1700001419,65,272
1700001420,19,423
1700001421,91,339
1700001422,91,476
1700001423,45,151
1700001424,100,449
1700001425,3,202
1700001426,60,90
1700001427,81,208
1700001428,35,187
1700001429,16,151
1700001430,7,47
1700001431,96,481
1700001432,5,475
1700001433,81,313
1700001434,43,87
1700001435,92,325
1700001436,34,463
1700001437,99,170
1700001438,5,43
1700001439,53,355
1700001440,46,402
1700001441,73,216
1700001442,98,292
1700001443,70,355
1700001444,90,268
1700001445,87,134
1700001446,23,452
1700001447,93,475
1700001448,68,492
1700001449,17,377
1700001450,47,168
1700001451,29,308
1700001452,70,434
1700001453,35,384
1700001454,89,432
1700001455,61,49
1700001456,96,391
1700001457,81,314
1700001458,22,177
1700001459,76,369
1700001460,89,293
1700001461,36,252
1700001462,55,141
1700001463,2,197
1700001464,36,414
1700001465,86,436
1700001466,85,423
1700001467,84,468
1700001468,51,490
1700001469,100,296
1700001470,94,470
1700001471,43,402
1700001472,74,337
1700001473,95,39
1700001474,74,487
1700001475,49,173
1700001476,21,365
1700001477,6,99
1700001478,86,318
1700001479,26,167
1700001480,94,289
1700001481,41,448
1700001482,50,453
1700001483,46,225
1700001484,98,306
1700001485,14,39
1700001486,15,389
1700001487,74,186
1700001488,82,422
1700001489,24,336
1700001490,70,437
1700001491,99,305
1700001492,64,260
1700001493,68,11
1700001494,22,423
1700001495,23,266
1700001496,42,218
1700001497,74,375
1700001498,37,213
1700001499,32,54
1700001500,58,422
1700001501,21,186
1700001502,12,184
1700001503,89,187
1700001504,50,452
1700001505,33,163
1700001506,98,365
1700001507,69,111
1700001508,1,223
1700001509,82,357
1700001510,75,359
1700001511,22,128
1700001512,13,166
1700001513,74,230
1700001514,98,218
1700001515,2,254
1700001516,34,358
1700001517,55,274
1700001518,45,272
1700001519,78,349
1700001520,71,265
1700001521,43,473
1700001522,70,357
1700001523,100,129
1700001524,27,499
1700001525,53,399
1700001526,71,28
1700001527,9,344
1700001528,100,473
1700001529,26,19
1700001530,16,78
1700001531,59,287
1700001532,15,482
1700001533,11,298
1700001534,36,239
1700001535,95,417
1700001536,99,240
1700001537,22,282
1700001538,4,419
1700001539,17,4
1700001540,28,121
1700001541,2,299
1700001542,81,357
1700001543,78,208
1700001544,66,185
1700001545,91,257
1700001546,0,358
1700001547,8,405
1700001548,32,310
1700001549,31,427
1700001550,14,185
1700001551,20,340
1700001552,30,363
1700001553,58,394
1700001554,52,10
1700001555,80,56
1700001556,6,435
1700001557,82,431
1700001558,39,391
1700001559,40,269
1700001560,88,349
1700001561,69,27
1700001562,9,259
1700001563,43,201
1700001564,59,114
1700001565,36,458
1700001566,59,267
1700001567,98,235
1700001568,11,71
1700001569,33,24
1700001570,4,12
1700001571,89,27
1700001572,100,339
1700001573,46,227
1700001574,70,250
1700001575,78,491
1700001576,24,289
1700001577,9,428
1700001578,51,484
1700001579,18,374
1700001580,19,157
1700001581,52,303
1700001582,97,36
1700001583,62,56
1700001584,83,360
1700001585,59,204
1700001586,3,86
1700001587,96,257
1700001588,68,220
1700001589,93,95
1700001590,63,117
1700001591,84,311
1700001592,32,238
1700001593,97,142
1700001594,25,133
1700001595,46,280
1700001596,93,117
1700001597,47,274
1700001598,10,353
1700001599,96,67
1700001600,28,254
1700001601,79,13
1700001602,53,111
1700001603,73,214
1700001604,83,87
1700001605,11,216
1700001606,28,206
1700001607,10,425
1700001608,31,102
1700001609,49,240
1700001610,29,469
1700001611,6,258
1700001612,65,415
1700001613,58,450
1700001614,22,90
1700001615,13,473
1700001616,92,255
1700001617,25,411
1700001618,22,467
1700001619,68,413
1700001620,34,374
1700001621,14,482
1700001622,23,269
1700001623,38,316
1700001624,74,181
1700001625,64,58
1700001626,99,82
1700001627,92,27
1700001628,77,111
1700001629,17,376
1700001630,17,261
1700001631,33,116
1700001632,50,444
1700001633,53,242
1700001634,78,333
1700001635,88,166
1700001636,17,430
1700001637,63,185
1700001638,86,190
1700001639,6,2
1700001640,96,310
1700001641,28,62
1700001642,5,286
1700001643,79,497
1700001644,94,116
1700001645,48,251
1700001646,37,266
1700001647,54,10
1700001648,15,437
1700001649,40,493
1700001650,29,225
1700001651,10,107
1700001652,7,360
1700001653,34,478
1700001654,91,429
1700001655,1,30
1700001656,56,234
1700001657,100,98
1700001658,25,402
1700001659,92,104
1700001660,1,34
1700001661,23,250
1700001662,64,380
1700001663,69,156
1700001664,35,405
1700001665,8,121
1700001666,7,72
1700001667,1,56
1700001668,93,194
1700001669,63,391
1700001670,48,167
1700001671,35,294
1700001672,70,35
1700001673,10,107
1700001674,14,201
1700001675,86,267
1700001676,91,467
1700001677,45,293
1700001678,7,182
1700001679,67,354
1700001680,48,223
1700001681,56,97
1700001682,100,71
1700001683,27,311
1700001684,90,65
1700001685,82,317
1700001686,13,414
1700001687,56,174
1700001688,66,308
1700001689,47,38
1700001690,0,213
1700001691,61,324
1700001692,52,352
1700001693,32,274
1700001694,89,380
1700001695,27,286
1700001696,83,26
1700001697,67,1
1700001698,38,290
1700001699,43,292
1700001700,58,452
1700001701,15,221
1700001702,49,31
1700001703,77,7
1700001704,99,190
1700001705,50,85
1700001706,1,68
1700001707,72,106
1700001708,39,429
1700001709,21,222
1700001710,13,368
1700001711,81,183
1700001712,9,273
1700001713,63,161
1700001714,46,315
1700001715,25,478
1700001716,12,491
1700001717,58,234
1700001718,56,308
1700001719,22,203
1700001720,35,446
1700001721,77,278
1700001722,51,358
1700001723,32,200
1700001724,20,329
1700001725,36,163
1700001726,83,54
1700001727,14,125
1700001728,64,339
1700001729,26,419
1700001730,22,121
1700001731,21,81
1700001732,10,227
1700001733,41,209
1700001734,91,158
1700001735,63,295
1700001736,60,231
1700001737,77,72
1700001738,93,186
1700001739,17,294
1700001740,3,227
1700001741,65,251
1700001742,82,339
1700001743,33,377
1700001744,55,150
1700001745,77,380
1700001746,79,436
1700001747,18,139
1700001748,94,456
1700001749,65,450
1700001750,68,381
1700001751,4,355
1700001752,76,4
1700001753,21,144
1700001754,84,381
1700001755,5,204
1700001756,17,430
1700001757,9,53
1700001758,38,403
1700001759,25,99
1700001760,71,176
1700001761,30,280
1700001762,51,310
1700001763,85,450
1700001764,26,390
1700001765,97,229
1700001766,83,170
1700001767,31,488
1700001768,6,384
1700001769,55,235
1700001770,16,370
1700001771,44,176
1700001772,34,91
1700001773,86,94
1700001774,78,232
1700001775,44,291
1700001776,76,409
1700001777,87,52
1700001778,46,78
1700001779,34,158
1700001780,17,58
1700001781,79,483
1700001782,64,220
1700001783,71,250
1700001784,35,249
1700001785,85,482
1700001786,49,187
1700001787,67,448
1700001788,28,391
1700001789,49,36
1700001790,89,400
1700001791,2,465
1700001792,30,379
1700001793,32,375
1700001794,9,476
1700001795,34,310
1700001796,32,441
1700001797,77,54
1700001798,24,50
1700001799,24,488
1700001800,23,331
1700001801,92,418
1700001802,53,35
1700001803,40,481
1700001804,22,365
1700001805,41,400
1700001806,74,287
1700001807,28,124
1700001808,43,205
1700001809,64,488
1700001810,43,123
1700001811,98,271
1700001812,81,86
1700001813,35,277
1700001814,0,141
1700001815,11,188
1700001816,1,257
1700001817,57,399
1700001818,13,360
1700001819,9,275
1700001820,98,184
1700001821,52,121
1700001822,38,130
1700001823,70,84
1700001824,5,170
1700001825,97,218
1700001826,88,135
1700001827,58,36
1700001828,75,90
1700001829,61,208
1700001830,61,186
1700001831,85,298
1700001832,92,491
1700001833,29,252
1700001834,64,65
1700001835,92,318
1700001836,48,4
1700001837,19,82
1700001838,29,134
1700001839,82,354
1700001840,89,454
1700001841,73,420
1700001842,97,136
1700001843,2,354
1700001844,91,280
1700001845,99,297
1700001846,41,218
1700001847,4,6
1700001848,9,114
1700001849,42,217
1700001850,20,426
1700001851,80,100
1700001852,7,445
1700001853,6,66
1700001854,97,12
1700001855,52,180
1700001856,98,5
1700001857,41,268
1700001858,59,174
1700001859,46,57
1700001860,17,335
1700001861,36,421
1700001862,96,203
1700001863,49,374
1700001864,76,253
1700001865,88,83
1700001866,95,382
1700001867,23,454
1700001868,14,141
1700001869,66,452
1700001870,61,441
1700001871,87,351
1700001872,29,65
1700001873,96,216
1700001874,51,125
1700001875,2,54
1700001876,67,96
1700001877,39,471
1700001878,10,124
1700001879,89,271
1700001880,83,81
1700001881,61,278
1700001882,7,176
1700001883,60,337
1700001884,5,488
1700001885,62,216
1700001886,24,3
1700001887,35,471
1700001888,24,139
1700001889,82,261
1700001890,61,182
1700001891,63,116
1700001892,53,114
1700001893,10,104
1700001894,77,96
1700001895,74,429
1700001896,75,292
1700001897,61,85
1700001898,51,22
1700001899,0,39
1700001900,86,203
1700001901,81,141
1700001902,11,135
1700001903,18,380
1700001904,67,278
1700001905,100,353
1700001906,42,409
1700001907,25,83
1700001908,65,89
1700001909,69,295
1700001910,69,203
1700001911,97,254
1700001912,61,479
1700001913,85,122
1700001914,49,173
1700001915,83,3
1700001916,17,130
1700001917,31,191
1700001918,34,376
1700001919,18,86
1700001920,10,271
1700001921,13,202
1700001922,51,302
1700001923,44,13
1700001924,52,349
1700001925,8,368
1700001926,94,291
1700001927,59,497
1700001928,1,191
1700001929,53,208
1700001930,73,389
1700001931,21,204
1700001932,67,23
1700001933,39,126
1700001934,5,118
1700001935,52,261
1700001936,77,12
1700001937,71,60
1700001938,60,107
1700001939,64,106
1700001940,42,294
1700001941,46,462
1700001942,41,114
1700001943,41,263
1700001944,11,399
1700001945,80,352
1700001946,14,226
1700001947,7,137
1700001948,33,402
1700001949,46,281
1700001950,76,110
1700001951,55,374
1700001952,90,176
1700001953,7,41
1700001954,19,76
1700001955,47,276
1700001956,22,257
1700001957,97,181
1700001958,18,211
1700001959,26,29
1700001960,27,155
1700001961,86,32
1700001962,15,249
1700001963,14,228
1700001964,4,44
1700001965,88,241
1700001966,53,391
1700001967,21,72
1700001968,5,106
1700001969,21,385
1700001970,16,121
1700001971,87,283
1700001972,97,411
1700001973,68,370
1700001974,79,178
1700001975,14,387
1700001976,86,339
1700001977,80,221
1700001978,80,150
1700001979,33,397
1700001980,46,400
1700001981,16,365
1700001982,59,487
1700001983,42,325
1700001984,87,444
1700001985,13,221
1700001986,82,281
1700001987,33,117
1700001988,54,317
1700001989,89,296
1700001990,68,288
1700001991,30,325
1700001992,22,376
1700001993,44,159
1700001994,16,219
1700001995,75,69
1700001996,16,216
1700001997,18,38
1700001998,3,21
1700001999,83,484
1700002000,59,302
1700002001,61,460
1700002002,63,474
1700002003,46,187
1700002004,41,360
1700002005,40,175
1700002006,92,392
1700002007,2,418
1700002008,32,166
1700002009,54,216
1700002010,25,250
1700002011,24,369
1700002012,76,339
1700002013,87,432
1700002014,4,97
1700002015,36,398
1700002016,28,465
1700002017,58,55
1700002018,9,285
1700002019,82,209
1700002020,41,290
1700002021,73,174
1700002022,81,397
1700002023,82,195
1700002024,0,69
1700002025,81,448
1700002026,4,482
1700002027,84,221
1700002028,18,435
1700002029,12,189
1700002030,9,343
1700002031,22,343
1700002032,98,458
1700002033,24,457
1700002034,15,114
1700002035,10,430
1700002036,98,21
1700002037,60,311
1700002038,4,313
1700002039,59,274
1700002040,60,362
1700002041,63,236
1700002042,75,247
1700002043,36,253
1700002044,5,389
1700002045,19,273
1700002046,68,44
1700002047,72,347
1700002048,25,150
1700002049,3,5
1700002050,84,492
1700002051,53,51
1700002052,76,115
1700002053,85,363
1700002054,90,344
1700002055,70,357
1700002056,3,389
1700002057,26,51
1700002058,62,371
1700002059,19,17
1700002060,56,329
1700002061,38,480
1700002062,38,459
1700002063,67,251
1700002064,35,153
1700002065,53,409
1700002066,34,116
1700002067,23,41
1700002068,98,314
1700002069,52,133
1700002070,73,158
1700002071,10,52
1700002072,57,284
1700002073,2,370
1700002074,3,119
1700002075,87,274
1700002076,55,26
1700002077,26,164
1700002078,85,24
1700002079,96,497
1700002080,70,436
1700002081,69,384
1700002082,14,345
1700002083,5,138
1700002084,72,84
1700002085,68,328
1700002086,84,183
1700002087,27,392
1700002088,78,473
1700002089,38,482
1700002090,35,436
1700002091,18,262
1700002092,25,371
1700002093,21,69
1700002094,41,186
1700002095,18,262
1700002096,75,21
1700002097,33,426
1700002098,56,385
1700002099,63,425
1700002100,23,353
1700002101,49,280
1700002102,12,69
1700002103,65,29
1700002104,8,315
1700002105,38,240
1700002106,84,417
1700002107,27,139
1700002108,55,53
1700002109,55,41
1700002110,11,321
1700002111,34,154
1700002112,32,158
1700002113,97,317
1700002114,97,489
1700002115,70,245
1700002116,66,432
1700002117,96,214
1700002118,62,138
1700002119,53,95
1700002120,61,324
1700002121,17,346
1700002122,53,365
1700002123,29,306
1700002124,48,249
1700002125,80,156
1700002126,52,270
1700002127,86,479
1700002128,26,221
1700002129,46,264
1700002130,59,311
1700002131,95,346
1700002132,63,10
1700002133,62,206
1700002134,71,119
1700002135,93,175
1700002136,28,492
1700002137,24,473
1700002138,55,374
1700002139,82,460
1700002140,33,148
1700002141,89,305
1700002142,39,86
1700002143,89,256
1700002144,26,224
1700002145,44,168
1700002146,77,64
1700002147,13,430
1700002148,27,411
1700002149,63,323
1700002150,19,459
1700002151,55,14
1700002152,62,344
1700002153,30,438
1700002154,26,272
1700002155,88,177
1700002156,99,87
1700002157,20,101
1700002158,17,12
1700002159,82,85
1700002160,73,234
1700002161,68,63
1700002162,47,355
1700002163,70,109
1700002164,37,242
1700002165,59,279
1700002166,72,327
1700002167,64,470
1700002168,65,469
1700002169,32,148
1700002170,76,478
1700002171,39,343
1700002172,12,125
1700002173,32,226
1700002174,49,484
1700002175,7,411
1700002176,74,331
1700002177,78,268
1700002178,8,209
1700002179,18,456
1700002180,95,205
1700002181,44,16
1700002182,83,449
1700002183,43,445
1700002184,23,430
1700002185,12,173
1700002186,41,26
1700002187,19,283
1700002188,53,133
1700002189,26,149
1700002190,16,305
1700002191,29,311
1700002192,41,483
1700002193,80,394
1700002194,10,43
1700002195,26,451
1700002196,77,255
1700002197,4,206
1700002198,43,150
1700002199,60,99
1700002200,58,199
1700002201,56,209
1700002202,77,385
1700002203,85,293
1700002204,89,446
1700002205,54,97
1700002206,77,361
1700002207,92,100
1700002208,31,78
1700002209,29,216
1700002210,24,204
1700002211,53,399
1700002212,75,353
1700002213,26,242
1700002214,78,93
1700002215,42,340
1700002216,81,43
1700002217,96,186
1700002218,42,48
1700002219,0,449
1700002220,16,339
1700002221,72,499
1700002222,63,36
1700002223,5,400
1700002224,12,320
1700002225,87,27
1700002226,70,86
1700002227,99,407
1700002228,11,236
1700002229,42,406
1700002230,46,202
1700002231,49,26
1700002232,58,275
1700002233,81,125
1700002234,2,100
1700002235,5,57
1700002236,71,270
1700002237,88,293
1700002238,26,169
1700002239,53,212
1700002240,21,248
1700002241,49,7
1700002242,12,61
1700002243,37,180
1700002244,18,495
1700002245,66,71
1700002246,51,356
1700002247,70,389
1700002248,89,321
1700002249,96,496
1700002250,65,125
1700002251,61,155
1700002252,97,29
1700002253,48,157
1700002254,41,134
1700002255,27,169
1700002256,10,68
1700002257,59,421
1700002258,40,215
1700002259,84,151
1700002260,53,296
1700002261,82,407
1700002262,36,383
1700002263,65,188
1700002264,87,193
1700002265,51,327
1700002266,6,160
1700002267,94,454
1700002268,96,500
1700002269,98,419
1700002270,59,202
1700002271,83,400
1700002272,86,467
1700002273,25,58
1700002274,92,76
1700002275,11,399
1700002276,96,329
1700002277,80,348
1700002278,16,320
1700002279,11,460
1700002280,78,310
1700002281,95,272
1700002282,59,48
1700002283,0,85
1700002284,69,435
1700002285,61,140
1700002286,34,472
1700002287,22,285
1700002288,18,385
1700002289,46,303
1700002290,10,198
1700002291,56,74
1700002292,94,320
1700002293,8,199
1700002294,91,38
1700002295,55,385
1700002296,68,43
1700002297,14,388
1700002298,52,10
1700002299,11,292
1700002300,41,220
1700002301,17,426
1700002302,85,280
1700002303,30,422
1700002304,35,85
1700002305,16,18
1700002306,4,222
1700002307,97,400
1700002308,52,364
1700002309,6,276
1700002310,4,7
1700002311,29,92
1700002312,67,192
1700002313,26,48
1700002314,65,425
1700002315,81,393
1700002316,69,431
1700002317,30,54
1700002318,16,26
1700002319,70,291
1700002320,38,163
1700002321,13,69
1700002322,26,305
1700002323,48,168
1700002324,15,383
1700002325,99,259
1700002326,26,303
1700002327,41,267
1700002328,15,305
1700002329,3,495
1700002330,99,449
1700002331,63,66
1700002332,49,108
1700002333,39,87
1700002334,97,426
1700002335,20,288
1700002336,27,95
1700002337,85,488
1700002338,29,8
1700002339,87,173
1700002340,42,108
1700002341,36,205
1700002342,57,258
1700002343,34,97
1700002344,84,168
1700002345,7,414
1700002346,15,79
1700002347,25,400
1700002348,60,470
1700002349,44,454
1700002350,98,67
1700002351,38,500
1700002352,95,69
1700002353,91,99
1700002354,55,78
1700002355,72,436
1700002356,53,181
1700002357,37,46
1700002358,90,379
1700002359,62,458
1700002360,66,230
1700002361,21,270
1700002362,13,491
1700002363,34,114
1700002364,97,177
1700002365,75,97
1700002366,74,63
1700002367,69,281
1700002368,95,38
1700002369,21,149
1700002370,96,497
1700002371,3,157
1700002372,87,205
1700002373,99,368
1700002374,47,63
1700002375,2,195
1700002376,67,261
1700002377,81,432
1700002378,56,419
1700002379,41,401
1700002380,23,356
1700002381,3,19
1700002382,18,383
1700002383,52,116
1700002384,10,498
1700002385,84,459
1700002386,68,230
1700002387,54,321
1700002388,21,439
1700002389,73,143
1700002390,37,316
1700002391,0,236
1700002392,2,301
1700002393,61,307
1700002394,33,10
1700002395,43,139
1700002396,46,377
1700002397,88,430
1700002398,89,133
1700002399,11,174
1700002400,17,290
1700002401,23,48
1700002402,25,268
1700002403,83,113
1700002404,36,347
1700002405,40,431
1700002406,98,186
1700002407,1,407
1700002408,39,59
1700002409,95,134
1700002410,92,3
1700002411,95,495
1700002412,29,403
1700002413,36,436
1700002414,30,38
1700002415,80,389
1700002416,94,118
1700002417,67,114
1700002418,63,310
1700002419,55,101
1700002420,51,482
1700002421,92,494
1700002422,40,242
1700002423,26,158
1700002424,8,82
1700002425,19,127
1700002426,13,440
1700002427,59,284
1700002428,98,300
1700002429,32,131
1700002430,29,183
1700002431,83,441
1700002432,15,234
1700002433,69,98
1700002434,97,160
1700002435,69,104
1700002436,38,14
1700002437,7,103
1700002438,17,237
1700002439,51,347
1700002440,90,325
1700002441,46,58
1700002442,53,148
1700002443,98,372
1700002444,52,363
1700002445,81,351
1700002446,34,1
1700002447,78,150
1700002448,32,327
1700002449,79,330
1700002450,66,397
1700002451,38,135
1700002452,21,74
1700002453,91,372
1700002454,84,249
1700002455,87,245
1700002456,55,375
1700002457,39,211
1700002458,17,489
1700002459,58,295
1700002460,0,486
1700002461,41,179
1700002462,32,425
1700002463,67,354
1700002464,33,132
1700002465,87,390
1700002466,8,251
1700002467,91,369
1700002468,60,22
1700002469,21,151
1700002470,18,130
1700002471,98,460
1700002472,66,47
1700002473,45,387
1700002474,64,270
1700002475,38,75
1700002476,68,377
1700002477,46,216
1700002478,70,309
1700002479,95,308
1700002480,92,494
1700002481,29,300
1700002482,46,384
1700002483,85,134
1700002484,40,64
1700002485,46,260
1700002486,61,452
1700002487,81,498
1700002488,92,231
1700002489,66,275
1700002490,60,159
1700002491,36,267
1700002492,60,427
1700002493,32,44
1700002494,37,126
1700002495,26,396
1700002496,35,63
1700002497,7,333
1700002498,80,147
1700002499,61,248
1700002500,67,5
1700002501,68,291
1700002502,31,175
1700002503,35,191
1700002504,91,403
1700002505,10,336
1700002506,23,369
1700002507,42,158
1700002508,10,138
1700002509,9,83
1700002510,44,280
1700002511,26,300
1700002512,53,191
1700002513,28,274
1700002514,45,237
1700002515,6,308
1700002516,89,128
1700002517,81,497
1700002518,51,395
1700002519,5,214
1700002520,40,30
1700002521,90,187
1700002522,40,469
1700002523,10,372
1700002524,24,484
1700002525,91,392
1700002526,91,120
1700002527,91,352
1700002528,52,215
1700002529,11,326
1700002530,36,156
1700002531,4,311
1700002532,55,107
1700002533,74,309
1700002534,97,234
1700002535,28,301
1700002536,25,395
1700002537,0,297
1700002538,26,237
1700002539,91,385
1700002540,77,160
1700002541,76,408
1700002542,75,278
1700002543,73,365
1700002544,59,54
1700002545,60,361
1700002546,33,93
1700002547,28,245
1700002548,70,210
1700002549,31,305
1700002550,72,374
1700002551,57,208
1700002552,32,247
1700002553,2,5
1700002554,36,149
1700002555,45,281
1700002556,95,470
1700002557,50,242
1700002558,96,497
1700002559,74,52
1700002560,40,316
1700002561,17,174
1700002562,60,355
1700002563,20,193
1700002564,95,92
1700002565,12,25
1700002566,43,376
1700002567,45,444
1700002568,64,181
1700002569,77,21
1700002570,39,316
1700002571,6,192
1700002572,92,435
1700002573,67,322
1700002574,35,454
1700002575,37,245
1700002576,72,359
1700002577,26,457
1700002578,100,269
1700002579,16,18
1700002580,57,454
1700002581,59,158
1700002582,76,175
1700002583,7,424
1700002584,8,50
1700002585,57,316
1700002586,49,17
1700002587,76,465
1700002588,67,71
1700002589,52,310
1700002590,76,281
1700002591,65,283
1700002592,69,137
1700002593,75,467
1700002594,24,331
1700002595,31,53
1700002596,1,480
1700002597,19,114
1700002598,82,389
1700002599,49,380
1700002600,55,313
1700002601,52,461
1700002602,47,244
1700002603,1,189
1700002604,44,260
1700002605,27,82
1700002606,69,194
1700002607,80,285
1700002608,99,376
1700002609,24,63
1700002610,11,50
1700002611,55,53
1700002612,41,286
1700002613,81,269
1700002614,42,161
1700002615,63,70
1700002616,2,408
1700002617,66,287
1700002618,62,96
1700002619,18,66
1700002620,66,265
1700002621,45,26
1700002622,50,71
1700002623,90,62
1700002624,24,271
1700002625,52,492
1700002626,26,61
1700002627,56,270
1700002628,23,271
1700002629,48,209
1700002630,69,137
1700002631,29,142
1700002632,99,409
1700002633,77,361
1700002634,15,20
1700002635,4,289
1700002636,7,419
1700002637,27,452
1700002638,57,156
1700002639,99,407
1700002640,86,31
1700002641,53,406
1700002642,72,142
1700002643,42,186
1700002644,92,345
1700002645,5,229
1700002646,7,305
1700002647,3,378
1700002648,66,231
1700002649,35,492
1700002650,73,268
1700002651,83,168
1700002652,47,232
1700002653,66,197
1700002654,54,194
1700002655,41,470
1700002656,46,248
1700002657,22,377
1700002658,28,211
1700002659,99,452
1700002660,11,269
1700002661,91,469
1700002662,94,215
1700002663,27,138
1700002664,7,25
1700002665,48,357
1700002666,73,6
1700002667,0,458
1700002668,48,14
1700002669,84,111
1700002670,89,128
1700002671,26,12
1700002672,83,42
1700002673,65,260
1700002674,60,230
1700002675,53,198
1700002676,37,125
1700002677,62,102
1700002678,100,480
1700002679,61,144
1700002680,9,88
1700002681,7,54
1700002682,82,215
1700002683,87,169
1700002684,92,290
1700002685,65,242
1700002686,93,222
1700002687,43,174
1700002688,33,111
1700002689,72,69
1700002690,75,166
1700002691,61,347
1700002692,16,483
1700002693,61,373
1700002694,97,248
1700002695,51,8
1700002696,76,224
1700002697,55,398
1700002698,3,428
1700002699,76,190
1700002700,49,131
1700002701,41,262
1700002702,38,132
1700002703,95,276
1700002704,44,197
1700002705,55,2
1700002706,99,220
1700002707,92,157
1700002708,9,337
1700002709,25,449
1700002710,44,383
1700002711,68,126
1700002712,21,435
1700002713,100,251
1700002714,88,494
1700002715,78,492
1700002716,10,225
1700002717,12,235
1700002718,5,91
1700002719,99,153
1700002720,93,61
1700002721,77,1
1700002722,18,179
1700002723,81,156
1700002724,62,21
1700002725,13,294
1700002726,55,288
1700002727,97,166
1700002728,80,37
1700002729,89,337
1700002730,19,445
1700002731,39,305
1700002732,79,245
1700002733,14,184
1700002734,35,55
1700002735,94,311
1700002736,22,432
1700002737,35,223
1700002738,88,117
1700002739,24,401
1700002740,65,251
1700002741,12,126
1700002742,67,415
1700002743,89,51
1700002744,100,290
1700002745,94,452
1700002746,84,153
1700002747,22,137
1700002748,28,105
1700002749,44,268
1700002750,67,24
1700002751,56,33
1700002752,46,212
1700002753,62,259
1700002754,59,77
1700002755,93,373
1700002756,59,31
1700002757,65,133
1700002758,69,392
1700002759,58,442
1700002760,78,151
1700002761,40,352
1700002762,28,455
1700002763,40,338
1700002764,75,99
1700002765,24,213
1700002766,48,66
1700002767,40,84
1700002768,81,111
1700002769,83,62
1700002770,89,180
1700002771,72,305
1700002772,13,314
1700002773,47,144
1700002774,58,113
1700002775,27,75
1700002776,97,451
1700002777,10,58
1700002778,16,344
1700002779,41,249
1700002780,52,119
1700002781,68,435
1700002782,82,143
1700002783,49,408
1700002784,62,254
1700002785,100,313
1700002786,83,180
1700002787,36,498
1700002788,49,327
1700002789,30,241
1700002790,64,489
1700002791,84,66
1700002792,80,109
1700002793,41,222
1700002794,35,347
1700002795,6,470
1700002796,87,394
1700002797,36,39
1700002798,54,339
1700002799,71,310
1700002800,14,471
1700002801,24,20
1700002802,18,474
1700002803,41,335
1700002804,9,23
1700002805,15,174
1700002806,96,214
1700002807,31,358
1700002808,19,314
1700002809,33,166
1700002810,50,174
1700002811,24,259
1700002812,1,15
1700002813,27,443
1700002814,37,377
1700002815,36,218
1700002816,49,188
1700002817,91,402
1700002818,84,8
1700002819,46,452
1700002820,87,197
1700002821,97,321
1700002822,93,47
1700002823,82,235
1700002824,36,186
1700002825,98,177
1700002826,49,472
1700002827,8,203
1700002828,79,359
1700002829,98,88
1700002830,27,22
1700002831,60,137
1700002832,95,432
1700002833,87,112
1700002834,49,110
1700002835,73,340
1700002836,61,408
1700002837,79,246
1700002838,15,366
1700002839,32,237
1700002840,85,210
1700002841,30,293
1700002842,32,380
1700002843,79,476
1700002844,9,138
1700002845,78,395
1700002846,37,445
1700002847,32,132
1700002848,62,197
1700002849,9,24
1700002850,68,182
1700002851,67,456
1700002852,56,81
1700002853,64,485
1700002854,81,153
1700002855,36,301
1700002856,88,289
1700002857,33,278
1700002858,56,443
1700002859,78,382
1700002860,75,422
1700002861,71,140
1700002862,10,366
1700002863,59,332
1700002864,78,438
1700002865,34,269
1700002866,89,497
1700002867,99,487
1700002868,62,107
1700002869,5,335
1700002870,78,55
1700002871,67,400
1700002872,6,120
1700002873,57,153
1700002874,64,394
1700002875,88,51
1700002876,46,443
1700002877,89,214
1700002878,87,21
1700002879,89,115
1700002880,15,257
1700002881,46,332
1700002882,26,472
1700002883,12,79
1700002884,67,149
1700002885,5,101
1700002886,89,350
1700002887,86,408
1700002888,85,287
1700002889,31,439
1700002890,37,220
1700002891,58,213
1700002892,9,206
1700002893,68,460
1700002894,39,259
1700002895,26,123
1700002896,86,290
1700002897,13,322
1700002898,37,180
1700002899,74,260
1700002900,34,392
1700002901,69,322
1700002902,31,148
1700002903,59,254
1700002904,24,390
1700002905,11,6
1700002906,36,320
1700002907,20,90
1700002908,0,96
1700002909,60,228
1700002910,55,456
1700002911,61,416
1700002912,3,231
1700002913,33,128
1700002914,28,388
1700002915,97,201
1700002916,50,373
1700002917,27,95
1700002918,29,52
1700002919,28,325
1700002920,40,429
1700002921,4,282
1700002922,29,300
1700002923,44,259
1700002924,42,90
1700002925,35,432
1700002926,47,474
1700002927,87,124
1700002928,18,443
1700002929,89,155
1700002930,56,322
1700002931,55,13
1700002932,38,458
1700002933,59,4
1700002934,81,137
1700002935,90,375
1700002936,16,213
1700002937,84,274
1700002938,35,76
1700002939,53,339
1700002940,43,41
1700002941,73,239
1700002942,44,19
1700002943,88,402
1700002944,28,14
1700002945,48,418
1700002946,52,215
1700002947,98,494
1700002948,87,88
1700002949,77,73
1700002950,86,336
1700002951,45,354
1700002952,7,391
1700002953,22,257
1700002954,45,131
1700002955,34,296
1700002956,54,134
1700002957,7,100
1700002958,22,1
1700002959,46,136
1700002960,69,415
1700002961,45,157
1700002962,1,255
1700002963,88,357
1700002964,61,128
1700002965,76,49
1700002966,2,330
1700002967,5,300
1700002968,8,44
1700002969,62,398
1700002970,80,440
1700002971,97,413
1700002972,67,178
1700002973,30,370
1700002974,75,470
1700002975,27,496
1700002976,18,4
1700002977,25,476
1700002978,99,218
1700002979,14,430
1700002980,54,300
1700002981,37,3
1700002982,54,348
1700002983,28,454
1700002984,95,375
1700002985,90,72
1700002986,49,2
1700002987,63,161
1700002988,69,109
1700002989,15,53
1700002990,1,30
1700002991,34,141
1700002992,51,217
1700002993,2,20
1700002994,5,282
1700002995,82,161
1700002996,77,216
1700002997,9,250
1700002998,0,151
1700002999,96,89
1700003000,19,263
1700003001,79,257
1700003002,87,74
1700003003,34,76
1700003004,22,234
1700003005,13,64
1700003006,46,43
1700003007,28,74
1700003008,32,378
1700003009,57,93
1700003010,91,496
1700003011,88,250
1700003012,95,257
1700003013,21,463
1700003014,61,30
1700003015,36,421
1700003016,9,147
1700003017,64,43
1700003018,2,374
1700003019,27,267
1700003020,82,259
1700003021,60,5
1700003022,31,465
1700003023,45,28
1700003024,100,158
1700003025,10,75
1700003026,7,49
1700003027,22,494
1700003028,13,270
1700003029,31,332
1700003030,29,435
1700003031,32,480
1700003032,83,133
1700003033,17,234
1700003034,98,65
1700003035,13,409
1700003036,49,63
1700003037,62,392
1700003038,80,92
1700003039,61,385
1700003040,89,472
1700003041,80,296
1700003042,3,183
1700003043,54,72
1700003044,71,357
1700003045,92,254
1700003046,43,459
1700003047,64,469
1700003048,80,273
1700003049,73,326
1700003050,94,126
1700003051,90,92
1700003052,44,332
1700003053,72,37
1700003054,44,16
1700003055,38,283
1700003056,65,190
1700003057,85,154
1700003058,24,67
1700003059,35,459
1700003060,43,225
1700003061,91,1
1700003062,15,147
1700003063,6,376
1700003064,15,373
1700003065,19,440
1700003066,35,28
1700003067,2,187
1700003068,35,10
1700003069,94,463
1700003070,87,35
1700003071,51,252
1700003072,68,207
1700003073,30,294
1700003074,52,332
1700003075,31,303
1700003076,65,38
1700003077,1,294
1700003078,56,170
1700003079,85,9
1700003080,44,51
1700003081,36,363
1700003082,51,441
1700003083,84,112
1700003084,30,213
1700003085,22,41
1700003086,13,99
1700003087,94,307
1700003088,9,55
1700003089,96,57
1700003090,34,71
1700003091,79,181
1700003092,52,78
1700003093,61,477
1700003094,41,198
1700003095,82,182
1700003096,29,485
1700003097,83,170
1700003098,25,197
1700003099,72,27
1700003100,70,477
1700003101,30,261
1700003102,95,382
1700003103,49,280
1700003104,91,477
1700003105,93,482
1700003106,16,432
1700003107,53,27
1700003108,77,32
1700003109,60,109
1700003110,34,182
1700003111,76,471
1700003112,55,3
1700003113,4,453
1700003114,32,21
1700003115,68,94
1700003116,2,492
1700003117,35,375
1700003118,40,293
1700003119,66,256
1700003120,40,345
1700003121,53,345
1700003122,39,455
1700003123,8,420
1700003124,51,162
1700003125,14,229
1700003126,61,83
1700003127,28,278
1700003128,46,383
1700003129,56,239
1700003130,10,387
1700003131,12,327
1700003132,90,292
1700003133,24,25
1700003134,42,126
1700003135,57,24
1700003136,23,451
1700003137,41,299
1700003138,86,256
1700003139,80,379
1700003140,91,280
1700003141,91,139
1700003142,95,19
1700003143,78,433
1700003144,85,229
1700003145,34,232
1700003146,1,355
1700003147,32,168
1700003148,71,301
1700003149,85,148
1700003150,9,411
1700003151,62,139
1700003152,57,142
1700003153,37,422
1700003154,52,357
1700003155,63,223
1700003156,59,471
1700003157,69,470
1700003158,21,176
1700003159,91,184
1700003160,64,378
1700003161,21,78
1700003162,78,470
1700003163,26,186
1700003164,69,353
1700003165,71,51
1700003166,80,15
1700003167,72,496
1700003168,33,470
1700003169,55,165
1700003170,46,202
1700003171,82,72
1700003172,66,151
1700003173,54,255
1700003174,37,454
1700003175,83,436
1700003176,36,233
1700003177,16,362
1700003178,31,251
1700003179,3,35
1700003180,62,150
1700003181,38,110
1700003182,66,279
1700003183,66,362
1700003184,32,94
1700003185,41,277
1700003186,28,446
1700003187,50,370
1700003188,67,356
1700003189,57,496
1700003190,24,160
1700003191,19,151
1700003192,36,178
1700003193,80,73
1700003194,100,95
1700003195,57,428
1700003196,48,168
1700003197,71,248
1700003198,70,393
1700003199,71,480
1700003200,65,295
1700003201,55,175
1700003202,78,204
1700003203,37,172
1700003204,46,337
1700003205,91,428
1700003206,42,342
1700003207,27,131
1700003208,66,283
1700003209,44,171
1700003210,37,153
1700003211,14,199
1700003212,59,172
1700003213,50,354
1700003214,42,376
1700003215,90,332
1700003216,34,44
1700003217,43,180
1700003218,90,51
1700003219,14,57
1700003220,46,50
1700003221,7,234
1700003222,36,273
1700003223,42,107
1700003224,31,193
1700003225,62,149
1700003226,37,186
1700003227,52,109
1700003228,40,315
1700003229,96,129
1700003230,47,14
1700003231,74,237
1700003232,64,28
1700003233,21,374
1700003234,45,77
1700003235,87,468
1700003236,67,346
1700003237,47,322
1700003238,60,314
1700003239,83,25
1700003240,18,194
1700003241,75,123
1700003242,99,44
1700003243,63,180
1700003244,73,293
1700003245,28,308
1700003246,3,303
1700003247,78,421
1700003248,12,95
1700003249,5,36
1700003250,46,202
1700003251,55,5
1700003252,60,146
1700003253,66,312
1700003254,35,464
1700003255,16,225
1700003256,28,4
1700003257,43,84
1700003258,43,466
1700003259,88,96
1700003260,75,207
1700003261,1,407
1700003262,19,26
1700003263,65,434
1700003264,22,189
1700003265,93,344
1700003266,85,406
1700003267,23,24
1700003268,18,190
1700003269,32,100
1700003270,37,42
1700003271,88,101
1700003272,57,328
1700003273,92,416
1700003274,64,237
1700003275,39,140
1700003276,3,424
1700003277,83,198
1700003278,100,459
1700003279,1,137
1700003280,28,63
1700003281,35,425
1700003282,47,435
1700003283,50,110
1700003284,46,391
1700003285,13,207
1700003286,99,315
1700003287,65,401
1700003288,80,426
1700003289,100,140
1700003290,20,378
1700003291,77,476
1700003292,51,374
1700003293,6,106
1700003294,29,221
1700003295,9,318
1700003296,79,148
1700003297,22,32
1700003298,31,175
1700003299,87,198
1700003300,49,7
1700003301,10,208
1700003302,69,432
1700003303,32,101
1700003304,49,23
1700003305,49,204
1700003306,61,388
1700003307,87,304
1700003308,23,382
1700003309,94,339
1700003310,66,469
1700003311,70,344
1700003312,88,87
1700003313,26,53
1700003314,91,92
1700003315,23,357
1700003316,87,78
1700003317,20,24
1700003318,33,64
1700003319,74,33
1700003320,42,477
1700003321,97,295
1700003322,33,274
1700003323,34,27
1700003324,94,456
1700003325,39,160
1700003326,33,178
1700003327,73,57
1700003328,91,435
1700003329,94,254
1700003330,39,101
1700003331,1,349
1700003332,91,135
1700003333,66,250
1700003334,22,275
1700003335,68,63
1700003336,17,430
1700003337,91,367
1700003338,77,464
1700003339,34,404
1700003340,92,486
1700003341,14,363
1700003342,61,267
1700003343,19,101
1700003344,42,426
1700003345,86,263
1700003346,66,31
1700003347,79,295
1700003348,71,164
1700003349,83,253
1700003350,25,230
1700003351,30,137
1700003352,25,53
1700003353,30,20
1700003354,97,114
1700003355,37,61
1700003356,75,93
1700003357,8,188
1700003358,66,489
1700003359,86,102
1700003360,5,30
1700003361,82,188
1700003362,26,2
1700003363,73,484
1700003364,29,244
1700003365,58,114
1700003366,45,244
1700003367,61,236
1700003368,68,231
1700003369,46,218
1700003370,93,152
1700003371,35,94
1700003372,5,69
1700003373,71,301
1700003374,41,334
1700003375,15,237
1700003376,38,103
1700003377,59,132
1700003378,66,117
1700003379,1,374
1700003380,49,139
1700003381,72,263
1700003382,14,82
1700003383,100,320
1700003384,99,86
1700003385,95,72
1700003386,82,126
1700003387,9,469
1700003388,11,272
1700003389,2,238
1700003390,37,32
1700003391,77,37
1700003392,15,382
1700003393,73,400
1700003394,39,298
1700003395,65,331
1700003396,13,305
1700003397,80,190
1700003398,42,468
1700003399,73,180
1700003400,98,383
1700003401,99,392
1700003402,49,72
1700003403,97,387
1700003404,39,410
1700003405,62,213
1700003406,23,52
1700003407,73,157
1700003408,6,366
1700003409,9,333
1700003410,80,436
1700003411,22,347
1700003412,89,214
1700003413,55,51
1700003414,29,131
1700003415,66,388
1700003416,83,436
1700003417,7,156
1700003418,90,317
1700003419,61,284
1700003420,60,77
1700003421,96,202
1700003422,11,421
1700003423,87,176
1700003424,92,158
1700003425,32,16
1700003426,95,260
1700003427,45,500
1700003428,47,495
1700003429,59,65
1700003430,64,285
1700003431,88,75
1700003432,91,295
1700003433,57,158
1700003434,28,192
1700003435,60,254
1700003436,61,11
1700003437,44,109
1700003438,65,210
1700003439,28,240
1700003440,27,54
1700003441,73,244
1700003442,45,310
1700003443,58,269
1700003444,92,284
1700003445,6,375
1700003446,33,123
1700003447,97,211
1700003448,46,251
1700003449,82,382
1700003450,4,491
1700003451,27,36
1700003452,25,102
1700003453,28,390
1700003454,50,302
1700003455,2,313
1700003456,84,193
1700003457,80,326
1700003458,90,102
1700003459,84,364
1700003460,22,212
1700003461,58,403
1700003462,19,142
1700003463,78,195
1700003464,59,479
1700003465,50,260
1700003466,84,276
1700003467,54,367
1700003468,25,323
1700003469,55,115
1700003470,15,341
1700003471,0,439
1700003472,57,478
1700003473,36,62
1700003474,4,91
1700003475,47,81
1700003476,11,376
1700003477,50,393
1700003478,97,242
1700003479,75,450
1700003480,69,287
1700003481,40,284
1700003482,16,287
1700003483,18,301
1700003484,24,327
1700003485,35,284
1700003486,2,151
1700003487,5,46
1700003488,64,198
1700003489,10,170
1700003490,77,352
1700003491,65,198
1700003492,97,122
1700003493,46,222
1700003494,0,281
1700003495,3,452
1700003496,82,119
1700003497,95,73
1700003498,70,345
1700003499,48,100
1700003500,35,468
1700003501,67,474
1700003502,72,90
1700003503,24,406
1700003504,41,472
1700003505,90,394
1700003506,70,494
1700003507,92,244
1700003508,42,399
1700003509,6,241
1700003510,73,93
1700003511,49,456
1700003512,95,51
1700003513,24,74
1700003514,16,285
1700003515,54,172
1700003516,40,149
1700003517,86,496
1700003518,3,319
1700003519,96,240
1700003520,61,25
1700003521,65,485
1700003522,47,44
1700003523,13,440
1700003524,3,21
1700003525,35,350
1700003526,53,265
1700003527,24,299
1700003528,57,277
1700003529,81,2
1700003530,38,361
1700003531,38,170
1700003532,67,475
1700003533,3,360
1700003534,17,445
1700003535,53,93
1700003536,62,457
1700003537,0,158
1700003538,18,454
1700003539,44,500
1700003540,70,414
1700003541,20,56
1700003542,83,328
1700003543,36,414
1700003544,6,479
1700003545,20,136
1700003546,73,341
1700003547,22,265
1700003548,72,133
1700003549,79,93
1700003550,9,197
1700003551,0,129
1700003552,2,471
1700003553,88,140
1700003554,97,407
1700003555,65,285
1700003556,35,437
1700003557,70,230
1700003558,65,449
1700003559,1,131
1700003560,73,181
1700003561,8,385
1700003562,72,143
1700003563,67,265
1700003564,17,383
1700003565,23,233
1700003566,36,156
1700003567,62,452
1700003568,22,427
1700003569,10,64
1700003570,31,380
1700003571,68,372
1700003572,84,211
1700003573,46,93
1700003574,20,390
1700003575,61,186
1700003576,38,359
1700003577,0,103
1700003578,96,279
1700003579,69,437
1700003580,42,46
1700003581,33,367
1700003582,4,188
1700003583,64,113
1700003584,63,346
1700003585,58,177
1700003586,87,282
1700003587,14,116
1700003588,100,64
1700003589,53,481
1700003590,40,297
1700003591,7,463
1700003592,25,174
1700003593,9,54
1700003594,72,126
1700003595,8,434
1700003596,88,271
1700003597,42,3
1700003598,48,185
1700003599,18,313
1700003600,51,20
1700003601,66,340
1700003602,14,259
1700003603,38,40
1700003604,54,159
1700003605,68,382
1700003606,96,406
1700003607,74,224
1700003608,97,164
1700003609,43,18
1700003610,80,58
1700003611,19,367
1700003612,0,255
1700003613,4,492
1700003614,44,139
1700003615,91,139
1700003616,28,153
1700003617,98,63
1700003618,38,410
1700003619,20,368
1700003620,10,372
1700003621,68,219
1700003622,71,320
1700003623,50,366
1700003624,21,68
1700003625,20,441
1700003626,20,136
1700003627,67,112
1700003628,77,330
1700003629,8,379
1700003630,37,253
1700003631,85,25
1700003632,97,243
1700003633,65,144
1700003634,3,19
1700003635,59,400
1700003636,56,234
1700003637,80,440
1700003638,79,131
1700003639,51,47
1700003640,45,77
1700003641,43,16
1700003642,67,167
1700003643,4,477
1700003644,45,244
1700003645,20,476
1700003646,67,82
1700003647,49,122
1700003648,44,53
1700003649,55,155
1700003650,92,128
1700003651,28,112
1700003652,74,383
1700003653,6,72
1700003654,56,41
1700003655,21,209
1700003656,76,52
1700003657,55,89
1700003658,15,227
1700003659,72,283
1700003660,94,31
1700003661,64,393
1700003662,41,124
1700003663,79,212
1700003664,92,29
1700003665,17,140
1700003666,55,25
1700003667,54,443
1700003668,92,108
1700003669,33,465
1700003670,94,489
1700003671,64,482
1700003672,16,57
1700003673,49,500
1700003674,39,404
1700003675,79,215
1700003676,79,124
1700003677,17,327
1700003678,97,400
1700003679,39,132
1700003680,98,437
1700003681,37,177
1700003682,92,79
1700003683,15,371
1700003684,2,383
1700003685,29,195
1700003686,57,139
1700003687,44,125
1700003688,21,487
1700003689,77,294
1700003690,75,425
1700003691,19,179
1700003692,15,376
1700003693,71,268
1700003694,4,343
1700003695,33,187
1700003696,39,214
1700003697,74,409
1700003698,25,495
1700003699,31,165
1700003700,15,279
1700003701,35,416
1700003702,45,48
1700003703,45,455
1700003704,99,32
1700003705,74,225
1700003706,11,422
1700003707,69,93
1700003708,76,191
1700003709,2,412
1700003710,85,342
1700003711,65,179
1700003712,39,262
1700003713,8,130
1700003714,66,35
1700003715,74,151
1700003716,17,475
1700003717,85,425
1700003718,44,298
1700003719,32,263
1700003720,64,176
1700003721,53,323
1700003722,88,364
1700003723,14,208
1700003724,49,189
1700003725,27,52
1700003726,69,200
1700003727,29,88
1700003728,51,267
1700003729,92,285
1700003730,60,469
1700003731,69,238
1700003732,96,354
1700003733,61,231
1700003734,63,456
1700003735,46,233
1700003736,78,146
1700003737,22,375
1700003738,100,193
1700003739,33,367
1700003740,41,499
1700003741,76,284
1700003742,92,75
1700003743,30,38
1700003744,68,82
1700003745,80,104
1700003746,66,470
1700003747,16,212
1700003748,83,485
1700003749,93,110
1700003750,93,103
1700003751,93,453
1700003752,10,67
1700003753,87,383
1700003754,45,408
1700003755,100,398
1700003756,40,412
1700003757,81,220
1700003758,87,62
1700003759,80,432
1700003760,2,434
1700003761,66,375
1700003762,54,71
1700003763,85,305
1700003764,10,43
1700003765,15,294
1700003766,91,464
1700003767,8,216
1700003768,66,464
1700003769,68,403
1700003770,56,119
1700003771,26,403
1700003772,41,355
1700003773,11,183
1700003774,94,409
1700003775,8,391
1700003776,81,137
1700003777,57,309
1700003778,82,259
1700003779,19,273
1700003780,27,294
1700003781,58,370
1700003782,7,152
1700003783,34,80
1700003784,45,113
1700003785,52,365
1700003786,10,484
1700003787,31,305
1700003788,71,159
1700003789,83,200
1700003790,11,257
1700003791,2,105
1700003792,97,98
1700003793,81,152
1700003794,40,447
1700003795,19,130
1700003796,55,188
1700003797,69,79
1700003798,68,113
1700003799,58,100
1700003800,27,256
1700003801,32,225
1700003802,81,143
1700003803,79,307
1700003804,11,84
1700003805,87,249
1700003806,2,102
1700003807,33,280
1700003808,1,179
1700003809,35,442
1700003810,49,378
1700003811,18,499
1700003812,88,87
1700003813,2,80
1700003814,28,423
1700003815,6,127
1700003816,7,278
1700003817,82,174
1700003818,2,230
1700003819,79,97
1700003820,39,121
1700003821,94,366
1700003822,14,336
1700003823,59,289
1700003824,99,377
1700003825,99,423
1700003826,20,406
1700003827,96,56
1700003828,73,313
1700003829,25,460
1700003830,53,238
1700003831,61,95
1700003832,46,10
1700003833,66,223
1700003834,47,283
1700003835,68,478
1700003836,52,479
1700003837,43,165
1700003838,63,354
1700003839,96,257
1700003840,100,343
1700003841,16,42
1700003842,37,143
1700003843,12,54
1700003844,94,142
1700003845,91,287
1700003846,49,349
1700003847,22,351
1700003848,89,393
1700003849,53,350
1700003850,32,366
1700003851,19,170
1700003852,14,63
1700003853,68,189
1700003854,87,356
1700003855,49,206
1700003856,26,41
1700003857,67,356
1700003858,16,161
1700003859,52,305
1700003860,13,308
1700003861,67,475
1700003862,100,345
1700003863,52,177
1700003864,67,196
1700003865,83,251
1700003866,86,483
1700003867,49,471
1700003868,88,123
1700003869,21,84
1700003870,4,210
1700003871,39,144
1700003872,40,391
1700003873,91,269
1700003874,11,300
1700003875,81,201
1700003876,39,106
1700003877,91,299
1700003878,60,34
1700003879,41,63
1700003880,54,219
1700003881,74,442
1700003882,97,304
1700003883,0,380
1700003884,99,157
1700003885,45,432
1700003886,100,268
1700003887,58,476
1700003888,58,288
1700003889,2,20
1700003890,65,272
1700003891,12,372
1700003892,42,247
1700003893,90,77
1700003894,30,386
1700003895,92,311
1700003896,93,362
1700003897,27,119
1700003898,15,486
1700003899,16,270
1700003900,54,56
1700003901,51,341
1700003902,79,259
1700003903,32,410
1700003904,58,97
1700003905,60,201
1700003906,78,315
1700003907,78,433
1700003908,5,289
1700003909,11,84
1700003910,77,361
1700003911,48,222
1700003912,22,30
1700003913,31,301
1700003914,76,111
1700003915,61,466
1700003916,33,85
1700003917,98,259
1700003918,87,306
1700003919,90,87
1700003920,3,172
1700003921,83,256
1700003922,16,246
1700003923,74,310
1700003924,14,330
1700003925,50,7
1700003926,37,398
1700003927,15,197
1700003928,15,468
1700003929,9,326
1700003930,92,341
1700003931,59,208
1700003932,85,325
1700003933,69,179
1700003934,71,183
1700003935,15,360
1700003936,2,467
1700003937,9,450
1700003938,60,433
1700003939,21,77
1700003940,94,75
1700003941,68,103
1700003942,95,24
1700003943,58,261
1700003944,63,470
1700003945,85,484
1700003946,92,81
1700003947,18,406
1700003948,43,75
1700003949,63,440
1700003950,63,464
1700003951,52,260
1700003952,74,303
1700003953,81,201
1700003954,88,49
1700003955,1,459
1700003956,99,200
1700003957,35,364
1700003958,91,365
1700003959,69,405
1700003960,8,383
1700003961,45,76
1700003962,80,427
1700003963,28,315
1700003964,46,220
1700003965,15,297
1700003966,39,340
1700003967,95,45
1700003968,9,487
1700003969,84,179
1700003970,60,466
1700003971,36,392
1700003972,62,113
1700003973,94,1
1700003974,9,132
1700003975,32,168
1700003976,86,393
1700003977,28,420
1700003978,54,309
1700003979,24,312
1700003980,39,175
1700003981,66,69
1700003982,88,297
1700003983,15,322
1700003984,55,84
1700003985,87,55
1700003986,56,304
1700003987,0,52
1700003988,62,480
1700003989,85,277
1700003990,40,212
1700003991,25,97
1700003992,47,317
1700003993,84,425
1700003994,85,452
1700003995,13,360
1700003996,33,313
1700003997,94,375
1700003998,56,242
1700003999,37,68
1700004000,6,108
1700004001,58,482
1700004002,95,276
1700004003,26,416
1700004004,53,250
1700004005,80,144
1700004006,6,102
1700004007,44,203
1700004008,32,337
1700004009,38,154
1700004010,81,436
1700004011,37,77
1700004012,38,262
1700004013,70,115
1700004014,0,370
1700004015,88,353
1700004016,90,280
1700004017,97,311
1700004018,19,499
1700004019,67,498
1700004020,47,2
1700004021,81,286
1700004022,91,279
1700004023,76,249
1700004024,1,182
1700004025,35,322
1700004026,45,136
1700004027,11,57
1700004028,65,478
1700004029,82,51
1700004030,56,116
1700004031,80,106
1700004032,23,256
1700004033,21,455
1700004034,95,119
1700004035,40,359
1700004036,91,339
1700004037,20,442
1700004038,31,348
1700004039,93,215
1700004040,23,288
1700004041,97,293
1700004042,79,458
1700004043,95,62
1700004044,69,283
1700004045,32,319
1700004046,53,77
1700004047,75,127
1700004048,95,312
1700004049,21,275
1700004050,32,340
1700004051,41,199
1700004052,60,246
1700004053,35,195
1700004054,46,283
1700004055,69,238
1700004056,40,411
1700004057,91,185
1700004058,92,454
1700004059,9,438
1700004060,17,435
1700004061,84,251
1700004062,59,316
1700004063,78,182
1700004064,91,493
1700004065,45,116
1700004066,68,407
1700004067,79,241
1700004068,1,193
1700004069,63,79
1700004070,49,283
1700004071,84,178
1700004072,89,287
1700004073,78,285
1700004074,53,286
1700004075,27,215
1700004076,57,59
1700004077,24,466
1700004078,82,432
1700004079,84,175
1700004080,44,438
1700004081,10,122
1700004082,1,323
1700004083,12,489
1700004084,62,273
1700004085,42,98
1700004086,71,132
1700004087,84,19
1700004088,96,79
1700004089,37,474
1700004090,50,91
1700004091,42,347
1700004092,47,474
1700004093,93,33
1700004094,0,395
1700004095,83,284
1700004096,89,137
1700004097,69,287
1700004098,33,166
1700004099,6,499
1700004100,15,60
1700004101,56,389
1700004102,38,150
1700004103,20,56
1700004104,6,82
1700004105,8,191
1700004106,76,77
1700004107,40,101
1700004108,10,352
1700004109,65,198
1700004110,8,476
1700004111,33,314
1700004112,41,234
1700004113,76,35
1700004114,64,401
1700004115,71,186
1700004116,89,359
1700004117,8,459
1700004118,53,480
1700004119,21,498
1700004120,81,366
1700004121,84,487
1700004122,100,369
1700004123,24,314
1700004124,68,188
1700004125,9,25
1700004126,73,218
1700004127,22,186
1700004128,67,203
1700004129,44,278
1700004130,67,243
1700004131,40,275
1700004132,17,122
1700004133,30,20
1700004134,88,273
1700004135,33,156
1700004136,66,473
1700004137,87,332
1700004138,15,466
1700004139,74,378
1700004140,43,370
1700004141,7,336
1700004142,62,309
1700004143,0,164
1700004144,48,382
1700004145,40,389
1700004146,55,148
1700004147,3,412
1700004148,16,414
1700004149,89,196
1700004150,57,380
1700004151,50,259
1700004152,33,340
1700004153,78,100
1700004154,73,136
1700004155,94,195
1700004156,75,442
1700004157,27,279
1700004158,82,403
1700004159,16,429
1700004160,75,376
1700004161,32,150
1700004162,65,85
1700004163,41,273
1700004164,70,425
1700004165,29,90
1700004166,33,269
1700004167,76,412
1700004168,16,44
1700004169,18,426
1700004170,66,475
1700004171,81,386
1700004172,58,436
1700004173,21,255
1700004174,14,355
1700004175,87,370
1700004176,83,319
1700004177,49,135
1700004178,90,122
1700004179,36,196
1700004180,53,192
1700004181,43,150
1700004182,9,393
1700004183,84,199
1700004184,6,217
1700004185,93,10
1700004186,46,90
1700004187,7,125
1700004188,75,68
1700004189,68,258
1700004190,7,397
1700004191,0,450
1700004192,4,437
1700004193,60,91
1700004194,34,429
1700004195,99,244
1700004196,66,483
1700004197,92,469
1700004198,59,205
1700004199,0,135
1700004200,67,26
1700004201,35,32
1700004202,80,114
1700004203,8,345
1700004204,34,125
1700004205,68,470
1700004206,51,53
1700004207,66,331
1700004208,34,206
1700004209,85,382
1700004210,76,250
1700004211,89,101
1700004212,46,388
1700004213,98,73
1700004214,40,381
1700004215,40,303
1700004216,65,493
1700004217,25,28
1700004218,61,191
1700004219,55,307
1700004220,43,415
1700004221,12,37
1700004222,55,87
1700004223,49,176
1700004224,85,53
1700004225,20,346
1700004226,33,376
1700004227,65,274
1700004228,68,133
1700004229,62,360
1700004230,29,370
1700004231,98,122
1700004232,82,217
1700004233,18,389
1700004234,99,452
1700004235,26,238
1700004236,7,375
1700004237,51,455
1700004238,14,406
1700004239,66,399
1700004240,16,162
1700004241,91,216
1700004242,47,81
1700004243,40,27
1700004244,7,398
1700004245,80,276
1700004246,19,27
1700004247,55,474
1700004248,7,139
1700004249,18,219
1700004250,35,304
1700004251,4,135
1700004252,11,382
1700004253,71,447
1700004254,25,308
1700004255,22,142
1700004256,80,161
1700004257,90,256
1700004258,46,474
1700004259,5,303
1700004260,98,269
1700004261,55,395
1700004262,5,6
1700004263,89,447
1700004264,33,258
1700004265,39,406
