idx,c0
0,137
1,210
2,283
3,356
4,429
5,502
6,575
7,648
8,721
9,794
10,867
11,940
12,1013
13,1086
14,1159
15,1232
16,1305
17,1378
18,1451
19,1524
20,1597
21,1670
22,1743
23,1816
24,1889
25,1962
26,2035
27,2108
28,2181
29,2254
30,2327
31,2400
32,2473
33,2546
34,2619
35,2692
36,2765
37,2838
38,2911
39,2984
40,3057
41,3130
42,3203
43,3276
44,3349
45,3422
46,3495
47,3568
48,3641
49,3714
50,3787
51,3860
52,3933
53,4006
54,4079
55,4152
56,4225
57,4298
58,4371
59,4444
60,4517
61,4590
62,4663
63,4736
64,4809
65,4882
66,4955
67,5028
68,5101
69,5174
70,5247
71,5320
72,5393
73,5466
74,5539
75,5612
76,5685
77,5758
78,5831
79,5904
80,5977
81,6050
82,6123
83,6196
84,6269
85,6342
86,6415
87,6488
88,6561
89,6634
90,6707
91,6780
92,6853
93,6926
94,6999
95,7072
96,7145
97,7218
98,7291
99,7364
100,7437
101,7510
102,7583
103,7656
104,7729
105,7802
106,7875
107,7948
108,8021
109,8094
110,8167
111,8240
112,8313
113,8386
114,8459
115,8532
116,8605
117,8678
118,8751
119,8824
120,8897
121,8970
122,9043
123,9116
124,9189
125,9262
126,9335
127,9408
128,9481
129,9554
130,9627
131,9700
132,9773
133,9846
134,9919
135,9992
136,10065
137,10138
138,10211
139,10284
140,10357
141,10430
142,10503
143,10576
144,10649
145,10722
146,10795
147,10868
148,10941
149,11014
150,11087
151,11160
152,11233
153,11306
154,11379
155,11452
156,11525
157,11598
158,11671
159,11744
160,11817
161,11890
162,11963
163,12036
164,12109
165,12182
166,12255
167,12328
168,12401
169,12474
170,12547
171,12620
172,12693
173,12766
174,12839
175,12912
176,12985
177,13058
178,13131
179,13204
180,13277
181,13350
182,13423
183,13496
184,13569
185,13642
186,13715
187,13788
188,13861
189,13934
190,14007
191,14080
192,14153
193,14226
194,14299
195,14372
196,14445
197,14518
198,14591
199,14664
200,14737
201,14810
202,14883
203,14956
204,15029
205,15102
206,15175
207,15248
208,15321
209,15394
210,15467
211,15540
212,15613
213,15686
214,15759
215,15832
216,15905
217,15978
218,16051
219,16124
220,16197
221,16270
222,16343
223,16416
224,16489
225,16562
226,16635
227,16708
228,16781
229,16854
230,16927
231,17000
232,17073
233,17146
234,17219
235,17292
236,17365
237,17438
238,17511
239,17584
240,17657
241,17730
242,17803
243,17876
244,17949
245,18022
246,18095
247,18168
248,18241
249,18314
250,18387
251,18460
252,18533
253,18606
254,18679
255,18752
256,18825
257,18898
258,18971
259,19044
260,19117
261,19190
262,19263
263,19336
264,19409
265,19482
266,19555
267,19628
268,19701
269,19774
270,19847
271,19920
272,19993
273,20066
274,20139
275,20212
276,20285
277,20358
278,20431
279,20504
280,20577
281,20650
282,20723
283,20796
284,20869
285,20942
286,21015
287,21088
288,21161
289,21234
290,21307
291,21380
292,21453
293,21526
294,21599
295,21672
296,21745
297,21818
298,21891
299,21964
300,22037
301,22110
302,22183
303,22256
304,22329
305,22402
306,22475
307,22548
308,22621
309,22694
310,22767
311,22840
312,22913
313,22986
314,23059
315,23132
316,23205
317,23278
318,23351
319,23424
320,23497
321,23570
322,23643
323,23716
324,23789
325,23862
326,23935
327,24008
328,24081
329,24154
330,24227
331,24300
332,24373
333,24446
334,24519
335,24592
336,24665
337,24738
338,24811
339,24884
340,24957
341,25030
342,25103
343,25176
344,25249
345,25322
346,25395
347,25468
348,25541
349,25614
350,25687
351,25760
352,25833
353,25906
354,25979
355,26052
356,26125
357,26198
358,26271
359,26344
360,26417
361,26490
362,26563
363,26636
364,26709
365,26782
366,26855
367,26928
368,27001
369,27074
370,27147
371,27220
372,27293
373,27366
374,27439
375,27512
376,27585
377,27658
378,27731
379,27804
380,27877
381,27950
382,28023
383,28096
384,28169
385,28242
386,28315
387,28388
388,28461
389,28534
390,28607
391,28680
392,28753
393,28826
394,28899
395,28972
396,29045
397,29118
398,29191
399,29264
400,29337
401,29410
402,29483
403,29556
404,29629
405,29702
406,29775
407,29848
408,29921
409,29994
410,30067
411,30140
412,30213
413,30286
414,30359
415,30432
416,30505
417,30578
418,30651
419,30724
420,30797
421,30870
422,30943
423,31016
424,31089
425,31162
426,31235
427,31308
428,31381
429,31454
430,31527
431,31600
432,31673
433,31746
434,31819
435,31892
436,31965
437,32038
438,32111
439,32184
440,32257
441,32330
442,32403
443,32476
444,32549
445,32622
446,32695
447,32768
448,32841
449,32914
450,32987
451,33060
452,33133
453,33206
454,33279
455,33352
456,33425
457,33498
458,33571
459,33644
460,33717
461,33790
462,33863
463,33936
464,34009
465,34082
466,34155
467,34228
468,34301
469,34374
470,34447
471,34520
472,34593
473,34666
474,34739
475,34812
476,34885
477,34958
478,35031
479,35104
480,35177
481,35250
482,35323
483,35396
484,35469
485,35542
486,35615
487,35688
488,35761
489,35834
490,35907
491,35980
492,36053
493,36126
494,36199
495,36272
496,36345
497,36418
498,36491
499,36564
500,36637
501,36710
502,36783
503,36856
504,36929
505,37002
506,37075
507,37148
508,37221
509,37294
510,37367
511,37440
512,37513
513,37586
514,37659
515,37732
516,37805
517,37878
518,37951
519,38024
520,38097
521,38170
522,38243
523,38316
524,38389
525,38462
526,38535
527,38608
528,38681
529,38754
530,38827
531,38900
532,38973
533,39046
534,39119
535,39192
536,39265
537,39338
538,39411
539,39484
540,39557
541,39630
542,39703
543,39776
544,39849
545,39922
546,39995
547,40068
548,40141
549,40214
550,40287
551,40360
552,40433
553,40506
554,40579
555,40652
556,40725
557,40798
558,40871
559,40944
560,41017
561,41090
562,41163
563,41236
564,41309
565,41382
566,41455
567,41528
568,41601
569,41674
570,41747
571,41820
572,41893
573,41966
574,42039
575,42112
576,42185
577,42258
578,42331
579,42404
580,42477
581,42550
582,42623
583,42696
584,42769
585,42842
586,42915
587,42988
588,43061
589,43134
590,43207
591,43280
592,43353
593,43426
594,43499
595,43572
596,43645
597,43718
598,43791
599,43864
600,43937
601,44010
602,44083
603,44156
604,44229
605,44302
606,44375
607,44448
608,44521
609,44594
610,44667
611,44740
612,44813
613,44886
614,44959
615,45032
616,45105
617,45178
618,45251
619,45324
620,45397
621,45470
622,45543
623,45616
624,45689
625,45762
626,45835
627,45908
628,45981
629,46054
630,46127
631,46200
632,46273
633,46346
634,46419
635,46492
636,46565
637,46638
638,46711
639,46784
640,46857
641,46930
642,47003
643,47076
644,47149
645,47222
646,47295
647,47368
648,47441
649,47514
650,47587
651,47660
652,47733
653,47806
654,47879
655,47952
656,48025
657,48098
658,48171
659,48244
660,48317
661,48390
662,48463
663,48536
664,48609
665,48682
666,48755
667,48828
668,48901
669,48974
670,49047
671,49120
672,49193
673,49266
674,49339
675,49412
676,49485
677,49558
678,49631
679,49704
680,49777
681,49850
682,49923
683,49996
684,50069
685,50142
686,50215
687,50288
688,50361
689,50434
690,50507
691,50580
692,50653
693,50726
694,50799
695,50872
696,50945
697,51018
698,51091
699,51164
700,51237
701,51310
702,51383
703,51456
704,51529
705,51602
706,51675
707,51748
708,51821
709,51894
710,51967
711,52040
712,52113
713,52186
714,52259
715,52332
716,52405
717,52478
718,52551
719,52624
720,52697
721,52770
722,52843
723,52916
724,52989
725,53062
726,53135
727,53208
728,53281
729,53354
730,53427
731,53500
732,53573
733,53646
734,53719
735,53792
736,53865
737,53938
738,54011
739,54084
740,54157
741,54230
742,54303
743,54376
744,54449
745,54522
746,54595
747,54668
748,54741
749,54814
750,54887
751,54960
752,55033
753,55106
754,55179
755,55252
756,55325
757,55398
758,55471
759,55544
760,55617
761,55690
762,55763
763,55836
764,55909
765,55982
766,56055
767,56128
768,56201
769,56274
770,56347
771,56420
772,56493
773,56566
774,56639
775,56712
776,56785
777,56858
778,56931
779,57004
780,57077
781,57150
782,57223
783,57296
784,57369
785,57442
786,57515
787,57588
788,57661
789,57734
790,57807
791,57880
792,57953
793,58026
794,58099
795,58172
796,58245
797,58318
798,58391
799,58464
800,58537
801,58610
802,58683
803,58756
804,58829
805,58902
806,58975
807,59048
808,59121
809,59194
810,59267
811,59340
812,59413
813,59486
814,59559
815,59632
816,59705
817,59778
818,59851
819,59924
820,59997
821,60070
822,60143
823,60216
824,60289
825,60362
826,60435
827,60508
828,60581
829,60654
830,60727
831,60800
832,60873
833,60946
834,61019
835,61092
836,61165
837,61238
838,61311
839,61384
840,61457
841,61530
842,61603
843,61676
844,61749
845,61822
846,61895
847,61968
848,62041
849,62114
850,62187
851,62260
852,62333
853,62406
854,62479
855,62552
856,62625
857,62698
858,62771
859,62844
860,62917
861,62990
862,63063
863,63136
864,63209
865,63282
866,63355
867,63428
868,63501
869,63574
870,63647
871,63720
872,63793
873,63866
874,63939
875,64012
876,64085
877,64158
878,64231
879,64304
880,64377
881,64450
882,64523
883,64596
884,64669
885,64742
886,64815
887,64888
888,64961
889,65034
890,65107
891,65180
892,65253
893,65326
894,65399
895,65472
896,65545
897,65618
898,65691
899,65764
900,65837
901,65910
902,65983
903,66056
904,66129
905,66202
906,66275
907,66348
908,66421
909,66494
910,66567
911,66640
912,66713
913,66786
914,66859
915,66932
916,67005
917,67078
918,67151
919,67224
920,67297
921,67370
922,67443
923,67516
924,67589
925,67662
926,67735
927,67808
928,67881
929,67954
930,68027
931,68100
932,68173
933,68246
934,68319
935,68392
936,68465
937,68538
938,68611
939,68684
940,68757
941,68830
942,68903
943,68976
944,69049
945,69122
946,69195
947,69268
948,69341
949,69414
950,69487
951,69560
952,69633
953,69706
954,69779
955,69852
956,69925
957,69998
958,70071
959,70144
960,70217
961,70290
962,70363
963,70436
964,70509
965,70582
966,70655
967,70728
968,70801
969,70874
970,70947
971,71020
972,71093
973,71166
974,71239
975,71312
976,71385
977,71458
978,71531
979,71604
980,71677
981,71750
982,71823
983,71896
984,71969
985,72042
986,72115
987,72188
988,72261
989,72334
990,72407
991,72480
992,72553
993,72626
994,72699
995,72772
996,72845
997,72918
998,72991
999,73064
1000,73137
1001,73210
1002,73283
1003,73356
1004,73429
1005,73502
1006,73575
1007,73648
1008,73721
1009,73794
1010,73867
1011,73940
1012,74013
1013,74086
1014,74159
1015,74232
1016,74305
1017,74378
1018,74451
1019,74524
1020,74597
1021,74670
1022,74743
1023,74816
1024,74889
1025,74962
1026,75035
1027,75108
1028,75181
1029,75254
1030,75327
1031,75400
1032,75473
1033,75546
1034,75619
1035,75692
1036,75765
1037,75838
1038,75911
1039,75984
1040,76057
1041,76130
1042,76203
1043,76276
1044,76349
1045,76422
1046,76495
1047,76568
1048,76641
1049,76714
1050,76787
1051,76860
1052,76933
1053,77006
1054,77079
1055,77152
1056,77225
1057,77298
1058,77371
1059,77444
1060,77517
1061,77590
1062,77663
1063,77736
1064,77809
1065,77882
1066,77955
1067,78028
1068,78101
1069,78174
1070,78247
1071,78320
1072,78393
1073,78466
1074,78539
1075,78612
1076,78685
1077,78758
1078,78831
1079,78904
1080,78977
1081,79050
1082,79123
1083,79196
1084,79269
1085,79342
1086,79415
1087,79488
1088,79561
1089,79634
1090,79707
1091,79780
1092,79853
1093,79926
1094,79999
1095,80072
1096,80145
1097,80218
1098,80291
1099,80364
1100,80437
1101,80510
1102,80583
1103,80656
1104,80729
1105,80802
1106,80875
1107,80948
1108,81021
1109,81094
1110,81167
1111,81240
1112,81313
1113,81386
1114,81459
1115,81532
1116,81605
1117,81678
1118,81751
1119,81824
1120,81897
1121,81970
1122,82043
1123,82116
1124,82189
1125,82262
1126,82335
1127,82408
1128,82481
1129,82554
1130,82627
1131,82700
1132,82773
1133,82846
1134,82919
1135,82992
1136,83065
1137,83138
1138,83211
1139,83284
1140,83357
1141,83430
1142,83503
1143,83576
1144,83649
1145,83722
1146,83795
1147,83868
1148,83941
1149,84014
1150,84087
1151,84160
1152,84233
1153,84306
1154,84379
1155,84452
1156,84525
1157,84598
1158,84671
1159,84744
1160,84817
1161,84890
1162,84963
1163,85036
1164,85109
1165,85182
1166,85255
1167,85328
1168,85401
1169,85474
1170,85547
1171,85620
1172,85693
1173,85766
1174,85839
1175,85912
1176,85985
1177,86058
1178,86131
1179,86204
1180,86277
1181,86350
1182,86423
1183,86496
1184,86569
1185,86642
1186,86715
1187,86788
1188,86861
1189,86934
1190,87007
1191,87080
1192,87153
1193,87226
1194,87299
1195,87372
1196,87445
1197,87518
1198,87591
1199,87664
1200,87737
1201,87810
1202,87883
1203,87956
1204,88029
1205,88102
1206,88175
1207,88248
1208,88321
1209,88394
1210,88467
1211,88540
1212,88613
1213,88686
1214,88759
1215,88832
1216,88905
1217,88978
1218,89051
1219,89124
1220,89197
1221,89270
1222,89343
1223,89416
1224,89489
1225,89562
1226,89635
1227,89708
1228,89781
1229,89854
1230,89927
1231,90000
1232,90073
1233,90146
1234,90219
1235,90292
1236,90365
1237,90438
1238,90511
1239,90584
1240,90657
1241,90730
1242,90803
1243,90876
1244,90949
1245,91022
1246,91095
1247,91168
1248,91241
1249,91314
1250,91387
1251,91460
1252,91533
1253,91606
1254,91679
1255,91752
1256,91825
1257,91898
1258,91971
1259,92044
1260,92117
1261,92190
1262,92263
1263,92336
1264,92409
1265,92482
1266,92555
1267,92628
1268,92701
1269,92774
1270,92847
1271,92920
1272,92993
1273,93066
1274,93139
1275,93212
1276,93285
1277,93358
1278,93431
1279,93504
1280,93577
1281,93650
1282,93723
1283,93796
1284,93869
1285,93942
1286,94015
1287,94088
1288,94161
1289,94234
1290,94307
1291,94380
1292,94453
1293,94526
1294,94599
1295,94672
1296,94745
1297,94818
1298,94891
1299,94964
1300,95037
1301,95110
1302,95183
1303,95256
1304,95329
1305,95402
1306,95475
1307,95548
1308,95621
1309,95694
1310,95767
1311,95840
1312,95913
1313,95986
1314,96059
1315,96132
1316,96205
1317,96278
1318,96351
1319,96424
1320,96497
1321,96570
1322,96643
1323,96716
1324,96789
1325,96862
1326,96935
1327,97008
1328,97081
1329,97154
1330,97227
1331,97300
1332,97373
1333,97446
1334,97519
1335,97592
1336,97665
1337,97738
1338,97811
1339,97884
1340,97957
1341,98030
1342,98103
1343,98176
1344,98249
1345,98322
1346,98395
1347,98468
1348,98541
1349,98614
1350,98687
1351,98760
1352,98833
1353,98906
1354,98979
1355,99052
1356,99125
1357,99198
1358,99271
1359,99344
1360,99417
1361,99490
1362,99563
1363,99636
1364,99709
1365,99782
1366,99855
1367,99928
1368,100001
1369,100074
1370,100147
1371,100220
1372,100293
1373,100366
1374,100439
1375,100512
1376,100585
1377,100658
1378,100731
1379,100804
1380,100877
1381,100950
1382,101023
1383,101096
1384,101169
1385,101242
1386,101315
1387,101388
1388,101461
1389,101534
1390,101607
1391,101680
1392,101753
1393,101826
1394,101899
1395,101972
1396,102045
1397,102118
1398,102191
1399,102264
1400,102337
1401,102410
1402,102483
1403,102556
1404,102629
1405,102702
1406,102775
1407,102848
1408,102921
1409,102994
1410,103067
1411,103140
1412,103213
1413,103286
1414,103359
1415,103432
1416,103505
1417,103578
1418,103651
1419,103724
1420,103797
1421,103870
1422,103943
1423,104016
1424,104089
1425,104162
1426,104235
1427,104308
1428,104381
1429,104454
1430,104527
1431,104600
1432,104673
1433,104746
1434,104819
1435,104892
1436,104965
1437,105038
1438,105111
1439,105184
1440,105257
1441,105330
1442,105403
1443,105476
1444,105549
1445,105622
1446,105695
1447,105768
1448,105841
1449,105914
1450,105987
1451,106060
1452,106133
1453,106206
1454,106279
1455,106352
1456,106425
1457,106498
1458,106571
1459,106644
1460,106717
1461,106790
1462,106863
1463,106936
1464,107009
1465,107082
1466,107155
1467,107228
1468,107301
1469,107374
1470,107447
1471,107520
1472,107593
1473,107666
1474,107739
1475,107812
1476,107885
1477,107958
1478,108031
1479,108104
1480,108177
1481,108250
1482,108323
1483,108396
1484,108469
1485,108542
1486,108615
1487,108688
1488,108761
1489,108834
1490,108907
1491,108980
1492,109053
1493,109126
1494,109199
1495,109272
1496,109345
1497,109418
1498,109491
1499,109564
1500,109637
1501,109710
1502,109783
1503,109856
1504,109929
1505,110002
1506,110075
1507,110148
1508,110221
1509,110294
1510,110367
1511,110440
1512,110513
1513,110586
1514,110659
1515,110732
1516,110805
1517,110878
1518,110951
1519,111024
1520,111097
1521,111170
1522,111243
1523,111316
1524,111389
1525,111462
1526,111535
1527,111608
1528,111681
1529,111754
1530,111827
1531,111900
1532,111973
1533,112046
1534,112119
1535,112192
1536,112265
1537,112338
1538,112411
1539,112484
1540,112557
1541,112630
1542,112703
1543,112776
1544,112849
1545,112922
1546,112995
1547,113068
1548,113141
1549,113214
1550,113287
1551,113360
1552,113433
1553,113506
1554,113579
1555,113652
1556,113725
1557,113798
1558,113871
1559,113944
1560,114017
1561,114090
1562,114163
1563,114236
1564,114309
1565,114382
1566,114455
1567,114528
1568,114601
1569,114674
1570,114747
1571,114820
1572,114893
1573,114966
1574,115039
1575,115112
1576,115185
1577,115258
1578,115331
1579,115404
1580,115477
1581,115550
1582,115623
1583,115696
1584,115769
1585,115842
1586,115915
1587,115988
1588,116061
1589,116134
1590,116207
1591,116280
1592,116353
1593,116426
1594,116499
1595,116572
1596,116645
1597,116718
1598,116791
1599,116864
1600,116937
1601,117010
1602,117083
1603,117156
1604,117229
1605,117302
1606,117375
1607,117448
1608,117521
1609,117594
1610,117667
1611,117740
1612,117813
1613,117886
1614,117959
1615,118032
1616,118105
1617,118178
1618,118251
1619,118324
1620,118397
1621,118470
1622,118543
1623,118616
1624,118689
1625,118762
1626,118835
1627,118908
1628,118981
1629,119054
1630,119127
1631,119200
1632,119273
1633,119346
1634,119419
1635,119492
1636,119565
1637,119638
1638,119711
1639,119784
1640,119857
1641,119930
1642,120003
1643,120076
1644,120149
1645,120222
1646,120295
1647,120368
1648,120441
1649,120514
1650,120587
1651,120660
1652,120733
1653,120806
1654,120879
1655,120952
1656,121025
1657,121098
1658,121171
1659,121244
1660,121317
1661,121390
1662,121463
1663,121536
1664,121609
1665,121682
1666,121755
1667,121828
1668,121901
1669,121974
1670,122047
1671,122120
1672,122193
1673,122266
1674,122339
1675,122412
1676,122485
1677,122558
1678,122631
1679,122704
1680,122777
1681,122850
1682,122923
1683,122996
1684,123069
1685,123142
1686,123215
1687,123288
1688,123361
1689,123434
1690,123507
1691,123580
1692,123653
1693,123726
1694,123799
1695,123872
1696,123945
1697,124018
1698,124091
1699,124164
1700,124237
1701,124310
1702,124383
1703,124456
1704,124529
1705,124602
1706,124675
1707,124748
1708,124821
1709,124894
1710,124967
1711,125040
1712,125113
1713,125186
1714,125259
1715,125332
1716,125405
1717,125478
1718,125551
1719,125624
1720,125697
1721,125770
1722,125843
1723,125916
1724,125989
1725,126062
1726,126135
1727,126208
1728,126281
1729,126354
1730,126427
1731,126500
1732,126573
1733,126646
1734,126719
1735,126792
1736,126865
1737,126938
1738,127011
1739,127084
1740,127157
1741,127230
1742,127303
1743,127376
1744,127449
1745,127522
1746,127595
1747,127668
1748,127741
1749,127814
1750,127887
1751,127960
1752,128033
1753,128106
1754,128179
1755,128252
1756,128325
1757,128398
1758,128471
1759,128544
1760,128617
1761,128690
1762,128763
1763,128836
1764,128909
1765,128982
1766,129055
1767,129128
1768,129201
1769,129274
1770,129347
1771,129420
1772,129493
1773,129566
1774,129639
1775,129712
1776,129785
1777,129858
1778,129931
1779,130004
1780,130077
1781,130150
1782,130223
1783,130296
1784,130369
1785,130442
1786,130515
1787,130588
1788,130661
1789,130734
1790,130807
1791,130880
1792,130953
1793,131026
1794,131099
1795,131172
1796,131245
1797,131318
1798,131391
1799,131464
1800,131537
1801,131610
1802,131683
1803,131756
1804,131829
1805,131902
1806,131975
1807,132048
1808,132121
1809,132194
1810,132267
1811,132340
1812,132413
1813,132486
1814,132559
1815,132632
1816,132705
1817,132778
1818,132851
1819,132924
1820,132997
1821,133070
1822,133143
1823,133216
1824,133289
1825,133362
1826,133435
1827,133508
1828,133581
1829,133654
1830,133727
1831,133800
1832,133873
1833,133946
1834,134019
1835,134092
1836,134165
1837,134238
1838,134311
1839,134384
1840,134457
1841,134530
1842,134603
1843,134676
1844,134749
1845,134822
1846,134895
1847,134968
1848,135041
1849,135114
1850,135187
1851,135260
1852,135333
1853,135406
1854,135479
1855,135552
1856,135625
1857,135698
1858,135771
1859,135844
1860,135917
1861,135990
1862,136063
1863,136136
1864,136209
1865,136282
1866,136355
1867,136428
1868,136501
1869,136574
1870,136647
1871,136720
1872,136793
1873,136866
1874,136939
1875,137012
1876,137085
1877,137158
1878,137231
1879,137304
1880,137377
1881,137450
1882,137523
1883,137596
1884,137669
1885,137742
1886,137815
1887,137888
1888,137961
1889,138034
1890,138107
1891,138180
1892,138253
1893,138326
1894,138399
1895,138472
1896,138545
1897,138618
1898,138691
1899,138764
1900,138837
1901,138910
1902,138983
1903,139056
1904,139129
1905,139202
1906,139275
1907,139348
1908,139421
1909,139494
1910,139567
1911,139640
1912,139713
1913,139786
1914,139859
1915,139932
1916,140005
1917,140078
1918,140151
1919,140224
1920,140297
1921,140370
1922,140443
1923,140516
1924,140589
1925,140662
1926,140735
1927,140808
1928,140881
1929,140954
1930,141027
1931,141100
1932,141173
1933,141246
1934,141319
1935,141392
1936,141465
1937,141538
1938,141611
1939,141684
1940,141757
1941,141830
1942,141903
1943,141976
1944,142049
1945,142122
1946,142195
1947,142268
1948,142341
1949,142414
1950,142487
1951,142560
1952,142633
1953,142706
1954,142779
1955,142852
1956,142925
1957,142998
1958,143071
1959,143144
1960,143217
1961,143290
1962,143363
1963,143436
1964,143509
1965,143582
1966,143655
1967,143728
1968,143801
1969,143874
1970,143947
1971,144020
1972,144093
1973,144166
1974,144239
1975,144312
1976,144385
1977,144458
1978,144531
1979,144604
1980,144677
1981,144750
1982,144823
1983,144896
1984,144969
1985,145042
1986,145115
1987,145188
1988,145261
1989,145334
1990,145407
1991,145480
1992,145553
1993,145626
1994,145699
1995,145772
1996,145845
1997,145918
1998,145991
1999,146064
2000,146137
2001,146210
2002,146283
2003,146356
2004,146429
2005,146502
2006,146575
2007,146648
2008,146721
2009,146794
2010,146867
2011,146940
2012,147013
2013,147086
2014,147159
2015,147232
2016,147305
2017,147378
2018,147451
2019,147524
2020,147597
2021,147670
2022,147743
2023,147816
2024,147889
2025,147962
2026,148035
2027,148108
2028,148181
2029,148254
2030,148327
2031,148400
2032,148473
2033,148546
2034,148619
2035,148692
2036,148765
2037,148838
2038,148911
2039,148984
2040,149057
2041,149130
2042,149203
2043,149276
2044,149349
2045,149422
2046,149495
2047,149568
2048,149641
2049,149714
2050,149787
2051,149860
2052,149933
2053,150006
2054,150079
2055,150152
2056,150225
2057,150298
2058,150371
2059,150444
2060,150517
2061,150590
2062,150663
2063,150736
2064,150809
2065,150882
2066,150955
2067,151028
2068,151101
2069,151174
2070,151247
2071,151320
2072,151393
2073,151466
2074,151539
2075,151612
2076,151685
2077,151758
2078,151831
2079,151904
2080,151977
2081,152050
2082,152123
2083,152196
2084,152269
2085,152342
2086,152415
2087,152488
2088,152561
2089,152634
2090,152707
2091,152780
2092,152853
2093,152926
2094,152999
2095,153072
2096,153145
2097,153218
2098,153291
2099,153364
2100,153437
2101,153510
2102,153583
2103,153656
2104,153729
2105,153802
2106,153875
2107,153948
2108,154021
2109,154094
2110,154167
2111,154240
2112,154313
2113,154386
2114,154459
2115,154532
2116,154605
2117,154678
2118,154751
2119,154824
2120,154897
2121,154970
2122,155043
2123,155116
2124,155189
2125,155262
2126,155335
2127,155408
2128,155481
2129,155554
2130,155627
2131,155700
2132,155773
2133,155846
2134,155919
2135,155992
2136,156065
2137,156138
2138,156211
2139,156284
2140,156357
2141,156430
2142,156503
2143,156576
2144,156649
2145,156722
2146,156795
2147,156868
2148,156941
2149,157014
2150,157087
2151,157160
2152,157233
2153,157306
2154,157379
2155,157452
2156,157525
2157,157598
2158,157671
2159,157744
2160,157817
2161,157890
2162,157963
2163,158036
2164,158109
2165,158182
2166,158255
2167,158328
2168,158401
2169,158474
2170,158547
2171,158620
2172,158693
2173,158766
2174,158839
2175,158912
2176,158985
2177,159058
2178,159131
2179,159204
2180,159277
2181,159350
2182,159423
2183,159496
2184,159569
2185,159642
2186,159715
2187,159788
2188,159861
2189,159934
2190,160007
2191,160080
2192,160153
2193,160226
2194,160299
2195,160372
2196,160445
2197,160518
2198,160591
2199,160664
2200,160737
2201,160810
2202,160883
2203,160956
2204,161029
2205,161102
2206,161175
2207,161248
2208,161321
2209,161394
2210,161467
2211,161540
2212,161613
2213,161686
2214,161759
2215,161832
2216,161905
2217,161978
2218,162051
2219,162124
2220,162197
2221,162270
2222,162343
2223,162416
2224,162489
2225,162562
2226,162635
2227,162708
2228,162781
2229,162854
2230,162927
2231,163000
2232,163073
2233,163146
2234,163219
2235,163292
2236,163365
2237,163438
2238,163511
2239,163584
2240,163657
2241,163730
2242,163803
2243,163876
2244,163949
2245,164022
2246,164095
2247,164168
2248,164241
2249,164314
2250,164387
2251,164460
2252,164533
2253,164606
2254,164679
2255,164752
2256,164825
2257,164898
2258,164971
2259,165044
2260,165117
2261,165190
2262,165263
2263,165336
2264,165409
2265,165482
2266,165555
2267,165628
2268,165701
2269,165774
2270,165847
2271,165920
2272,165993
2273,166066
2274,166139
2275,166212
2276,166285
2277,166358
2278,166431
2279,166504
2280,166577
2281,166650
2282,166723
2283,166796
2284,166869
2285,166942
2286,167015
2287,167088
2288,167161
2289,167234
2290,167307
2291,167380
2292,167453
2293,167526
2294,167599
2295,167672
2296,167745
2297,167818
2298,167891
2299,167964
2300,168037
2301,168110
2302,168183
2303,168256
2304,168329
2305,168402
2306,168475
2307,168548
2308,168621
2309,168694
2310,168767
2311,168840
2312,168913
2313,168986
2314,169059
2315,169132
2316,169205
2317,169278
2318,169351
2319,169424
2320,169497
2321,169570
2322,169643
2323,169716
2324,169789
2325,169862
2326,169935
2327,170008
2328,170081
2329,170154
2330,170227
2331,170300
2332,170373
2333,170446
2334,170519
2335,170592
2336,170665
2337,170738
2338,170811
2339,170884
2340,170957
2341,171030
2342,171103
2343,171176
2344,171249
2345,171322
2346,171395
2347,171468
2348,171541
2349,171614
2350,171687
2351,171760
2352,171833
2353,171906
2354,171979
2355,172052
2356,172125
2357,172198
2358,172271
2359,172344
2360,172417
2361,172490
2362,172563
2363,172636
2364,172709
2365,172782
2366,172855
2367,172928
2368,173001
2369,173074
2370,173147
2371,173220
2372,173293
2373,173366
2374,173439
2375,173512
2376,173585
2377,173658
2378,173731
2379,173804
2380,173877
2381,173950
2382,174023
2383,174096
2384,174169
2385,174242
2386,174315
2387,174388
2388,174461
2389,174534
2390,174607
2391,174680
2392,174753
2393,174826
2394,174899
2395,174972
2396,175045
2397,175118
2398,175191
2399,175264
2400,175337
2401,175410
2402,175483
2403,175556
2404,175629
2405,175702
2406,175775
2407,175848
2408,175921
2409,175994
2410,176067
2411,176140
2412,176213
2413,176286
2414,176359
2415,176432
2416,176505
2417,176578
2418,176651
2419,176724
2420,176797
2421,176870
2422,176943
2423,177016
2424,177089
2425,177162
2426,177235
2427,177308
2428,177381
2429,177454
2430,177527
2431,177600
2432,177673
2433,177746
2434,177819
2435,177892
2436,177965
2437,178038
2438,178111
2439,178184
2440,178257
2441,178330
2442,178403
2443,178476
2444,178549
2445,178622
2446,178695
2447,178768
2448,178841
2449,178914
2450,178987
2451,179060
2452,179133
2453,179206
2454,179279
2455,179352
2456,179425
2457,179498
2458,179571
2459,179644
2460,179717
2461,179790
2462,179863
2463,179936
2464,180009
2465,180082
2466,180155
2467,180228
2468,180301
2469,180374
2470,180447
2471,180520
2472,180593
2473,180666
2474,180739
2475,180812
2476,180885
2477,180958
2478,181031
2479,181104
2480,181177
2481,181250
2482,181323
2483,181396
2484,181469
2485,181542
2486,181615
2487,181688
2488,181761
2489,181834
2490,181907
2491,181980
2492,182053
2493,182126
2494,182199
2495,182272
2496,182345
2497,182418
2498,182491
2499,182564
2500,182637
2501,182710
2502,182783
2503,182856
2504,182929
2505,183002
2506,183075
2507,183148
2508,183221
2509,183294
2510,183367
2511,183440
2512,183513
2513,183586
2514,183659
2515,183732
2516,183805
2517,183878
2518,183951
2519,184024
2520,184097
2521,184170
2522,184243
2523,184316
2524,184389
2525,184462
2526,184535
2527,184608
2528,184681
2529,184754
2530,184827
2531,184900
2532,184973
2533,185046
2534,185119
2535,185192
2536,185265
2537,185338
2538,185411
2539,185484
2540,185557
2541,185630
2542,185703
2543,185776
2544,185849
2545,185922
2546,185995
2547,186068
2548,186141
2549,186214
2550,186287
2551,186360
2552,186433
2553,186506
2554,186579
2555,186652
2556,186725
2557,186798
2558,186871
2559,186944
2560,187017
2561,187090
2562,187163
2563,187236
2564,187309
2565,187382
2566,187455
2567,187528
2568,187601
2569,187674
2570,187747
2571,187820
2572,187893
2573,187966
2574,188039
2575,188112
2576,188185
2577,188258
2578,188331
2579,188404
2580,188477
2581,188550
2582,188623
2583,188696
2584,188769
2585,188842
2586,188915
2587,188988
2588,189061
2589,189134
2590,189207
2591,189280
2592,189353
2593,189426
2594,189499
2595,189572
2596,189645
2597,189718
2598,189791
2599,189864
2600,189937
2601,190010
2602,190083
2603,190156
2604,190229
2605,190302
2606,190375
2607,190448
2608,190521
2609,190594
2610,190667
2611,190740
2612,190813
2613,190886
2614,190959
2615,191032
2616,191105
2617,191178
2618,191251
2619,191324
2620,191397
2621,191470
2622,191543
2623,191616
2624,191689
2625,191762
2626,191835
2627,191908
2628,191981
2629,192054
2630,192127
2631,192200
2632,192273
2633,192346
2634,192419
2635,192492
2636,192565
2637,192638
2638,192711
2639,192784
2640,192857
2641,192930
2642,193003
2643,193076
2644,193149
2645,193222
2646,193295
2647,193368
2648,193441
2649,193514
2650,193587
2651,193660
2652,193733
2653,193806
2654,193879
2655,193952
2656,194025
2657,194098
2658,194171
2659,194244
2660,194317
2661,194390
2662,194463
2663,194536
2664,194609
2665,194682
2666,194755
2667,194828
2668,194901
2669,194974
2670,195047
2671,195120
2672,195193
2673,195266
2674,195339
2675,195412
2676,195485
2677,195558
2678,195631
2679,195704
2680,195777
2681,195850
2682,195923
2683,195996
2684,196069
2685,196142
2686,196215
2687,196288
2688,196361
2689,196434
2690,196507
2691,196580
2692,196653
2693,196726
2694,196799
2695,196872
2696,196945
2697,197018
2698,197091
2699,197164
2700,197237
2701,197310
2702,197383
2703,197456
2704,197529
2705,197602
2706,197675
2707,197748
2708,197821
2709,197894
2710,197967
2711,198040
2712,198113
2713,198186
2714,198259
2715,198332
2716,198405
2717,198478
2718,198551
2719,198624
2720,198697
2721,198770
2722,198843
2723,198916
2724,198989
2725,199062
2726,199135
2727,199208
2728,199281
2729,199354
2730,199427
2731,199500
2732,199573
2733,199646
2734,199719
2735,199792
2736,199865
2737,199938
2738,200011
2739,200084
2740,200157
2741,200230
2742,200303
2743,200376
2744,200449
2745,200522
2746,200595
2747,200668
2748,200741
2749,200814
2750,200887
2751,200960
2752,201033
2753,201106
2754,201179
2755,201252
2756,201325
2757,201398
2758,201471
2759,201544
2760,201617
2761,201690
2762,201763
2763,201836
2764,201909
2765,201982
2766,202055
2767,202128
2768,202201
2769,202274
2770,202347
2771,202420
2772,202493
2773,202566
2774,202639
2775,202712
2776,202785
2777,202858
2778,202931
2779,203004
2780,203077
2781,203150
2782,203223
2783,203296
2784,203369
2785,203442
2786,203515
2787,203588
2788,203661
2789,203734
2790,203807
2791,203880
2792,203953
2793,204026
2794,204099
2795,204172
2796,204245
2797,204318
2798,204391
2799,204464
2800,204537
2801,204610
2802,204683
2803,204756
2804,204829
2805,204902
2806,204975
2807,205048
2808,205121
2809,205194
2810,205267
2811,205340
2812,205413
2813,205486
2814,205559
2815,205632
2816,205705
2817,205778
2818,205851
2819,205924
2820,205997
2821,206070
2822,206143
2823,206216
2824,206289
2825,206362
2826,206435
2827,206508
2828,206581
2829,206654
2830,206727
2831,206800
2832,206873
2833,206946
2834,207019
2835,207092
2836,207165
2837,207238
2838,207311
2839,207384
2840,207457
2841,207530
2842,207603
2843,207676
2844,207749
2845,207822
2846,207895
2847,207968
2848,208041
2849,208114
2850,208187
2851,208260
2852,208333
2853,208406
2854,208479
2855,208552
2856,208625
2857,208698
2858,208771
2859,208844
2860,208917
2861,208990
2862,209063
2863,209136
2864,209209
2865,209282
2866,209355
2867,209428
2868,209501
2869,209574
2870,209647
2871,209720
2872,209793
2873,209866
2874,209939
2875,210012
2876,210085
2877,210158
2878,210231
2879,210304
2880,210377
2881,210450
2882,210523
2883,210596
2884,210669
2885,210742
2886,210815
2887,210888
2888,210961
2889,211034
2890,211107
2891,211180
2892,211253
2893,211326
2894,211399
2895,211472
2896,211545
2897,211618
2898,211691
2899,211764
2900,211837
2901,211910
2902,211983
2903,212056
2904,212129
2905,212202
2906,212275
2907,212348
2908,212421
2909,212494
2910,212567
2911,212640
2912,212713
2913,212786
2914,212859
2915,212932
2916,213005
2917,213078
2918,213151
2919,213224
2920,213297
2921,213370
2922,213443
2923,213516
2924,213589
2925,213662
2926,213735
2927,213808
2928,213881
2929,213954
2930,214027
2931,214100
2932,214173
2933,214246
2934,214319
2935,214392
2936,214465
2937,214538
2938,214611
2939,214684
2940,214757
2941,214830
2942,214903
2943,214976
2944,215049
2945,215122
2946,215195
2947,215268
2948,215341
2949,215414
2950,215487
2951,215560
2952,215633
2953,215706
2954,215779
2955,215852
2956,215925
2957,215998
2958,216071
2959,216144
2960,216217
2961,216290
2962,216363
2963,216436
2964,216509
2965,216582
2966,216655
2967,216728
2968,216801
2969,216874
2970,216947
2971,217020
2972,217093
2973,217166
2974,217239
2975,217312
2976,217385
2977,217458
2978,217531
2979,217604
2980,217677
2981,217750
2982,217823
2983,217896
2984,217969
2985,218042
2986,218115
2987,218188
2988,218261
2989,218334
2990,218407
2991,218480
2992,218553
2993,218626
2994,218699
2995,218772
2996,218845
2997,218918
2998,218991
2999,219064
3000,219137
3001,219210
3002,219283
3003,219356
3004,219429
3005,219502
3006,219575
3007,219648
3008,219721
3009,219794
3010,219867
3011,219940
3012,220013
3013,220086
3014,220159
3015,220232
3016,220305
3017,220378
3018,220451
3019,220524
3020,220597
3021,220670
3022,220743
3023,220816
3024,220889
3025,220962
3026,221035
3027,221108
3028,221181
3029,221254
3030,221327
3031,221400
3032,221473
3033,221546
3034,221619
3035,221692
3036,221765
3037,221838
3038,221911
3039,221984
3040,222057
3041,222130
3042,222203
3043,222276
3044,222349
3045,222422
3046,222495
3047,222568
3048,222641
3049,222714
3050,222787
3051,222860
3052,222933
3053,223006
3054,223079
3055,223152
3056,223225
3057,223298
3058,223371
3059,223444
3060,223517
3061,223590
3062,223663
3063,223736
3064,223809
3065,223882
3066,223955
3067,224028
3068,224101
3069,224174
3070,224247
3071,224320
3072,224393
3073,224466
3074,224539
3075,224612
3076,224685
3077,224758
3078,224831
3079,224904
3080,224977
3081,225050
3082,225123
3083,225196
3084,225269
3085,225342
3086,225415
3087,225488
3088,225561
3089,225634
3090,225707
3091,225780
3092,225853
3093,225926
3094,225999
3095,226072
3096,226145
3097,226218
3098,226291
3099,226364
3100,226437
3101,226510
3102,226583
3103,226656
3104,226729
3105,226802
3106,226875
3107,226948
3108,227021
3109,227094
3110,227167
3111,227240
3112,227313
3113,227386
3114,227459
3115,227532
3116,227605
3117,227678
3118,227751
3119,227824
3120,227897
3121,227970
3122,228043
3123,228116
3124,228189
3125,228262
3126,228335
3127,228408
3128,228481
3129,228554
3130,228627
3131,228700
3132,228773
3133,228846
3134,228919
3135,228992
3136,229065
3137,229138
3138,229211
3139,229284
3140,229357
3141,229430
3142,229503
3143,229576
3144,229649
3145,229722
3146,229795
3147,229868
3148,229941
3149,230014
3150,230087
3151,230160
3152,230233
3153,230306
3154,230379
3155,230452
3156,230525
3157,230598
3158,230671
3159,230744
3160,230817
3161,230890
3162,230963
3163,231036
3164,231109
3165,231182
3166,231255
3167,231328
3168,231401
3169,231474
3170,231547
3171,231620
3172,231693
3173,231766
3174,231839
3175,231912
3176,231985
3177,232058
3178,232131
3179,232204
3180,232277
3181,232350
3182,232423
3183,232496
3184,232569
3185,232642
3186,232715
3187,232788
3188,232861
3189,232934
3190,233007
3191,233080
3192,233153
3193,233226
3194,233299
3195,233372
3196,233445
3197,233518
3198,233591
3199,233664
3200,233737
3201,233810
3202,233883
3203,233956
3204,234029
3205,234102
3206,234175
3207,234248
3208,234321
3209,234394
3210,234467
3211,234540
3212,234613
3213,234686
3214,234759
3215,234832
3216,234905
3217,234978
3218,235051
3219,235124
3220,235197
3221,235270
3222,235343
3223,235416
3224,235489
3225,235562
3226,235635
3227,235708
3228,235781
3229,235854
3230,235927
3231,236000
3232,236073
3233,236146
3234,236219
3235,236292
3236,236365
3237,236438
3238,236511
3239,236584
3240,236657
3241,236730
3242,236803
3243,236876
3244,236949
3245,237022
3246,237095
3247,237168
3248,237241
3249,237314
3250,237387
3251,237460
3252,237533
3253,237606
3254,237679
3255,237752
3256,237825
3257,237898
3258,237971
3259,238044
3260,238117
3261,238190
3262,238263
3263,238336
3264,238409
3265,238482
3266,238555
3267,238628
3268,238701
3269,238774
3270,238847
3271,238920
3272,238993
3273,239066
3274,239139
3275,239212
3276,239285
3277,239358
3278,239431
3279,239504
3280,239577
3281,239650
3282,239723
3283,239796
3284,239869
3285,239942
3286,240015
3287,240088
3288,240161
3289,240234
3290,240307
3291,240380
3292,240453
3293,240526
3294,240599
3295,240672
3296,240745
3297,240818
3298,240891
3299,240964
3300,241037
3301,241110
3302,241183
3303,241256
3304,241329
3305,241402
3306,241475
3307,241548
3308,241621
3309,241694
3310,241767
3311,241840
3312,241913
3313,241986
3314,242059
3315,242132
3316,242205
3317,242278
3318,242351
3319,242424
3320,242497
3321,242570
3322,242643
3323,242716
3324,242789
3325,242862
3326,242935
3327,243008
3328,243081
3329,243154
3330,243227
3331,243300
3332,243373
3333,243446
3334,243519
3335,243592
3336,243665
3337,243738
3338,243811
3339,243884
3340,243957
3341,244030
3342,244103
3343,244176
3344,244249
3345,244322
3346,244395
3347,244468
3348,244541
3349,244614
3350,244687
3351,244760
3352,244833
3353,244906
3354,244979
3355,245052
3356,245125
3357,245198
3358,245271
3359,245344
3360,245417
3361,245490
3362,245563
3363,245636
3364,245709
3365,245782
3366,245855
3367,245928
3368,246001
3369,246074
3370,246147
3371,246220
3372,246293
3373,246366
3374,246439
3375,246512
3376,246585
3377,246658
3378,246731
3379,246804
3380,246877
3381,246950
3382,247023
3383,247096
3384,247169
3385,247242
3386,247315
3387,247388
3388,247461
3389,247534
3390,247607
3391,247680
3392,247753
3393,247826
3394,247899
3395,247972
3396,248045
3397,248118
3398,248191
3399,248264
3400,248337
3401,248410
3402,248483
3403,248556
3404,248629
3405,248702
3406,248775
3407,248848
3408,248921
3409,248994
3410,249067
3411,249140
3412,249213
3413,249286
3414,249359
3415,249432
3416,249505
3417,249578
3418,249651
3419,249724
3420,249797
3421,249870
3422,249943
3423,250016
3424,250089
3425,250162
3426,250235
3427,250308
3428,250381
3429,250454
3430,250527
3431,250600
3432,250673
3433,250746
3434,250819
3435,250892
3436,250965
3437,251038
3438,251111
3439,251184
3440,251257
3441,251330
3442,251403
3443,251476
3444,251549
3445,251622
3446,251695
3447,251768
3448,251841
3449,251914
3450,251987
3451,252060
3452,252133
3453,252206
3454,252279
3455,252352
3456,252425
3457,252498
3458,252571
3459,252644
3460,252717
3461,252790
3462,252863
3463,252936
3464,253009
3465,253082
3466,253155
3467,253228
3468,253301
3469,253374
3470,253447
3471,253520
3472,253593
3473,253666
3474,253739
3475,253812
3476,253885
3477,253958
3478,254031
3479,254104
3480,254177
3481,254250
3482,254323
3483,254396
3484,254469
3485,254542
3486,254615
3487,254688
3488,254761
3489,254834
3490,254907
3491,254980
3492,255053
3493,255126
3494,255199
3495,255272
3496,255345
3497,255418
3498,255491
3499,255564
3500,255637
3501,255710
3502,255783
3503,255856
3504,255929
3505,256002
3506,256075
3507,256148
3508,256221
3509,256294
3510,256367
3511,256440
3512,256513
3513,256586
3514,256659
3515,256732
3516,256805
3517,256878
3518,256951
3519,257024
3520,257097
3521,257170
3522,257243
3523,257316
3524,257389
3525,257462
3526,257535
3527,257608
3528,257681
3529,257754
3530,257827
3531,257900
3532,257973
3533,258046
3534,258119
3535,258192
3536,258265
3537,258338
3538,258411
3539,258484
3540,258557
3541,258630
3542,258703
3543,258776
3544,258849
3545,258922
3546,258995
3547,259068
3548,259141
3549,259214
3550,259287
3551,259360
3552,259433
3553,259506
3554,259579
3555,259652
3556,259725
3557,259798
3558,259871
3559,259944
3560,260017
3561,260090
3562,260163
3563,260236
3564,260309
3565,260382
3566,260455
3567,260528
3568,260601
3569,260674
3570,260747
3571,260820
3572,260893
3573,260966
3574,261039
3575,261112
3576,261185
3577,261258
3578,261331
3579,261404
3580,261477
3581,261550
3582,261623
3583,261696
3584,261769
3585,261842
3586,261915
3587,261988
3588,262061
3589,262134
3590,262207
3591,262280
3592,262353
3593,262426
3594,262499
3595,262572
3596,262645
3597,262718
3598,262791
3599,262864
3600,262937
3601,263010
3602,263083
3603,263156
3604,263229
3605,263302
3606,263375
3607,263448
3608,263521
3609,263594
3610,263667
3611,263740
3612,263813
3613,263886
3614,263959
3615,264032
3616,264105
3617,264178
3618,264251
3619,264324
3620,264397
3621,264470
3622,264543
3623,264616
3624,264689
3625,264762
3626,264835
3627,264908
3628,264981
3629,265054
3630,265127
3631,265200
3632,265273
3633,265346
3634,265419
3635,265492
3636,265565
3637,265638
3638,265711
3639,265784
3640,265857
3641,265930
3642,266003
3643,266076
3644,266149
3645,266222
3646,266295
3647,266368
3648,266441
3649,266514
3650,266587
3651,266660
3652,266733
3653,266806
3654,266879
3655,266952
3656,267025
3657,267098
3658,267171
3659,267244
3660,267317
3661,267390
3662,267463
3663,267536
3664,267609
3665,267682
3666,267755
3667,267828
3668,267901
3669,267974
3670,268047
3671,268120
3672,268193
3673,268266
3674,268339
3675,268412
3676,268485
3677,268558
3678,268631
3679,268704
3680,268777
3681,268850
3682,268923
3683,268996
3684,269069
3685,269142
3686,269215
3687,269288
3688,269361
3689,269434
3690,269507
3691,269580
3692,269653
3693,269726
3694,269799
3695,269872
3696,269945
3697,270018
3698,270091
3699,270164
3700,270237
3701,270310
3702,270383
3703,270456
3704,270529
3705,270602
3706,270675
3707,270748
3708,270821
3709,270894
3710,270967
3711,271040
3712,271113
3713,271186
3714,271259
3715,271332
3716,271405
3717,271478
3718,271551
3719,271624
3720,271697
3721,271770
3722,271843
3723,271916
3724,271989
3725,272062
3726,272135
3727,272208
3728,272281
3729,272354
3730,272427
3731,272500
3732,272573
3733,272646
3734,272719
3735,272792
3736,272865
3737,272938
3738,273011
3739,273084
3740,273157
3741,273230
3742,273303
3743,273376
3744,273449
3745,273522
3746,273595
3747,273668
3748,273741
3749,273814
3750,273887
3751,273960
3752,274033
3753,274106
3754,274179
3755,274252
3756,274325
3757,274398
3758,274471
3759,274544
3760,274617
3761,274690
3762,274763
3763,274836
3764,274909
3765,274982
3766,275055
3767,275128
3768,275201
3769,275274
3770,275347
3771,275420
3772,275493
3773,275566
3774,275639
3775,275712
3776,275785
3777,275858
3778,275931
3779,276004
3780,276077
3781,276150
3782,276223
3783,276296
3784,276369
3785,276442
3786,276515
3787,276588
3788,276661
3789,276734
3790,276807
3791,276880
3792,276953
3793,277026
3794,277099
3795,277172
3796,277245
3797,277318
3798,277391
3799,277464
3800,277537
3801,277610
3802,277683
3803,277756
3804,277829
3805,277902
3806,277975
3807,278048
3808,278121
3809,278194
3810,278267
3811,278340
3812,278413
3813,278486
3814,278559
3815,278632
3816,278705
3817,278778
3818,278851
3819,278924
3820,278997
3821,279070
3822,279143
3823,279216
3824,279289
3825,279362
3826,279435
3827,279508
3828,279581
3829,279654
3830,279727
3831,279800
3832,279873
3833,279946
3834,280019
3835,280092
3836,280165
3837,280238
3838,280311
3839,280384
3840,280457
3841,280530
3842,280603
3843,280676
3844,280749
3845,280822
3846,280895
3847,280968
3848,281041
3849,281114
3850,281187
3851,281260
3852,281333
3853,281406
3854,281479
3855,281552
3856,281625
3857,281698
3858,281771
3859,281844
3860,281917
3861,281990
3862,282063
3863,282136
3864,282209
3865,282282
3866,282355
3867,282428
3868,282501
3869,282574
3870,282647
3871,282720
3872,282793
3873,282866
3874,282939
3875,283012
3876,283085
3877,283158
3878,283231
3879,283304
3880,283377
3881,283450
3882,283523
3883,283596
3884,283669
3885,283742
3886,283815
3887,283888
3888,283961
3889,284034
3890,284107
3891,284180
3892,284253
3893,284326
3894,284399
3895,284472
3896,284545
3897,284618
3898,284691
3899,284764
3900,284837
3901,284910
3902,284983
3903,285056
3904,285129
3905,285202
3906,285275
3907,285348
3908,285421
3909,285494
3910,285567
3911,285640
3912,285713
3913,285786
3914,285859
3915,285932
3916,286005
3917,286078
3918,286151
3919,286224
3920,286297
3921,286370
3922,286443
3923,286516
3924,286589
3925,286662
3926,286735
3927,286808
3928,286881
3929,286954
3930,287027
3931,287100
3932,287173
3933,287246
3934,287319
3935,287392
3936,287465
3937,287538
3938,287611
3939,287684
3940,287757
3941,287830
3942,287903
3943,287976
3944,288049
3945,288122
3946,288195
3947,288268
3948,288341
3949,288414
3950,288487
3951,288560
3952,288633
3953,288706
3954,288779
3955,288852
3956,288925
3957,288998
3958,289071
3959,289144
3960,289217
3961,289290
3962,289363
3963,289436
3964,289509
3965,289582
3966,289655
3967,289728
3968,289801
3969,289874
3970,289947
3971,290020
3972,290093
3973,290166
3974,290239
3975,290312
3976,290385
3977,290458
3978,290531
3979,290604
3980,290677
3981,290750
3982,290823
3983,290896
3984,290969
3985,291042
3986,291115
3987,291188
3988,291261
3989,291334
3990,291407
3991,291480
3992,291553
3993,291626
3994,291699
3995,291772
3996,291845
3997,291918
3998,291991
3999,292064
4000,292137
4001,292210
4002,292283
4003,292356
4004,292429
4005,292502
4006,292575
4007,292648
4008,292721
4009,292794
4010,292867
4011,292940
4012,293013
4013,293086
4014,293159
4015,293232
4016,293305
4017,293378
4018,293451
4019,293524
4020,293597
4021,293670
4022,293743
4023,293816
4024,293889
4025,293962
4026,294035
4027,294108
4028,294181
4029,294254
4030,294327
4031,294400
4032,294473
4033,294546
4034,294619
4035,294692
4036,294765
4037,294838
4038,294911
4039,294984
4040,295057
4041,295130
4042,295203
4043,295276
4044,295349
4045,295422
4046,295495
4047,295568
4048,295641
4049,295714
4050,295787
4051,295860
4052,295933
4053,296006
4054,296079
4055,296152
4056,296225
4057,296298
4058,296371
4059,296444
4060,296517
4061,296590
4062,296663
4063,296736
4064,296809
4065,296882
4066,296955
4067,297028
4068,297101
4069,297174
4070,297247
4071,297320
4072,297393
4073,297466
4074,297539
4075,297612
4076,297685
4077,297758
4078,297831
4079,297904
4080,297977
4081,298050
4082,298123
4083,298196
4084,298269
4085,298342
4086,298415
4087,298488
4088,298561
4089,298634
4090,298707
4091,298780
4092,298853
4093,298926
4094,298999
4095,299072
4096,299145
4097,299218
4098,299291
4099,299364
4100,299437
4101,299510
4102,299583
4103,299656
4104,299729
4105,299802
4106,299875
4107,299948
4108,300021
4109,300094
4110,300167
4111,300240
4112,300313
4113,300386
4114,300459
4115,300532
4116,300605
4117,300678
4118,300751
4119,300824
4120,300897
4121,300970
4122,301043
4123,301116
4124,301189
4125,301262
4126,301335
4127,301408
4128,301481
4129,301554
4130,301627
4131,301700
4132,301773
4133,301846
4134,301919
4135,301992
4136,302065
4137,302138
4138,302211
4139,302284
4140,302357
4141,302430
4142,302503
4143,302576
4144,302649
4145,302722
4146,302795
4147,302868
4148,302941
4149,303014
4150,303087
4151,303160
4152,303233
4153,303306
4154,303379
4155,303452
4156,303525
4157,303598
4158,303671
4159,303744
4160,303817
4161,303890
4162,303963
4163,304036
4164,304109
4165,304182
4166,304255
4167,304328
4168,304401
4169,304474
4170,304547
4171,304620
4172,304693
4173,304766
4174,304839
4175,304912
4176,304985
4177,305058
4178,305131
4179,305204
4180,305277
4181,305350
4182,305423
4183,305496
4184,305569
4185,305642
4186,305715
4187,305788
4188,305861
4189,305934
4190,306007
4191,306080
4192,306153
4193,306226
4194,306299
4195,306372
4196,306445
4197,306518
4198,306591
4199,306664
4200,306737
4201,306810
4202,306883
4203,306956
4204,307029
4205,307102
4206,307175
4207,307248
4208,307321
4209,307394
4210,307467
4211,307540
4212,307613
4213,307686
4214,307759
4215,307832
4216,307905
4217,307978
4218,308051
4219,308124
4220,308197
4221,308270
4222,308343
4223,308416
4224,308489
4225,308562
4226,308635
4227,308708
4228,308781
4229,308854
4230,308927
4231,309000
4232,309073
4233,309146
4234,309219
4235,309292
4236,309365
4237,309438
4238,309511
4239,309584
4240,309657
4241,309730
4242,309803
4243,309876
4244,309949
4245,310022
4246,310095
4247,310168
4248,310241
4249,310314
4250,310387
4251,310460
4252,310533
4253,310606
4254,310679
4255,310752
4256,310825
4257,310898
4258,310971
4259,311044
4260,311117
4261,311190
4262,311263
4263,311336
4264,311409
4265,311482
