request_id,status,is_error
0,200,false
1,200,false
2,404,true
3,200,false
4,500,true
5,200,false
6,200,false
7,404,true
8,200,false
9,500,true
10,200,false
11,200,false
12,404,true
13,200,false
14,500,true
15,200,false
16,200,false
17,404,true
18,200,false
19,500,true
20,200,false
21,200,false
22,404,true
23,200,false
24,500,true
25,200,false
26,200,false
27,404,true
28,200,false
29,500,true
30,200,false
31,200,false
32,404,true
33,200,false
34,500,true
35,200,false
36,200,false
37,404,true
38,200,false
39,500,true
40,200,false
41,200,false
42,404,true
43,200,false
44,500,true
45,200,false
46,200,false
47,404,true
48,200,false
49,500,true
50,200,false
51,200,false
52,404,true
53,200,false
54,500,true
55,200,false
56,200,false
57,404,true
58,200,false
59,500,true
60,200,false
61,200,false
62,404,true
63,200,false
64,500,true
65,200,false
66,200,false
67,404,true
68,200,false
69,500,true
70,200,false
71,200,false
72,404,true
73,200,false
74,500,true
75,200,false
76,200,false
77,404,true
78,200,false
79,500,true
80,200,false
81,200,false
82,404,true
83,200,false
84,500,true
85,200,false
86,200,false
87,404,true
88,200,false
89,500,true
90,200,false
91,200,false
92,404,true
93,200,false
94,500,true
95,200,false
96,200,false
97,404,true
98,200,false
99,500,true
100,200,false
101,200,false
102,404,true
103,200,false
104,500,true
105,200,false
106,200,false
107,404,true
108,200,false
109,500,true
110,200,false
111,200,false
112,404,true
113,200,false
114,500,true
115,200,false
116,200,false
117,404,true
118,200,false
119,500,true
120,200,false
121,200,false
122,404,true
123,200,false
124,500,true
125,200,false
126,200,false
127,404,true
128,200,false
129,500,true
130,200,false
131,200,false
132,404,true
133,200,false
134,500,true
135,200,false
136,200,false
137,404,true
138,200,false
139,500,true
140,200,false
141,200,false
142,404,true
143,200,false
144,500,true
145,200,false
146,200,false
147,404,true
148,200,false
149,500,true
150,200,false
151,200,false
152,404,true
153,200,false
154,500,true
155,200,false
156,200,false
157,404,true
158,200,false
159,500,true
160,200,false
161,200,false
162,404,true
163,200,false
164,500,true
165,200,false
166,200,false
167,404,true
168,200,false
169,500,true
170,200,false
171,200,false
172,404,true
173,200,false
174,500,true
175,200,false
176,200,false
177,404,true
178,200,false
179,500,true
180,200,false
181,200,false
182,404,true
183,200,false
184,500,true
185,200,false
186,200,false
187,404,true
188,200,false
189,500,true
190,200,false
191,200,false
192,404,true
193,200,false
194,500,true
195,200,false
196,200,false
197,404,true
198,200,false
199,500,true
200,200,false
201,200,false
202,404,true
203,200,false
204,500,true
205,200,false
206,200,false
207,404,true
208,200,false
209,500,true
210,200,false
211,200,false
212,404,true
213,200,false
214,500,true
215,200,false
216,200,false
217,404,true
218,200,false
219,500,true
220,200,false
221,200,false
222,404,true
223,200,false
224,500,true
225,200,false
226,200,false
227,404,true
228,200,false
229,500,true
230,200,false
231,200,false
232,404,true
233,200,false
234,500,true
235,200,false
236,200,false
237,404,true
238,200,false
239,500,true
240,200,false
241,200,false
242,404,true
243,200,false
244,500,true
245,200,false
246,200,false
247,404,true
248,200,false
249,500,true
250,200,false
251,200,false
252,404,true
253,200,false
254,500,true
255,200,false
256,200,false
257,404,true
258,200,false
259,500,true
260,200,false
261,200,false
262,404,true
263,200,false
264,500,true
265,200,false
266,200,false
267,404,true
268,200,false
269,500,true
270,200,false
271,200,false
272,404,true
273,200,false
274,500,true
275,200,false
276,200,false
277,404,true
278,200,false
279,500,true
280,200,false
281,200,false
282,404,true
283,200,false
284,500,true
285,200,false
286,200,false
287,404,true
288,200,false
289,500,true
290,200,false
291,200,false
292,404,true
293,200,false
294,500,true
295,200,false
296,200,false
297,404,true
298,200,false
299,500,true
300,200,false
301,200,false
302,404,true
303,200,false
304,500,true
305,200,false
306,200,false
307,404,true
308,200,false
309,500,true
310,200,false
311,200,false
312,404,true
313,200,false
314,500,true
315,200,false
316,200,false
317,404,true
318,200,false
319,500,true
320,200,false
321,200,false
322,404,true
323,200,false
324,500,true
325,200,false
326,200,false
327,404,true
328,200,false
329,500,true
330,200,false
331,200,false
332,404,true
333,200,false
334,500,true
335,200,false
336,200,false
337,404,true
338,200,false
339,500,true
340,200,false
341,200,false
342,404,true
343,200,false
344,500,true
345,200,false
346,200,false
347,404,true
348,200,false
349,500,true
350,200,false
351,200,false
352,404,true
353,200,false
354,500,true
355,200,false
356,200,false
357,404,true
358,200,false
359,500,true
360,200,false
361,200,false
362,404,true
363,200,false
364,500,true
365,200,false
366,200,false
367,404,true
368,200,false
369,500,true
370,200,false
371,200,false
372,404,true
373,200,false
374,500,true
375,200,false
376,200,false
377,404,true
378,200,false
379,500,true
380,200,false
381,200,false
382,404,true
383,200,false
384,500,true
385,200,false
386,200,false
387,404,true
388,200,false
389,500,true
390,200,false
391,200,false
392,404,true
393,200,false
394,500,true
395,200,false
396,200,false
397,404,true
398,200,false
399,500,true
400,200,false
401,200,false
402,404,true
403,200,false
404,500,true
405,200,false
406,200,false
407,404,true
408,200,false
409,500,true
410,200,false
411,200,false
412,404,true
413,200,false
414,500,true
415,200,false
416,200,false
417,404,true
418,200,false
419,500,true
420,200,false
421,200,false
422,404,true
423,200,false
424,500,true
425,200,false
426,200,false
427,404,true
428,200,false
429,500,true
430,200,false
431,200,false
432,404,true
433,200,false
434,500,true
435,200,false
436,200,false
437,404,true
438,200,false
439,500,true
440,200,false
441,200,false
442,404,true
443,200,false
444,500,true
445,200,false
446,200,false
447,404,true
448,200,false
449,500,true
450,200,false
451,200,false
452,404,true
453,200,false
454,500,true
455,200,false
456,200,false
457,404,true
458,200,false
459,500,true
460,200,false
461,200,false
462,404,true
463,200,false
464,500,true
465,200,false
466,200,false
467,404,true
468,200,false
469,500,true
470,200,false
471,200,false
472,404,true
473,200,false
474,500,true
475,200,false
476,200,false
477,404,true
478,200,false
479,500,true
480,200,false
481,200,false
482,404,true
483,200,false
484,500,true
485,200,false
486,200,false
487,404,true
488,200,false
489,500,true
490,200,false
491,200,false
492,404,true
493,200,false
494,500,true
495,200,false
496,200,false
497,404,true
498,200,false
499,500,true
500,200,false
501,200,false
502,404,true
503,200,false
504,500,true
505,200,false
506,200,false
507,404,true
508,200,false
509,500,true
510,200,false
511,200,false
512,404,true
513,200,false
514,500,true
515,200,false
516,200,false
517,404,true
518,200,false
519,500,true
520,200,false
521,200,false
522,404,true
523,200,false
524,500,true
525,200,false
526,200,false
527,404,true
528,200,false
529,500,true
530,200,false
531,200,false
532,404,true
533,200,false
534,500,true
535,200,false
536,200,false
537,404,true
538,200,false
539,500,true
540,200,false
541,200,false
542,404,true
543,200,false
544,500,true
545,200,false
546,200,false
547,404,true
548,200,false
549,500,true
550,200,false
551,200,false
552,404,true
553,200,false
554,500,true
555,200,false
556,200,false
557,404,true
558,200,false
559,500,true
560,200,false
561,200,false
562,404,true
563,200,false
564,500,true
565,200,false
566,200,false
567,404,true
568,200,false
569,500,true
570,200,false
571,200,false
572,404,true
573,200,false
574,500,true
575,200,false
576,200,false
577,404,true
578,200,false
579,500,true
580,200,false
581,200,false
582,404,true
583,200,false
584,500,true
585,200,false
586,200,false
587,404,true
588,200,false
589,500,true
590,200,false
591,200,false
592,404,true
593,200,false
594,500,true
595,200,false
596,200,false
597,404,true
598,200,false
599,500,true
600,200,false
601,200,false
602,404,true
603,200,false
604,500,true
605,200,false
606,200,false
607,404,true
608,200,false
609,500,true
610,200,false
611,200,false
612,404,true
613,200,false
614,500,true
615,200,false
616,200,false
617,404,true
618,200,false
619,500,true
620,200,false
621,200,false
622,404,true
623,200,false
624,500,true
625,200,false
626,200,false
627,404,true
628,200,false
629,500,true
630,200,false
631,200,false
632,404,true
633,200,false
634,500,true
635,200,false
636,200,false
637,404,true
638,200,false
639,500,true
640,200,false
641,200,false
642,404,true
643,200,false
644,500,true
645,200,false
646,200,false
647,404,true
648,200,false
649,500,true
650,200,false
651,200,false
652,404,true
653,200,false
654,500,true
655,200,false
656,200,false
657,404,true
658,200,false
659,500,true
660,200,false
661,200,false
662,404,true
663,200,false
664,500,true
665,200,false
666,200,false
667,404,true
668,200,false
669,500,true
670,200,false
671,200,false
672,404,true
673,200,false
674,500,true
675,200,false
676,200,false
677,404,true
678,200,false
679,500,true
680,200,false
681,200,false
682,404,true
683,200,false
684,500,true
685,200,false
686,200,false
687,404,true
688,200,false
689,500,true
690,200,false
691,200,false
692,404,true
693,200,false
694,500,true
695,200,false
696,200,false
697,404,true
698,200,false
699,500,true
700,200,false
701,200,false
702,404,true
703,200,false
704,500,true
705,200,false
706,200,false
707,404,true
708,200,false
709,500,true
710,200,false
711,200,false
712,404,true
713,200,false
714,500,true
715,200,false
716,200,false
717,404,true
718,200,false
719,500,true
720,200,false
721,200,false
722,404,true
723,200,false
724,500,true
725,200,false
726,200,false
727,404,true
728,200,false
729,500,true
730,200,false
731,200,false
732,404,true
733,200,false
734,500,true
735,200,false
736,200,false
737,404,true
738,200,false
739,500,true
740,200,false
741,200,false
742,404,true
743,200,false
744,500,true
745,200,false
746,200,false
747,404,true
748,200,false
749,500,true
750,200,false
751,200,false
752,404,true
753,200,false
754,500,true
755,200,false
756,200,false
757,404,true
758,200,false
759,500,true
760,200,false
761,200,false
762,404,true
763,200,false
764,500,true
765,200,false
766,200,false
767,404,true
768,200,false
769,500,true
770,200,false
771,200,false
772,404,true
773,200,false
774,500,true
775,200,false
776,200,false
777,404,true
778,200,false
779,500,true
780,200,false
781,200,false
782,404,true
783,200,false
784,500,true
785,200,false
786,200,false
787,404,true
788,200,false
789,500,true
790,200,false
791,200,false
792,404,true
793,200,false
794,500,true
795,200,false
796,200,false
797,404,true
798,200,false
799,500,true
800,200,false
801,200,false
802,404,true
803,200,false
804,500,true
805,200,false
806,200,false
807,404,true
808,200,false
809,500,true
810,200,false
811,200,false
812,404,true
813,200,false
814,500,true
815,200,false
816,200,false
817,404,true
818,200,false
819,500,true
820,200,false
821,200,false
822,404,true
823,200,false
824,500,true
825,200,false
826,200,false
827,404,true
828,200,false
829,500,true
830,200,false
831,200,false
832,404,true
833,200,false
834,500,true
835,200,false
836,200,false
837,404,true
838,200,false
839,500,true
840,200,false
841,200,false
842,404,true
843,200,false
844,500,true
845,200,false
846,200,false
847,404,true
848,200,false
849,500,true
850,200,false
851,200,false
852,404,true
853,200,false
854,500,true
855,200,false
856,200,false
857,404,true
858,200,false
859,500,true
860,200,false
861,200,false
862,404,true
863,200,false
864,500,true
865,200,false
866,200,false
867,404,true
868,200,false
869,500,true
870,200,false
871,200,false
872,404,true
873,200,false
874,500,true
875,200,false
876,200,false
877,404,true
878,200,false
879,500,true
880,200,false
881,200,false
882,404,true
883,200,false
884,500,true
885,200,false
886,200,false
887,404,true
888,200,false
889,500,true
890,200,false
891,200,false
892,404,true
893,200,false
894,500,true
895,200,false
896,200,false
897,404,true
898,200,false
899,500,true
900,200,false
901,200,false
902,404,true
903,200,false
904,500,true
905,200,false
906,200,false
907,404,true
908,200,false
909,500,true
910,200,false
911,200,false
912,404,true
913,200,false
914,500,true
915,200,false
916,200,false
917,404,true
918,200,false
919,500,true
920,200,false
921,200,false
922,404,true
923,200,false
924,500,true
925,200,false
926,200,false
927,404,true
928,200,false
929,500,true
930,200,false
931,200,false
932,404,true
933,200,false
934,500,true
935,200,false
936,200,false
937,404,true
938,200,false
939,500,true
940,200,false
941,200,false
942,404,true
943,200,false
944,500,true
945,200,false
946,200,false
947,404,true
948,200,false
949,500,true
950,200,false
951,200,false
952,404,true
953,200,false
954,500,true
955,200,false
956,200,false
957,404,true
958,200,false
959,500,true
960,200,false
961,200,false
962,404,true
963,200,false
964,500,true
965,200,false
966,200,false
967,404,true
968,200,false
969,500,true
970,200,false
971,200,false
972,404,true
973,200,false
974,500,true
975,200,false
976,200,false
977,404,true
978,200,false
979,500,true
980,200,false
981,200,false
982,404,true
983,200,false
984,500,true
985,200,false
986,200,false
987,404,true
988,200,false
989,500,true
990,200,false
991,200,false
992,404,true
993,200,false
994,500,true
995,200,false
996,200,false
997,404,true
998,200,false
999,500,true
1000,200,false
1001,200,false
1002,404,true
1003,200,false
1004,500,true
1005,200,false
1006,200,false
1007,404,true
1008,200,false
1009,500,true
1010,200,false
1011,200,false
1012,404,true
1013,200,false
1014,500,true
1015,200,false
1016,200,false
1017,404,true
1018,200,false
1019,500,true
1020,200,false
1021,200,false
1022,404,true
1023,200,false
1024,500,true
1025,200,false
1026,200,false
1027,404,true
1028,200,false
1029,500,true
1030,200,false
1031,200,false
1032,404,true
1033,200,false
1034,500,true
1035,200,false
1036,200,false
1037,404,true
1038,200,false
1039,500,true
1040,200,false
1041,200,false
1042,404,true
1043,200,false
1044,500,true
1045,200,false
1046,200,false
1047,404,true
1048,200,false
1049,500,true
1050,200,false
1051,200,false
1052,404,true
1053,200,false
1054,500,true
1055,200,false
1056,200,false
1057,404,true
1058,200,false
1059,500,true
1060,200,false
1061,200,false
1062,404,true
1063,200,false
1064,500,true
1065,200,false
1066,200,false
1067,404,true
1068,200,false
1069,500,true
1070,200,false
1071,200,false
1072,404,true
1073,200,false
1074,500,true
1075,200,false
1076,200,false
1077,404,true
1078,200,false
1079,500,true
1080,200,false
1081,200,false
1082,404,true
1083,200,false
1084,500,true
1085,200,false
1086,200,false
1087,404,true
1088,200,false
1089,500,true
1090,200,false
1091,200,false
1092,404,true
1093,200,false
1094,500,true
1095,200,false
1096,200,false
1097,404,true
1098,200,false
1099,500,true
1100,200,false
1101,200,false
1102,404,true
1103,200,false
1104,500,true
1105,200,false
1106,200,false
1107,404,true
1108,200,false
1109,500,true
1110,200,false
1111,200,false
1112,404,true
1113,200,false
1114,500,true
1115,200,false
1116,200,false
1117,404,true
1118,200,false
1119,500,true
1120,200,false
1121,200,false
1122,404,true
1123,200,false
1124,500,true
1125,200,false
1126,200,false
1127,404,true
1128,200,false
1129,500,true
1130,200,false
1131,200,false
1132,404,true
1133,200,false
1134,500,true
1135,200,false
1136,200,false
1137,404,true
1138,200,false
1139,500,true
1140,200,false
1141,200,false
1142,404,true
1143,200,false
1144,500,true
1145,200,false
1146,200,false
1147,404,true
1148,200,false
1149,500,true
1150,200,false
1151,200,false
1152,404,true
1153,200,false
1154,500,true
1155,200,false
1156,200,false
1157,404,true
1158,200,false
1159,500,true
1160,200,false
1161,200,false
1162,404,true
1163,200,false
1164,500,true
1165,200,false
1166,200,false
1167,404,true
1168,200,false
1169,500,true
1170,200,false
1171,200,false
1172,404,true
1173,200,false
1174,500,true
1175,200,false
1176,200,false
1177,404,true
1178,200,false
1179,500,true
1180,200,false
1181,200,false
1182,404,true
1183,200,false
1184,500,true
1185,200,false
1186,200,false
1187,404,true
1188,200,false
1189,500,true
1190,200,false
1191,200,false
1192,404,true
1193,200,false
1194,500,true
1195,200,false
1196,200,false
1197,404,true
1198,200,false
1199,500,true
1200,200,false
1201,200,false
1202,404,true
1203,200,false
1204,500,true
1205,200,false
1206,200,false
1207,404,true
1208,200,false
1209,500,true
1210,200,false
1211,200,false
1212,404,true
1213,200,false
1214,500,true
1215,200,false
1216,200,false
1217,404,true
1218,200,false
1219,500,true
1220,200,false
1221,200,false
1222,404,true
1223,200,false
1224,500,true
1225,200,false
1226,200,false
1227,404,true
1228,200,false
1229,500,true
1230,200,false
1231,200,false
1232,404,true
1233,200,false
1234,500,true
1235,200,false
1236,200,false
1237,404,true
1238,200,false
1239,500,true
1240,200,false
1241,200,false
1242,404,true
1243,200,false
1244,500,true
1245,200,false
1246,200,false
1247,404,true
1248,200,false
1249,500,true
1250,200,false
1251,200,false
1252,404,true
1253,200,false
1254,500,true
1255,200,false
1256,200,false
1257,404,true
1258,200,false
1259,500,true
1260,200,false
1261,200,false
1262,404,true
1263,200,false
1264,500,true
1265,200,false
1266,200,false
1267,404,true
1268,200,false
1269,500,true
1270,200,false
1271,200,false
1272,404,true
1273,200,false
1274,500,true
1275,200,false
1276,200,false
1277,404,true
1278,200,false
1279,500,true
1280,200,false
1281,200,false
1282,404,true
1283,200,false
1284,500,true
1285,200,false
1286,200,false
1287,404,true
1288,200,false
1289,500,true
1290,200,false
1291,200,false
1292,404,true
1293,200,false
1294,500,true
1295,200,false
1296,200,false
1297,404,true
1298,200,false
1299,500,true
1300,200,false
1301,200,false
1302,404,true
1303,200,false
1304,500,true
1305,200,false
1306,200,false
1307,404,true
1308,200,false
1309,500,true
1310,200,false
1311,200,false
1312,404,true
1313,200,false
1314,500,true
1315,200,false
1316,200,false
1317,404,true
1318,200,false
1319,500,true
1320,200,false
1321,200,false
1322,404,true
1323,200,false
1324,500,true
1325,200,false
1326,200,false
1327,404,true
1328,200,false
1329,500,true
1330,200,false
1331,200,false
1332,404,true
1333,200,false
1334,500,true
1335,200,false
1336,200,false
1337,404,true
1338,200,false
1339,500,true
1340,200,false
1341,200,false
1342,404,true
1343,200,false
1344,500,true
1345,200,false
1346,200,false
1347,404,true
1348,200,false
1349,500,true
1350,200,false
1351,200,false
1352,404,true
1353,200,false
1354,500,true
1355,200,false
1356,200,false
1357,404,true
1358,200,false
1359,500,true
1360,200,false
1361,200,false
1362,404,true
1363,200,false
1364,500,true
1365,200,false
1366,200,false
1367,404,true
1368,200,false
1369,500,true
1370,200,false
1371,200,false
1372,404,true
1373,200,false
1374,500,true
1375,200,false
1376,200,false
1377,404,true
1378,200,false
1379,500,true
1380,200,false
1381,200,false
1382,404,true
1383,200,false
1384,500,true
1385,200,false
1386,200,false
1387,404,true
1388,200,false
1389,500,true
1390,200,false
1391,200,false
1392,404,true
1393,200,false
1394,500,true
1395,200,false
1396,200,false
1397,404,true
1398,200,false
1399,500,true
1400,200,false
1401,200,false
1402,404,true
1403,200,false
1404,500,true
1405,200,false
1406,200,false
1407,404,true
1408,200,false
1409,500,true
1410,200,false
1411,200,false
1412,404,true
1413,200,false
1414,500,true
1415,200,false
1416,200,false
1417,404,true
1418,200,false
1419,500,true
1420,200,false
1421,200,false
1422,404,true
1423,200,false
1424,500,true
1425,200,false
1426,200,false
1427,404,true
1428,200,false
1429,500,true
1430,200,false
1431,200,false
1432,404,true
1433,200,false
1434,500,true
1435,200,false
1436,200,false
1437,404,true
1438,200,false
1439,500,true
1440,200,false
1441,200,false
1442,404,true
1443,200,false
1444,500,true
1445,200,false
1446,200,false
1447,404,true
1448,200,false
1449,500,true
1450,200,false
1451,200,false
1452,404,true
1453,200,false
1454,500,true
1455,200,false
1456,200,false
1457,404,true
1458,200,false
1459,500,true
1460,200,false
1461,200,false
1462,404,true
1463,200,false
1464,500,true
1465,200,false
1466,200,false
1467,404,true
1468,200,false
1469,500,true
1470,200,false
1471,200,false
1472,404,true
1473,200,false
1474,500,true
1475,200,false
1476,200,false
1477,404,true
1478,200,false
1479,500,true
1480,200,false
1481,200,false
1482,404,true
1483,200,false
1484,500,true
1485,200,false
1486,200,false
1487,404,true
1488,200,false
1489,500,true
1490,200,false
1491,200,false
1492,404,true
1493,200,false
1494,500,true
1495,200,false
1496,200,false
1497,404,true
1498,200,false
1499,500,true
1500,200,false
1501,200,false
1502,404,true
1503,200,false
1504,500,true
1505,200,false
1506,200,false
1507,404,true
1508,200,false
1509,500,true
1510,200,false
1511,200,false
1512,404,true
1513,200,false
1514,500,true
1515,200,false
1516,200,false
1517,404,true
1518,200,false
1519,500,true
1520,200,false
1521,200,false
1522,404,true
1523,200,false
1524,500,true
1525,200,false
1526,200,false
1527,404,true
1528,200,false
1529,500,true
1530,200,false
1531,200,false
1532,404,true
1533,200,false
1534,500,true
1535,200,false
1536,200,false
1537,404,true
1538,200,false
1539,500,true
1540,200,false
1541,200,false
1542,404,true
1543,200,false
1544,500,true
1545,200,false
1546,200,false
1547,404,true
1548,200,false
1549,500,true
1550,200,false
1551,200,false
1552,404,true
1553,200,false
1554,500,true
1555,200,false
1556,200,false
1557,404,true
1558,200,false
1559,500,true
1560,200,false
1561,200,false
1562,404,true
1563,200,false
1564,500,true
1565,200,false
1566,200,false
1567,404,true
1568,200,false
1569,500,true
1570,200,false
1571,200,false
1572,404,true
1573,200,false
1574,500,true
1575,200,false
1576,200,false
1577,404,true
1578,200,false
1579,500,true
1580,200,false
1581,200,false
1582,404,true
1583,200,false
1584,500,true
1585,200,false
1586,200,false
1587,404,true
1588,200,false
1589,500,true
1590,200,false
1591,200,false
1592,404,true
1593,200,false
1594,500,true
1595,200,false
1596,200,false
1597,404,true
1598,200,false
1599,500,true
1600,200,false
1601,200,false
1602,404,true
1603,200,false
1604,500,true
1605,200,false
1606,200,false
1607,404,true
1608,200,false
1609,500,true
1610,200,false
1611,200,false
1612,404,true
1613,200,false
1614,500,true
1615,200,false
1616,200,false
1617,404,true
1618,200,false
1619,500,true
1620,200,false
1621,200,false
1622,404,true
1623,200,false
1624,500,true
1625,200,false
1626,200,false
1627,404,true
1628,200,false
1629,500,true
1630,200,false
1631,200,false
1632,404,true
1633,200,false
1634,500,true
1635,200,false
1636,200,false
1637,404,true
1638,200,false
1639,500,true
1640,200,false
1641,200,false
1642,404,true
1643,200,false
1644,500,true
1645,200,false
1646,200,false
1647,404,true
1648,200,false
1649,500,true
1650,200,false
1651,200,false
1652,404,true
1653,200,false
1654,500,true
1655,200,false
1656,200,false
1657,404,true
1658,200,false
1659,500,true
1660,200,false
1661,200,false
1662,404,true
1663,200,false
1664,500,true
1665,200,false
1666,200,false
1667,404,true
1668,200,false
1669,500,true
1670,200,false
1671,200,false
1672,404,true
1673,200,false
1674,500,true
1675,200,false
1676,200,false
1677,404,true
1678,200,false
1679,500,true
1680,200,false
1681,200,false
1682,404,true
1683,200,false
1684,500,true
1685,200,false
1686,200,false
1687,404,true
1688,200,false
1689,500,true
1690,200,false
1691,200,false
1692,404,true
1693,200,false
1694,500,true
1695,200,false
1696,200,false
1697,404,true
1698,200,false
1699,500,true
1700,200,false
1701,200,false
1702,404,true
1703,200,false
1704,500,true
1705,200,false
1706,200,false
1707,404,true
1708,200,false
1709,500,true
1710,200,false
1711,200,false
1712,404,true
1713,200,false
1714,500,true
1715,200,false
1716,200,false
1717,404,true
1718,200,false
1719,500,true
1720,200,false
1721,200,false
1722,404,true
1723,200,false
1724,500,true
1725,200,false
1726,200,false
1727,404,true
1728,200,false
1729,500,true
1730,200,false
1731,200,false
1732,404,true
1733,200,false
1734,500,true
1735,200,false
1736,200,false
1737,404,true
1738,200,false
1739,500,true
1740,200,false
1741,200,false
1742,404,true
1743,200,false
1744,500,true
1745,200,false
1746,200,false
1747,404,true
1748,200,false
1749,500,true
1750,200,false
1751,200,false
1752,404,true
1753,200,false
1754,500,true
1755,200,false
1756,200,false
1757,404,true
1758,200,false
1759,500,true
1760,200,false
1761,200,false
1762,404,true
1763,200,false
1764,500,true
1765,200,false
1766,200,false
1767,404,true
1768,200,false
1769,500,true
1770,200,false
1771,200,false
1772,404,true
1773,200,false
1774,500,true
1775,200,false
1776,200,false
1777,404,true
1778,200,false
1779,500,true
1780,200,false
1781,200,false
1782,404,true
1783,200,false
1784,500,true
1785,200,false
1786,200,false
1787,404,true
1788,200,false
1789,500,true
1790,200,false
1791,200,false
1792,404,true
1793,200,false
1794,500,true
1795,200,false
1796,200,false
1797,404,true
1798,200,false
1799,500,true
1800,200,false
1801,200,false
1802,404,true
1803,200,false
1804,500,true
1805,200,false
1806,200,false
1807,404,true
1808,200,false
1809,500,true
1810,200,false
1811,200,false
1812,404,true
1813,200,false
1814,500,true
1815,200,false
1816,200,false
1817,404,true
1818,200,false
1819,500,true
1820,200,false
1821,200,false
1822,404,true
1823,200,false
1824,500,true
1825,200,false
1826,200,false
1827,404,true
1828,200,false
1829,500,true
1830,200,false
1831,200,false
1832,404,true
1833,200,false
1834,500,true
1835,200,false
1836,200,false
1837,404,true
1838,200,false
1839,500,true
1840,200,false
1841,200,false
1842,404,true
1843,200,false
1844,500,true
1845,200,false
1846,200,false
1847,404,true
1848,200,false
1849,500,true
1850,200,false
1851,200,false
1852,404,true
1853,200,false
1854,500,true
1855,200,false
1856,200,false
1857,404,true
1858,200,false
1859,500,true
1860,200,false
1861,200,false
1862,404,true
1863,200,false
1864,500,true
1865,200,false
1866,200,false
1867,404,true
1868,200,false
1869,500,true
1870,200,false
1871,200,false
1872,404,true
1873,200,false
1874,500,true
1875,200,false
1876,200,false
1877,404,true
1878,200,false
1879,500,true
1880,200,false
1881,200,false
1882,404,true
1883,200,false
1884,500,true
1885,200,false
1886,200,false
1887,404,true
1888,200,false
1889,500,true
1890,200,false
1891,200,false
1892,404,true
1893,200,false
1894,500,true
1895,200,false
1896,200,false
1897,404,true
1898,200,false
1899,500,true
1900,200,false
1901,200,false
1902,404,true
1903,200,false
1904,500,true
1905,200,false
1906,200,false
1907,404,true
1908,200,false
1909,500,true
1910,200,false
1911,200,false
1912,404,true
1913,200,false
1914,500,true
1915,200,false
1916,200,false
1917,404,true
1918,200,false
1919,500,true
1920,200,false
1921,200,false
1922,404,true
1923,200,false
1924,500,true
1925,200,false
1926,200,false
1927,404,true
1928,200,false
1929,500,true
1930,200,false
1931,200,false
1932,404,true
1933,200,false
1934,500,true
1935,200,false
1936,200,false
1937,404,true
1938,200,false
1939,500,true
1940,200,false
1941,200,false
1942,404,true
1943,200,false
1944,500,true
1945,200,false
1946,200,false
1947,404,true
1948,200,false
1949,500,true
1950,200,false
1951,200,false
1952,404,true
1953,200,false
1954,500,true
1955,200,false
1956,200,false
1957,404,true
1958,200,false
1959,500,true
1960,200,false
1961,200,false
1962,404,true
1963,200,false
1964,500,true
1965,200,false
1966,200,false
1967,404,true
1968,200,false
1969,500,true
1970,200,false
1971,200,false
1972,404,true
1973,200,false
1974,500,true
1975,200,false
1976,200,false
1977,404,true
1978,200,false
1979,500,true
1980,200,false
1981,200,false
1982,404,true
1983,200,false
1984,500,true
1985,200,false
1986,200,false
1987,404,true
1988,200,false
1989,500,true
1990,200,false
1991,200,false
1992,404,true
1993,200,false
1994,500,true
1995,200,false
1996,200,false
1997,404,true
1998,200,false
1999,500,true
2000,200,false
2001,200,false
2002,404,true
2003,200,false
2004,500,true
2005,200,false
2006,200,false
2007,404,true
2008,200,false
2009,500,true
2010,200,false
2011,200,false
2012,404,true
2013,200,false
2014,500,true
2015,200,false
2016,200,false
2017,404,true
2018,200,false
2019,500,true
2020,200,false
2021,200,false
2022,404,true
2023,200,false
2024,500,true
2025,200,false
2026,200,false
2027,404,true
2028,200,false
2029,500,true
2030,200,false
2031,200,false
2032,404,true
2033,200,false
2034,500,true
2035,200,false
2036,200,false
2037,404,true
2038,200,false
2039,500,true
2040,200,false
2041,200,false
2042,404,true
2043,200,false
2044,500,true
2045,200,false
2046,200,false
2047,404,true
2048,200,false
2049,500,true
2050,200,false
2051,200,false
2052,404,true
2053,200,false
2054,500,true
2055,200,false
2056,200,false
2057,404,true
2058,200,false
2059,500,true
2060,200,false
2061,200,false
2062,404,true
2063,200,false
2064,500,true
2065,200,false
2066,200,false
2067,404,true
2068,200,false
2069,500,true
2070,200,false
2071,200,false
2072,404,true
2073,200,false
2074,500,true
2075,200,false
2076,200,false
2077,404,true
2078,200,false
2079,500,true
2080,200,false
2081,200,false
2082,404,true
2083,200,false
2084,500,true
2085,200,false
2086,200,false
2087,404,true
2088,200,false
2089,500,true
2090,200,false
2091,200,false
2092,404,true
2093,200,false
2094,500,true
2095,200,false
2096,200,false
2097,404,true
2098,200,false
2099,500,true
2100,200,false
2101,200,false
2102,404,true
2103,200,false
2104,500,true
2105,200,false
2106,200,false
2107,404,true
2108,200,false
2109,500,true
2110,200,false
2111,200,false
2112,404,true
2113,200,false
2114,500,true
2115,200,false
2116,200,false
2117,404,true
2118,200,false
2119,500,true
2120,200,false
2121,200,false
2122,404,true
2123,200,false
2124,500,true
2125,200,false
2126,200,false
2127,404,true
2128,200,false
2129,500,true
2130,200,false
2131,200,false
2132,404,true
2133,200,false
2134,500,true
2135,200,false
2136,200,false
2137,404,true
2138,200,false
2139,500,true
2140,200,false
2141,200,false
2142,404,true
2143,200,false
2144,500,true
2145,200,false
2146,200,false
2147,404,true
2148,200,false
2149,500,true
2150,200,false
2151,200,false
2152,404,true
2153,200,false
2154,500,true
2155,200,false
2156,200,false
2157,404,true
2158,200,false
2159,500,true
2160,200,false
2161,200,false
2162,404,true
2163,200,false
2164,500,true
2165,200,false
2166,200,false
2167,404,true
2168,200,false
2169,500,true
2170,200,false
2171,200,false
2172,404,true
2173,200,false
2174,500,true
2175,200,false
2176,200,false
2177,404,true
2178,200,false
2179,500,true
2180,200,false
2181,200,false
2182,404,true
2183,200,false
2184,500,true
2185,200,false
2186,200,false
2187,404,true
2188,200,false
2189,500,true
2190,200,false
2191,200,false
2192,404,true
2193,200,false
2194,500,true
2195,200,false
2196,200,false
2197,404,true
2198,200,false
2199,500,true
2200,200,false
2201,200,false
2202,404,true
2203,200,false
2204,500,true
2205,200,false
2206,200,false
2207,404,true
2208,200,false
2209,500,true
2210,200,false
2211,200,false
2212,404,true
2213,200,false
2214,500,true
2215,200,false
2216,200,false
2217,404,true
2218,200,false
2219,500,true
2220,200,false
2221,200,false
2222,404,true
2223,200,false
2224,500,true
2225,200,false
2226,200,false
2227,404,true
2228,200,false
2229,500,true
2230,200,false
2231,200,false
2232,404,true
2233,200,false
2234,500,true
2235,200,false
2236,200,false
2237,404,true
2238,200,false
2239,500,true
2240,200,false
2241,200,false
2242,404,true
2243,200,false
2244,500,true
2245,200,false
2246,200,false
2247,404,true
2248,200,false
2249,500,true
2250,200,false
2251,200,false
2252,404,true
2253,200,false
2254,500,true
2255,200,false
2256,200,false
2257,404,true
2258,200,false
2259,500,true
2260,200,false
2261,200,false
2262,404,true
2263,200,false
2264,500,true
2265,200,false
2266,200,false
2267,404,true
2268,200,false
2269,500,true
2270,200,false
2271,200,false
2272,404,true
2273,200,false
2274,500,true
2275,200,false
2276,200,false
2277,404,true
2278,200,false
2279,500,true
2280,200,false
2281,200,false
2282,404,true
2283,200,false
2284,500,true
2285,200,false
2286,200,false
2287,404,true
2288,200,false
2289,500,true
2290,200,false
2291,200,false
2292,404,true
2293,200,false
2294,500,true
2295,200,false
2296,200,false
2297,404,true
2298,200,false
2299,500,true
2300,200,false
2301,200,false
2302,404,true
2303,200,false
2304,500,true
2305,200,false
2306,200,false
2307,404,true
2308,200,false
2309,500,true
2310,200,false
2311,200,false
2312,404,true
2313,200,false
2314,500,true
2315,200,false
2316,200,false
2317,404,true
2318,200,false
2319,500,true
2320,200,false
2321,200,false
2322,404,true
2323,200,false
2324,500,true
2325,200,false
2326,200,false
2327,404,true
2328,200,false
2329,500,true
2330,200,false
2331,200,false
2332,404,true
2333,200,false
2334,500,true
2335,200,false
2336,200,false
2337,404,true
2338,200,false
2339,500,true
2340,200,false
2341,200,false
2342,404,true
2343,200,false
2344,500,true
2345,200,false
2346,200,false
2347,404,true
2348,200,false
2349,500,true
2350,200,false
2351,200,false
2352,404,true
2353,200,false
2354,500,true
2355,200,false
2356,200,false
2357,404,true
2358,200,false
2359,500,true
2360,200,false
2361,200,false
2362,404,true
2363,200,false
2364,500,true
2365,200,false
2366,200,false
2367,404,true
2368,200,false
2369,500,true
2370,200,false
2371,200,false
2372,404,true
2373,200,false
2374,500,true
2375,200,false
2376,200,false
2377,404,true
2378,200,false
2379,500,true
2380,200,false
2381,200,false
2382,404,true
2383,200,false
2384,500,true
2385,200,false
2386,200,false
2387,404,true
2388,200,false
2389,500,true
2390,200,false
2391,200,false
2392,404,true
2393,200,false
2394,500,true
2395,200,false
2396,200,false
2397,404,true
2398,200,false
2399,500,true
2400,200,false
2401,200,false
2402,404,true
2403,200,false
2404,500,true
2405,200,false
2406,200,false
2407,404,true
2408,200,false
2409,500,true
2410,200,false
2411,200,false
2412,404,true
2413,200,false
2414,500,true
2415,200,false
2416,200,false
2417,404,true
2418,200,false
2419,500,true
2420,200,false
2421,200,false
2422,404,true
2423,200,false
2424,500,true
2425,200,false
2426,200,false
2427,404,true
2428,200,false
2429,500,true
2430,200,false
2431,200,false
2432,404,true
2433,200,false
2434,500,true
2435,200,false
2436,200,false
2437,404,true
2438,200,false
2439,500,true
2440,200,false
2441,200,false
2442,404,true
2443,200,false
2444,500,true
2445,200,false
2446,200,false
2447,404,true
2448,200,false
2449,500,true
2450,200,false
2451,200,false
2452,404,true
2453,200,false
2454,500,true
2455,200,false
2456,200,false
2457,404,true
2458,200,false
2459,500,true
2460,200,false
2461,200,false
2462,404,true
2463,200,false
2464,500,true
2465,200,false
2466,200,false
2467,404,true
2468,200,false
2469,500,true
2470,200,false
2471,200,false
2472,404,true
2473,200,false
2474,500,true
2475,200,false
2476,200,false
2477,404,true
2478,200,false
2479,500,true
2480,200,false
2481,200,false
2482,404,true
2483,200,false
2484,500,true
2485,200,false
2486,200,false
2487,404,true
2488,200,false
2489,500,true
2490,200,false
2491,200,false
2492,404,true
2493,200,false
2494,500,true
2495,200,false
2496,200,false
2497,404,true
2498,200,false
2499,500,true
2500,200,false
2501,200,false
2502,404,true
2503,200,false
2504,500,true
2505,200,false
2506,200,false
2507,404,true
2508,200,false
2509,500,true
2510,200,false
2511,200,false
2512,404,true
2513,200,false
2514,500,true
2515,200,false
2516,200,false
2517,404,true
2518,200,false
2519,500,true
2520,200,false
2521,200,false
2522,404,true
2523,200,false
2524,500,true
2525,200,false
2526,200,false
2527,404,true
2528,200,false
2529,500,true
2530,200,false
2531,200,false
2532,404,true
2533,200,false
2534,500,true
2535,200,false
2536,200,false
2537,404,true
2538,200,false
2539,500,true
2540,200,false
2541,200,false
2542,404,true
2543,200,false
2544,500,true
2545,200,false
2546,200,false
2547,404,true
2548,200,false
2549,500,true
2550,200,false
2551,200,false
2552,404,true
2553,200,false
2554,500,true
2555,200,false
2556,200,false
2557,404,true
2558,200,false
2559,500,true
2560,200,false
2561,200,false
2562,404,true
2563,200,false
2564,500,true
2565,200,false
2566,200,false
2567,404,true
2568,200,false
2569,500,true
2570,200,false
2571,200,false
2572,404,true
2573,200,false
2574,500,true
2575,200,false
2576,200,false
2577,404,true
2578,200,false
2579,500,true
2580,200,false
2581,200,false
2582,404,true
2583,200,false
2584,500,true
2585,200,false
2586,200,false
2587,404,true
2588,200,false
2589,500,true
2590,200,false
2591,200,false
2592,404,true
2593,200,false
2594,500,true
2595,200,false
2596,200,false
2597,404,true
2598,200,false
2599,500,true
2600,200,false
2601,200,false
2602,404,true
2603,200,false
2604,500,true
2605,200,false
2606,200,false
2607,404,true
2608,200,false
2609,500,true
2610,200,false
2611,200,false
2612,404,true
2613,200,false
2614,500,true
2615,200,false
2616,200,false
2617,404,true
2618,200,false
2619,500,true
2620,200,false
2621,200,false
2622,404,true
2623,200,false
2624,500,true
2625,200,false
2626,200,false
2627,404,true
2628,200,false
2629,500,true
2630,200,false
2631,200,false
2632,404,true
2633,200,false
2634,500,true
2635,200,false
2636,200,false
2637,404,true
2638,200,false
2639,500,true
2640,200,false
2641,200,false
2642,404,true
2643,200,false
2644,500,true
2645,200,false
2646,200,false
2647,404,true
2648,200,false
2649,500,true
2650,200,false
2651,200,false
2652,404,true
2653,200,false
2654,500,true
2655,200,false
2656,200,false
2657,404,true
2658,200,false
2659,500,true
2660,200,false
2661,200,false
2662,404,true
2663,200,false
2664,500,true
2665,200,false
2666,200,false
2667,404,true
2668,200,false
2669,500,true
2670,200,false
2671,200,false
2672,404,true
2673,200,false
2674,500,true
2675,200,false
2676,200,false
2677,404,true
2678,200,false
2679,500,true
2680,200,false
2681,200,false
2682,404,true
2683,200,false
2684,500,true
2685,200,false
2686,200,false
2687,404,true
2688,200,false
2689,500,true
2690,200,false
2691,200,false
2692,404,true
2693,200,false
2694,500,true
2695,200,false
2696,200,false
2697,404,true
2698,200,false
2699,500,true
2700,200,false
2701,200,false
2702,404,true
2703,200,false
2704,500,true
2705,200,false
2706,200,false
2707,404,true
2708,200,false
2709,500,true
2710,200,false
2711,200,false
2712,404,true
2713,200,false
2714,500,true
2715,200,false
2716,200,false
2717,404,true
2718,200,false
2719,500,true
2720,200,false
2721,200,false
2722,404,true
2723,200,false
2724,500,true
2725,200,false
2726,200,false
2727,404,true
2728,200,false
2729,500,true
2730,200,false
2731,200,false
2732,404,true
2733,200,false
2734,500,true
2735,200,false
2736,200,false
2737,404,true
2738,200,false
2739,500,true
2740,200,false
2741,200,false
2742,404,true
2743,200,false
2744,500,true
2745,200,false
2746,200,false
2747,404,true
2748,200,false
2749,500,true
2750,200,false
2751,200,false
2752,404,true
2753,200,false
2754,500,true
2755,200,false
2756,200,false
2757,404,true
2758,200,false
2759,500,true
2760,200,false
2761,200,false
2762,404,true
2763,200,false
2764,500,true
2765,200,false
2766,200,false
2767,404,true
2768,200,false
2769,500,true
2770,200,false
2771,200,false
2772,404,true
2773,200,false
2774,500,true
2775,200,false
2776,200,false
2777,404,true
2778,200,false
2779,500,true
2780,200,false
2781,200,false
2782,404,true
2783,200,false
2784,500,true
2785,200,false
2786,200,false
2787,404,true
2788,200,false
2789,500,true
2790,200,false
2791,200,false
2792,404,true
2793,200,false
2794,500,true
2795,200,false
2796,200,false
2797,404,true
2798,200,false
2799,500,true
2800,200,false
2801,200,false
2802,404,true
2803,200,false
2804,500,true
2805,200,false
2806,200,false
2807,404,true
2808,200,false
2809,500,true
2810,200,false
2811,200,false
2812,404,true
2813,200,false
2814,500,true
2815,200,false
2816,200,false
2817,404,true
2818,200,false
2819,500,true
2820,200,false
2821,200,false
2822,404,true
2823,200,false
2824,500,true
2825,200,false
2826,200,false
2827,404,true
2828,200,false
2829,500,true
2830,200,false
2831,200,false
2832,404,true
2833,200,false
2834,500,true
2835,200,false
2836,200,false
2837,404,true
2838,200,false
2839,500,true
2840,200,false
2841,200,false
2842,404,true
2843,200,false
2844,500,true
2845,200,false
2846,200,false
2847,404,true
2848,200,false
2849,500,true
2850,200,false
2851,200,false
2852,404,true
2853,200,false
2854,500,true
2855,200,false
2856,200,false
2857,404,true
2858,200,false
2859,500,true
2860,200,false
2861,200,false
2862,404,true
2863,200,false
2864,500,true
2865,200,false
2866,200,false
2867,404,true
2868,200,false
2869,500,true
2870,200,false
2871,200,false
2872,404,true
2873,200,false
2874,500,true
2875,200,false
2876,200,false
2877,404,true
2878,200,false
2879,500,true
2880,200,false
2881,200,false
2882,404,true
2883,200,false
2884,500,true
2885,200,false
2886,200,false
2887,404,true
2888,200,false
2889,500,true
2890,200,false
2891,200,false
2892,404,true
2893,200,false
2894,500,true
2895,200,false
2896,200,false
2897,404,true
2898,200,false
2899,500,true
2900,200,false
2901,200,false
2902,404,true
2903,200,false
2904,500,true
2905,200,false
2906,200,false
2907,404,true
2908,200,false
2909,500,true
2910,200,false
2911,200,false
2912,404,true
2913,200,false
2914,500,true
2915,200,false
2916,200,false
2917,404,true
2918,200,false
2919,500,true
2920,200,false
2921,200,false
2922,404,true
2923,200,false
2924,500,true
2925,200,false
2926,200,false
2927,404,true
2928,200,false
2929,500,true
2930,200,false
2931,200,false
2932,404,true
2933,200,false
2934,500,true
2935,200,false
2936,200,false
2937,404,true
2938,200,false
2939,500,true
2940,200,false
2941,200,false
2942,404,true
2943,200,false
2944,500,true
2945,200,false
2946,200,false
2947,404,true
2948,200,false
2949,500,true
2950,200,false
2951,200,false
2952,404,true
2953,200,false
2954,500,true
2955,200,false
2956,200,false
2957,404,true
2958,200,false
2959,500,true
2960,200,false
2961,200,false
2962,404,true
2963,200,false
2964,500,true
2965,200,false
2966,200,false
2967,404,true
2968,200,false
2969,500,true
2970,200,false
2971,200,false
2972,404,true
2973,200,false
2974,500,true
2975,200,false
2976,200,false
2977,404,true
2978,200,false
2979,500,true
2980,200,false
2981,200,false
2982,404,true
2983,200,false
2984,500,true
2985,200,false
2986,200,false
2987,404,true
2988,200,false
2989,500,true
2990,200,false
2991,200,false
2992,404,true
2993,200,false
2994,500,true
2995,200,false
2996,200,false
2997,404,true
2998,200,false
2999,500,true
3000,200,false
3001,200,false
3002,404,true
3003,200,false
3004,500,true
3005,200,false
3006,200,false
3007,404,true
3008,200,false
3009,500,true
3010,200,false
3011,200,false
3012,404,true
3013,200,false
3014,500,true
3015,200,false
3016,200,false
3017,404,true
3018,200,false
3019,500,true
3020,200,false
3021,200,false
3022,404,true
3023,200,false
3024,500,true
3025,200,false
3026,200,false
3027,404,true
3028,200,false
3029,500,true
3030,200,false
3031,200,false
3032,404,true
3033,200,false
3034,500,true
3035,200,false
3036,200,false
3037,404,true
3038,200,false
3039,500,true
3040,200,false
3041,200,false
3042,404,true
3043,200,false
3044,500,true
3045,200,false
3046,200,false
3047,404,true
3048,200,false
3049,500,true
3050,200,false
3051,200,false
3052,404,true
3053,200,false
3054,500,true
3055,200,false
3056,200,false
3057,404,true
3058,200,false
3059,500,true
3060,200,false
3061,200,false
3062,404,true
3063,200,false
3064,500,true
3065,200,false
3066,200,false
3067,404,true
3068,200,false
3069,500,true
3070,200,false
3071,200,false
3072,404,true
3073,200,false
3074,500,true
3075,200,false
3076,200,false
3077,404,true
3078,200,false
3079,500,true
3080,200,false
3081,200,false
3082,404,true
3083,200,false
3084,500,true
3085,200,false
3086,200,false
3087,404,true
3088,200,false
3089,500,true
3090,200,false
3091,200,false
3092,404,true
3093,200,false
3094,500,true
3095,200,false
3096,200,false
3097,404,true
3098,200,false
3099,500,true
3100,200,false
3101,200,false
3102,404,true
3103,200,false
3104,500,true
3105,200,false
3106,200,false
3107,404,true
3108,200,false
3109,500,true
3110,200,false
3111,200,false
3112,404,true
3113,200,false
3114,500,true
3115,200,false
3116,200,false
3117,404,true
3118,200,false
3119,500,true
3120,200,false
3121,200,false
3122,404,true
3123,200,false
3124,500,true
3125,200,false
3126,200,false
3127,404,true
3128,200,false
3129,500,true
3130,200,false
3131,200,false
3132,404,true
3133,200,false
3134,500,true
3135,200,false
3136,200,false
3137,404,true
3138,200,false
3139,500,true
3140,200,false
3141,200,false
3142,404,true
3143,200,false
3144,500,true
3145,200,false
3146,200,false
3147,404,true
3148,200,false
3149,500,true
3150,200,false
3151,200,false
3152,404,true
3153,200,false
3154,500,true
3155,200,false
3156,200,false
3157,404,true
3158,200,false
3159,500,true
3160,200,false
3161,200,false
3162,404,true
3163,200,false
3164,500,true
3165,200,false
3166,200,false
3167,404,true
3168,200,false
3169,500,true
3170,200,false
3171,200,false
3172,404,true
3173,200,false
3174,500,true
3175,200,false
3176,200,false
3177,404,true
3178,200,false
3179,500,true
3180,200,false
3181,200,false
3182,404,true
3183,200,false
3184,500,true
3185,200,false
3186,200,false
3187,404,true
3188,200,false
3189,500,true
3190,200,false
3191,200,false
3192,404,true
3193,200,false
3194,500,true
3195,200,false
3196,200,false
3197,404,true
3198,200,false
3199,500,true
3200,200,false
3201,200,false
3202,404,true
3203,200,false
3204,500,true
3205,200,false
3206,200,false
3207,404,true
3208,200,false
3209,500,true
3210,200,false
3211,200,false
3212,404,true
3213,200,false
3214,500,true
3215,200,false
3216,200,false
3217,404,true
3218,200,false
3219,500,true
3220,200,false
3221,200,false
3222,404,true
3223,200,false
3224,500,true
3225,200,false
3226,200,false
3227,404,true
3228,200,false
3229,500,true
3230,200,false
3231,200,false
3232,404,true
3233,200,false
3234,500,true
3235,200,false
3236,200,false
3237,404,true
3238,200,false
3239,500,true
3240,200,false
3241,200,false
3242,404,true
3243,200,false
3244,500,true
3245,200,false
3246,200,false
3247,404,true
3248,200,false
3249,500,true
3250,200,false
3251,200,false
3252,404,true
3253,200,false
3254,500,true
3255,200,false
3256,200,false
3257,404,true
3258,200,false
3259,500,true
3260,200,false
3261,200,false
3262,404,true
3263,200,false
3264,500,true
3265,200,false
3266,200,false
3267,404,true
3268,200,false
3269,500,true
3270,200,false
3271,200,false
3272,404,true
3273,200,false
3274,500,true
3275,200,false
3276,200,false
3277,404,true
3278,200,false
3279,500,true
3280,200,false
3281,200,false
3282,404,true
3283,200,false
3284,500,true
3285,200,false
3286,200,false
3287,404,true
3288,200,false
3289,500,true
3290,200,false
3291,200,false
3292,404,true
3293,200,false
3294,500,true
3295,200,false
3296,200,false
3297,404,true
3298,200,false
3299,500,true
3300,200,false
3301,200,false
3302,404,true
3303,200,false
3304,500,true
3305,200,false
3306,200,false
3307,404,true
3308,200,false
3309,500,true
3310,200,false
3311,200,false
3312,404,true
3313,200,false
3314,500,true
3315,200,false
3316,200,false
3317,404,true
3318,200,false
3319,500,true
3320,200,false
3321,200,false
3322,404,true
3323,200,false
3324,500,true
3325,200,false
3326,200,false
3327,404,true
3328,200,false
3329,500,true
3330,200,false
3331,200,false
3332,404,true
3333,200,false
3334,500,true
3335,200,false
3336,200,false
3337,404,true
3338,200,false
3339,500,true
3340,200,false
3341,200,false
3342,404,true
3343,200,false
3344,500,true
3345,200,false
3346,200,false
3347,404,true
3348,200,false
3349,500,true
3350,200,false
3351,200,false
3352,404,true
3353,200,false
3354,500,true
3355,200,false
3356,200,false
3357,404,true
3358,200,false
3359,500,true
3360,200,false
3361,200,false
3362,404,true
3363,200,false
3364,500,true
3365,200,false
3366,200,false
3367,404,true
3368,200,false
3369,500,true
3370,200,false
3371,200,false
3372,404,true
3373,200,false
3374,500,true
3375,200,false
3376,200,false
3377,404,true
3378,200,false
3379,500,true
3380,200,false
3381,200,false
3382,404,true
3383,200,false
3384,500,true
3385,200,false
3386,200,false
3387,404,true
3388,200,false
3389,500,true
3390,200,false
3391,200,false
3392,404,true
3393,200,false
3394,500,true
3395,200,false
3396,200,false
3397,404,true
3398,200,false
3399,500,true
3400,200,false
3401,200,false
3402,404,true
3403,200,false
3404,500,true
3405,200,false
3406,200,false
3407,404,true
3408,200,false
3409,500,true
3410,200,false
3411,200,false
3412,404,true
3413,200,false
3414,500,true
3415,200,false
3416,200,false
3417,404,true
3418,200,false
3419,500,true
3420,200,false
3421,200,false
3422,404,true
3423,200,false
3424,500,true
3425,200,false
3426,200,false
3427,404,true
3428,200,false
3429,500,true
3430,200,false
3431,200,false
3432,404,true
3433,200,false
3434,500,true
3435,200,false
3436,200,false
3437,404,true
3438,200,false
3439,500,true
3440,200,false
3441,200,false
3442,404,true
3443,200,false
3444,500,true
3445,200,false
3446,200,false
3447,404,true
3448,200,false
3449,500,true
3450,200,false
3451,200,false
3452,404,true
3453,200,false
3454,500,true
3455,200,false
3456,200,false
3457,404,true
3458,200,false
3459,500,true
3460,200,false
3461,200,false
3462,404,true
3463,200,false
3464,500,true
3465,200,false
3466,200,false
3467,404,true
3468,200,false
3469,500,true
3470,200,false
3471,200,false
3472,404,true
3473,200,false
3474,500,true
3475,200,false
3476,200,false
3477,404,true
3478,200,false
3479,500,true
3480,200,false
3481,200,false
3482,404,true
3483,200,false
3484,500,true
3485,200,false
3486,200,false
3487,404,true
3488,200,false
3489,500,true
3490,200,false
3491,200,false
3492,404,true
3493,200,false
3494,500,true
3495,200,false
3496,200,false
3497,404,true
3498,200,false
3499,500,true
3500,200,false
3501,200,false
3502,404,true
3503,200,false
3504,500,true
3505,200,false
3506,200,false
3507,404,true
3508,200,false
3509,500,true
3510,200,false
3511,200,false
3512,404,true
3513,200,false
3514,500,true
3515,200,false
3516,200,false
3517,404,true
3518,200,false
3519,500,true
3520,200,false
3521,200,false
3522,404,true
3523,200,false
3524,500,true
3525,200,false
3526,200,false
3527,404,true
3528,200,false
3529,500,true
3530,200,false
3531,200,false
3532,404,true
3533,200,false
3534,500,true
3535,200,false
3536,200,false
3537,404,true
3538,200,false
3539,500,true
3540,200,false
3541,200,false
3542,404,true
3543,200,false
3544,500,true
3545,200,false
3546,200,false
3547,404,true
3548,200,false
3549,500,true
3550,200,false
3551,200,false
3552,404,true
3553,200,false
3554,500,true
3555,200,false
3556,200,false
3557,404,true
3558,200,false
3559,500,true
3560,200,false
3561,200,false
3562,404,true
3563,200,false
3564,500,true
3565,200,false
3566,200,false
3567,404,true
3568,200,false
3569,500,true
3570,200,false
3571,200,false
3572,404,true
3573,200,false
3574,500,true
3575,200,false
3576,200,false
3577,404,true
3578,200,false
3579,500,true
3580,200,false
3581,200,false
3582,404,true
3583,200,false
3584,500,true
3585,200,false
3586,200,false
3587,404,true
3588,200,false
3589,500,true
3590,200,false
3591,200,false
3592,404,true
3593,200,false
3594,500,true
3595,200,false
3596,200,false
3597,404,true
3598,200,false
3599,500,true
3600,200,false
3601,200,false
3602,404,true
3603,200,false
3604,500,true
3605,200,false
3606,200,false
3607,404,true
3608,200,false
3609,500,true
3610,200,false
3611,200,false
3612,404,true
3613,200,false
3614,500,true
3615,200,false
3616,200,false
3617,404,true
3618,200,false
3619,500,true
3620,200,false
3621,200,false
3622,404,true
3623,200,false
3624,500,true
3625,200,false
3626,200,false
3627,404,true
3628,200,false
3629,500,true
3630,200,false
3631,200,false
3632,404,true
3633,200,false
3634,500,true
3635,200,false
3636,200,false
3637,404,true
3638,200,false
3639,500,true
3640,200,false
3641,200,false
3642,404,true
3643,200,false
3644,500,true
3645,200,false
3646,200,false
3647,404,true
3648,200,false
3649,500,true
3650,200,false
3651,200,false
3652,404,true
3653,200,false
3654,500,true
3655,200,false
3656,200,false
3657,404,true
3658,200,false
3659,500,true
3660,200,false
3661,200,false
3662,404,true
3663,200,false
3664,500,true
3665,200,false
3666,200,false
3667,404,true
3668,200,false
3669,500,true
3670,200,false
3671,200,false
3672,404,true
3673,200,false
3674,500,true
3675,200,false
3676,200,false
3677,404,true
3678,200,false
3679,500,true
3680,200,false
3681,200,false
3682,404,true
3683,200,false
3684,500,true
3685,200,false
3686,200,false
3687,404,true
3688,200,false
3689,500,true
3690,200,false
3691,200,false
3692,404,true
3693,200,false
3694,500,true
3695,200,false
3696,200,false
3697,404,true
3698,200,false
3699,500,true
3700,200,false
3701,200,false
3702,404,true
3703,200,false
3704,500,true
3705,200,false
3706,200,false
3707,404,true
3708,200,false
3709,500,true
3710,200,false
3711,200,false
3712,404,true
3713,200,false
3714,500,true
3715,200,false
3716,200,false
3717,404,true
3718,200,false
3719,500,true
3720,200,false
3721,200,false
3722,404,true
3723,200,false
3724,500,true
3725,200,false
3726,200,false
3727,404,true
3728,200,false
3729,500,true
3730,200,false
3731,200,false
3732,404,true
3733,200,false
3734,500,true
3735,200,false
3736,200,false
3737,404,true
3738,200,false
3739,500,true
3740,200,false
3741,200,false
3742,404,true
3743,200,false
3744,500,true
3745,200,false
3746,200,false
3747,404,true
3748,200,false
3749,500,true
3750,200,false
3751,200,false
3752,404,true
3753,200,false
3754,500,true
3755,200,false
3756,200,false
3757,404,true
3758,200,false
3759,500,true
3760,200,false
3761,200,false
3762,404,true
3763,200,false
3764,500,true
3765,200,false
3766,200,false
3767,404,true
3768,200,false
3769,500,true
3770,200,false
3771,200,false
3772,404,true
3773,200,false
3774,500,true
3775,200,false
3776,200,false
3777,404,true
3778,200,false
3779,500,true
3780,200,false
3781,200,false
3782,404,true
3783,200,false
3784,500,true
3785,200,false
3786,200,false
3787,404,true
3788,200,false
3789,500,true
3790,200,false
3791,200,false
3792,404,true
3793,200,false
3794,500,true
3795,200,false
3796,200,false
3797,404,true
3798,200,false
3799,500,true
3800,200,false
3801,200,false
3802,404,true
3803,200,false
3804,500,true
3805,200,false
3806,200,false
3807,404,true
3808,200,false
3809,500,true
3810,200,false
3811,200,false
3812,404,true
3813,200,false
3814,500,true
3815,200,false
3816,200,false
3817,404,true
3818,200,false
3819,500,true
3820,200,false
3821,200,false
3822,404,true
3823,200,false
3824,500,true
3825,200,false
3826,200,false
3827,404,true
3828,200,false
3829,500,true
3830,200,false
3831,200,false
3832,404,true
3833,200,false
3834,500,true
3835,200,false
3836,200,false
3837,404,true
3838,200,false
3839,500,true
3840,200,false
3841,200,false
3842,404,true
3843,200,false
3844,500,true
3845,200,false
3846,200,false
3847,404,true
3848,200,false
3849,500,true
3850,200,false
3851,200,false
3852,404,true
3853,200,false
3854,500,true
3855,200,false
3856,200,false
3857,404,true
3858,200,false
3859,500,true
3860,200,false
3861,200,false
3862,404,true
3863,200,false
3864,500,true
3865,200,false
3866,200,false
3867,404,true
3868,200,false
3869,500,true
3870,200,false
3871,200,false
3872,404,true
3873,200,false
3874,500,true
3875,200,false
3876,200,false
3877,404,true
3878,200,false
3879,500,true
3880,200,false
3881,200,false
3882,404,true
3883,200,false
3884,500,true
3885,200,false
3886,200,false
3887,404,true
3888,200,false
3889,500,true
3890,200,false
3891,200,false
3892,404,true
3893,200,false
3894,500,true
3895,200,false
3896,200,false
3897,404,true
3898,200,false
3899,500,true
3900,200,false
3901,200,false
3902,404,true
3903,200,false
3904,500,true
3905,200,false
3906,200,false
3907,404,true
3908,200,false
3909,500,true
3910,200,false
3911,200,false
3912,404,true
3913,200,false
3914,500,true
3915,200,false
3916,200,false
3917,404,true
3918,200,false
3919,500,true
3920,200,false
3921,200,false
3922,404,true
3923,200,false
3924,500,true
3925,200,false
3926,200,false
3927,404,true
3928,200,false
3929,500,true
3930,200,false
3931,200,false
3932,404,true
3933,200,false
3934,500,true
3935,200,false
3936,200,false
3937,404,true
3938,200,false
3939,500,true
3940,200,false
3941,200,false
3942,404,true
3943,200,false
3944,500,true
3945,200,false
3946,200,false
3947,404,true
3948,200,false
3949,500,true
3950,200,false
3951,200,false
3952,404,true
3953,200,false
3954,500,true
3955,200,false
3956,200,false
3957,404,true
3958,200,false
3959,500,true
3960,200,false
3961,200,false
3962,404,true
3963,200,false
3964,500,true
3965,200,false
3966,200,false
3967,404,true
3968,200,false
3969,500,true
3970,200,false
3971,200,false
3972,404,true
3973,200,false
3974,500,true
3975,200,false
3976,200,false
3977,404,true
3978,200,false
3979,500,true
3980,200,false
3981,200,false
3982,404,true
3983,200,false
3984,500,true
3985,200,false
3986,200,false
3987,404,true
3988,200,false
3989,500,true
3990,200,false
3991,200,false
3992,404,true
3993,200,false
3994,500,true
3995,200,false
3996,200,false
3997,404,true
3998,200,false
3999,500,true
4000,200,false
4001,200,false
4002,404,true
4003,200,false
4004,500,true
4005,200,false
4006,200,false
4007,404,true
4008,200,false
4009,500,true
4010,200,false
4011,200,false
4012,404,true
4013,200,false
4014,500,true
4015,200,false
4016,200,false
4017,404,true
4018,200,false
4019,500,true
4020,200,false
4021,200,false
4022,404,true
4023,200,false
4024,500,true
4025,200,false
4026,200,false
4027,404,true
4028,200,false
4029,500,true
4030,200,false
4031,200,false
4032,404,true
4033,200,false
4034,500,true
4035,200,false
4036,200,false
4037,404,true
4038,200,false
4039,500,true
4040,200,false
4041,200,false
4042,404,true
4043,200,false
4044,500,true
4045,200,false
4046,200,false
4047,404,true
4048,200,false
4049,500,true
4050,200,false
4051,200,false
4052,404,true
4053,200,false
4054,500,true
4055,200,false
4056,200,false
4057,404,true
4058,200,false
4059,500,true
4060,200,false
4061,200,false
4062,404,true
4063,200,false
4064,500,true
4065,200,false
4066,200,false
4067,404,true
4068,200,false
4069,500,true
4070,200,false
4071,200,false
4072,404,true
4073,200,false
4074,500,true
4075,200,false
4076,200,false
4077,404,true
4078,200,false
4079,500,true
4080,200,false
4081,200,false
4082,404,true
4083,200,false
4084,500,true
4085,200,false
4086,200,false
4087,404,true
4088,200,false
4089,500,true
4090,200,false
4091,200,false
4092,404,true
4093,200,false
4094,500,true
4095,200,false
4096,200,false
4097,404,true
4098,200,false
4099,500,true
4100,200,false
4101,200,false
4102,404,true
4103,200,false
4104,500,true
4105,200,false
4106,200,false
4107,404,true
4108,200,false
4109,500,true
4110,200,false
4111,200,false
4112,404,true
4113,200,false
4114,500,true
4115,200,false
4116,200,false
4117,404,true
4118,200,false
4119,500,true
4120,200,false
4121,200,false
4122,404,true
4123,200,false
4124,500,true
4125,200,false
4126,200,false
4127,404,true
4128,200,false
4129,500,true
4130,200,false
4131,200,false
4132,404,true
4133,200,false
4134,500,true
4135,200,false
4136,200,false
4137,404,true
4138,200,false
4139,500,true
4140,200,false
4141,200,false
4142,404,true
4143,200,false
4144,500,true
4145,200,false
4146,200,false
4147,404,true
4148,200,false
4149,500,true
4150,200,false
4151,200,false
4152,404,true
4153,200,false
4154,500,true
4155,200,false
4156,200,false
4157,404,true
4158,200,false
4159,500,true
4160,200,false
4161,200,false
4162,404,true
4163,200,false
4164,500,true
4165,200,false
4166,200,false
4167,404,true
4168,200,false
4169,500,true
4170,200,false
4171,200,false
4172,404,true
4173,200,false
4174,500,true
4175,200,false
4176,200,false
4177,404,true
4178,200,false
4179,500,true
4180,200,false
4181,200,false
4182,404,true
4183,200,false
4184,500,true
4185,200,false
4186,200,false
4187,404,true
4188,200,false
4189,500,true
4190,200,false
4191,200,false
4192,404,true
4193,200,false
4194,500,true
4195,200,false
4196,200,false
4197,404,true
4198,200,false
4199,500,true
4200,200,false
4201,200,false
4202,404,true
4203,200,false
4204,500,true
4205,200,false
4206,200,false
4207,404,true
4208,200,false
4209,500,true
4210,200,false
4211,200,false
4212,404,true
4213,200,false
4214,500,true
4215,200,false
4216,200,false
4217,404,true
4218,200,false
4219,500,true
4220,200,false
4221,200,false
4222,404,true
4223,200,false
4224,500,true
4225,200,false
4226,200,false
4227,404,true
4228,200,false
4229,500,true
4230,200,false
4231,200,false
4232,404,true
4233,200,false
4234,500,true
4235,200,false
4236,200,false
4237,404,true
4238,200,false
4239,500,true
4240,200,false
4241,200,false
4242,404,true
4243,200,false
4244,500,true
4245,200,false
4246,200,false
4247,404,true
4248,200,false
4249,500,true
4250,200,false
4251,200,false
4252,404,true
4253,200,false
4254,500,true
4255,200,false
4256,200,false
4257,404,true
4258,200,false
4259,500,true
4260,200,false
4261,200,false
4262,404,true
4263,200,false
4264,500,true
4265,200,false
4266,200,false
4267,404,true
4268,200,false
4269,500,true
4270,200,false
4271,200,false
4272,404,true
4273,200,false
4274,500,true
4275,200,false
4276,200,false
4277,404,true
4278,200,false
4279,500,true
4280,200,false
4281,200,false
4282,404,true
4283,200,false
4284,500,true
4285,200,false
4286,200,false
4287,404,true
4288,200,false
4289,500,true
4290,200,false
4291,200,false
4292,404,true
4293,200,false
4294,500,true
4295,200,false
4296,200,false
4297,404,true
4298,200,false
4299,500,true
4300,200,false
4301,200,false
4302,404,true
4303,200,false
4304,500,true
4305,200,false
4306,200,false
4307,404,true
4308,200,false
4309,500,true
4310,200,false
4311,200,false
4312,404,true
4313,200,false
4314,500,true
4315,200,false
4316,200,false
4317,404,true
4318,200,false
4319,500,true
4320,200,false
4321,200,false
4322,404,true
4323,200,false
4324,500,true
4325,200,false
4326,200,false
4327,404,true
4328,200,false
4329,500,true
4330,200,false
4331,200,false
4332,404,true
4333,200,false
4334,500,true
4335,200,false
4336,200,false
4337,404,true
4338,200,false
4339,500,true
4340,200,false
4341,200,false
4342,404,true
4343,200,false
4344,500,true
4345,200,false
4346,200,false
4347,404,true
4348,200,false
4349,500,true
4350,200,false
4351,200,false
4352,404,true
4353,200,false
4354,500,true
4355,200,false
4356,200,false
4357,404,true
4358,200,false
4359,500,true
4360,200,false
4361,200,false
4362,404,true
4363,200,false
4364,500,true
4365,200,false
4366,200,false
4367,404,true
4368,200,false
4369,500,true
4370,200,false
4371,200,false
4372,404,true
4373,200,false
4374,500,true
4375,200,false
4376,200,false
4377,404,true
4378,200,false
4379,500,true
4380,200,false
4381,200,false
4382,404,true
4383,200,false
4384,500,true
4385,200,false
4386,200,false
4387,404,true
4388,200,false
4389,500,true
4390,200,false
4391,200,false
4392,404,true
4393,200,false
4394,500,true
4395,200,false
4396,200,false
4397,404,true
4398,200,false
4399,500,true
4400,200,false
4401,200,false
4402,404,true
4403,200,false
4404,500,true
4405,200,false
4406,200,false
4407,404,true
4408,200,false
4409,500,true
4410,200,false
4411,200,false
4412,404,true
4413,200,false
4414,500,true
4415,200,false
4416,200,false
4417,404,true
4418,200,false
4419,500,true
4420,200,false
4421,200,false
4422,404,true
4423,200,false
4424,500,true
4425,200,false
4426,200,false
4427,404,true
4428,200,false
4429,500,true
4430,200,false
4431,200,false
4432,404,true
4433,200,false
4434,500,true
4435,200,false
4436,200,false
4437,404,true
4438,200,false
4439,500,true
4440,200,false
4441,200,false
4442,404,true
4443,200,false
4444,500,true
4445,200,false
4446,200,false
4447,404,true
4448,200,false
4449,500,true
4450,200,false
4451,200,false
4452,404,true
4453,200,false
4454,500,true
4455,200,false
4456,200,false
4457,404,true
4458,200,false
4459,500,true
4460,200,false
4461,200,false
4462,404,true
4463,200,false
4464,500,true
4465,200,false
4466,200,false
4467,404,true
4468,200,false
4469,500,true
4470,200,false
4471,200,false
4472,404,true
4473,200,false
4474,500,true
4475,200,false
4476,200,false
4477,404,true
4478,200,false
4479,500,true
4480,200,false
4481,200,false
4482,404,true
4483,200,false
4484,500,true
4485,200,false
4486,200,false
4487,404,true
4488,200,false
4489,500,true
4490,200,false
4491,200,false
4492,404,true
4493,200,false
4494,500,true
4495,200,false
4496,200,false
4497,404,true
4498,200,false
4499,500,true
4500,200,false
4501,200,false
4502,404,true
4503,200,false
4504,500,true
4505,200,false
4506,200,false
4507,404,true
4508,200,false
4509,500,true
4510,200,false
4511,200,false
4512,404,true
4513,200,false
4514,500,true
4515,200,false
4516,200,false
4517,404,true
4518,200,false
4519,500,true
4520,200,false
4521,200,false
4522,404,true
4523,200,false
4524,500,true
4525,200,false
4526,200,false
4527,404,true
4528,200,false
4529,500,true
4530,200,false
4531,200,false
4532,404,true
4533,200,false
4534,500,true
4535,200,false
4536,200,false
4537,404,true
4538,200,false
4539,500,true
4540,200,false
4541,200,false
4542,404,true
4543,200,false
4544,500,true
4545,200,false
4546,200,false
4547,404,true
4548,200,false
4549,500,true
4550,200,false
4551,200,false
4552,404,true
4553,200,false
4554,500,true
4555,200,false
4556,200,false
4557,404,true
4558,200,false
4559,500,true
4560,200,false
4561,200,false
4562,404,true
4563,200,false
4564,500,true
4565,200,false
4566,200,false
4567,404,true
4568,200,false
4569,500,true
4570,200,false
4571,200,false
4572,404,true
4573,200,false
4574,500,true
4575,200,false
4576,200,false
4577,404,true
4578,200,false
4579,500,true
4580,200,false
4581,200,false
4582,404,true
4583,200,false
4584,500,true
4585,200,false
4586,200,false
4587,404,true
4588,200,false
4589,500,true
4590,200,false
4591,200,false
4592,404,true
4593,200,false
4594,500,true
4595,200,false
4596,200,false
4597,404,true
4598,200,false
4599,500,true
4600,200,false
4601,200,false
4602,404,true
4603,200,false
4604,500,true
4605,200,false
4606,200,false
4607,404,true
4608,200,false
4609,500,true
4610,200,false
4611,200,false
4612,404,true
4613,200,false
4614,500,true
4615,200,false
4616,200,false
4617,404,true
4618,200,false
4619,500,true
4620,200,false
4621,200,false
4622,404,true
4623,200,false
4624,500,true
4625,200,false
4626,200,false
4627,404,true
4628,200,false
4629,500,true
4630,200,false
4631,200,false
4632,404,true
4633,200,false
4634,500,true
4635,200,false
4636,200,false
4637,404,true
4638,200,false
4639,500,true
4640,200,false
4641,200,false
4642,404,true
4643,200,false
4644,500,true
4645,200,false
4646,200,false
4647,404,true
4648,200,false
4649,500,true
4650,200,false
4651,200,false
4652,404,true
4653,200,false
4654,500,true
4655,200,false
4656,200,false
4657,404,true
4658,200,false
4659,500,true
4660,200,false
4661,200,false
4662,404,true
4663,200,false
4664,500,true
4665,200,false
4666,200,false
4667,404,true
4668,200,false
4669,500,true
4670,200,false
4671,200,false
4672,404,true
4673,200,false
4674,500,true
4675,200,false
4676,200,false
4677,404,true
4678,200,false
4679,500,true
4680,200,false
4681,200,false
4682,404,true
4683,200,false
4684,500,true
4685,200,false
4686,200,false
4687,404,true
4688,200,false
4689,500,true
4690,200,false
4691,200,false
4692,404,true
4693,200,false
4694,500,true
4695,200,false
4696,200,false
4697,404,true
4698,200,false
4699,500,true
4700,200,false
4701,200,false
4702,404,true
4703,200,false
4704,500,true
4705,200,false
4706,200,false
4707,404,true
4708,200,false
4709,500,true
4710,200,false
4711,200,false
4712,404,true
4713,200,false
4714,500,true
4715,200,false
4716,200,false
4717,404,true
4718,200,false
4719,500,true
4720,200,false
4721,200,false
4722,404,true
4723,200,false
4724,500,true
4725,200,false
4726,200,false
4727,404,true
4728,200,false
4729,500,true
4730,200,false
4731,200,false
4732,404,true
4733,200,false
4734,500,true
4735,200,false
4736,200,false
4737,404,true
4738,200,false
4739,500,true
4740,200,false
4741,200,false
4742,404,true
4743,200,false
4744,500,true
4745,200,false
4746,200,false
4747,404,true
4748,200,false
4749,500,true
4750,200,false
4751,200,false
4752,404,true
4753,200,false
4754,500,true
4755,200,false
4756,200,false
4757,404,true
4758,200,false
4759,500,true
4760,200,false
4761,200,false
4762,404,true
4763,200,false
4764,500,true
4765,200,false
4766,200,false
4767,404,true
4768,200,false
4769,500,true
4770,200,false
4771,200,false
4772,404,true
4773,200,false
4774,500,true
4775,200,false
4776,200,false
4777,404,true
4778,200,false
4779,500,true
4780,200,false
4781,200,false
4782,404,true
4783,200,false
4784,500,true
4785,200,false
4786,200,false
4787,404,true
4788,200,false
4789,500,true
4790,200,false
4791,200,false
4792,404,true
4793,200,false
4794,500,true
4795,200,false
4796,200,false
4797,404,true
4798,200,false
4799,500,true
4800,200,false
4801,200,false
4802,404,true
4803,200,false
4804,500,true
4805,200,false
4806,200,false
4807,404,true
4808,200,false
4809,500,true
4810,200,false
4811,200,false
4812,404,true
4813,200,false
4814,500,true
4815,200,false
4816,200,false
4817,404,true
4818,200,false
4819,500,true
4820,200,false
4821,200,false
4822,404,true
4823,200,false
4824,500,true
4825,200,false
4826,200,false
4827,404,true
4828,200,false
4829,500,true
4830,200,false
4831,200,false
4832,404,true
4833,200,false
4834,500,true
4835,200,false
4836,200,false
4837,404,true
4838,200,false
4839,500,true
4840,200,false
4841,200,false
4842,404,true
4843,200,false
4844,500,true
4845,200,false
4846,200,false
4847,404,true
4848,200,false
4849,500,true
4850,200,false
4851,200,false
4852,404,true
4853,200,false
4854,500,true
4855,200,false
4856,200,false
4857,404,true
4858,200,false
4859,500,true
4860,200,false
4861,200,false
4862,404,true
4863,200,false
4864,500,true
4865,200,false
4866,200,false
4867,404,true
4868,200,false
4869,500,true
4870,200,false
4871,200,false
4872,404,true
4873,200,false
4874,500,true
4875,200,false
4876,200,false
4877,404,true
4878,200,false
4879,500,true
4880,200,false
4881,200,false
4882,404,true
4883,200,false
4884,500,true
4885,200,false
4886,200,false
4887,404,true
4888,200,false
4889,500,true
4890,200,false
4891,200,false
4892,404,true
4893,200,false
4894,500,true
4895,200,false
4896,200,false
4897,404,true
4898,200,false
4899,500,true
4900,200,false
4901,200,false
4902,404,true
4903,200,false
4904,500,true
4905,200,false
4906,200,false
4907,404,true
4908,200,false
4909,500,true
4910,200,false
4911,200,false
4912,404,true
4913,200,false
4914,500,true
4915,200,false
4916,200,false
4917,404,true
4918,200,false
4919,500,true
4920,200,false
4921,200,false
4922,404,true
4923,200,false
4924,500,true
4925,200,false
4926,200,false
4927,404,true
4928,200,false
4929,500,true
4930,200,false
4931,200,false
4932,404,true
4933,200,false
4934,500,true
4935,200,false
4936,200,false
4937,404,true
4938,200,false
4939,500,true
4940,200,false
4941,200,false
4942,404,true
4943,200,false
4944,500,true
4945,200,false
4946,200,false
4947,404,true
4948,200,false
4949,500,true
4950,200,false
4951,200,false
4952,404,true
4953,200,false
4954,500,true
4955,200,false
4956,200,false
4957,404,true
4958,200,false
4959,500,true
4960,200,false
4961,200,false
4962,404,true
4963,200,false
4964,500,true
4965,200,false
4966,200,false
4967,404,true
4968,200,false
4969,500,true
4970,200,false
4971,200,false
4972,404,true
4973,200,false
4974,500,true
4975,200,false
4976,200,false
4977,404,true
4978,200,false
4979,500,true
4980,200,false
4981,200,false
4982,404,true
4983,200,false
4984,500,true
4985,200,false
4986,200,false
4987,404,true
4988,200,false
4989,500,true
4990,200,false
4991,200,false
4992,404,true
4993,200,false
4994,500,true
4995,200,false
4996,200,false
4997,404,true
4998,200,false
4999,500,true
5000,200,false
5001,200,false
5002,404,true
5003,200,false
5004,500,true
5005,200,false
5006,200,false
5007,404,true
5008,200,false
5009,500,true
5010,200,false
5011,200,false
5012,404,true
5013,200,false
5014,500,true
5015,200,false
5016,200,false
5017,404,true
5018,200,false
5019,500,true
5020,200,false
5021,200,false
5022,404,true
5023,200,false
5024,500,true
5025,200,false
5026,200,false
5027,404,true
5028,200,false
5029,500,true
5030,200,false
5031,200,false
5032,404,true
5033,200,false
5034,500,true
5035,200,false
5036,200,false
5037,404,true
5038,200,false
5039,500,true
5040,200,false
5041,200,false
5042,404,true
5043,200,false
5044,500,true
5045,200,false
5046,200,false
5047,404,true
5048,200,false
5049,500,true
5050,200,false
5051,200,false
5052,404,true
5053,200,false
5054,500,true
5055,200,false
5056,200,false
5057,404,true
5058,200,false
5059,500,true
5060,200,false
5061,200,false
5062,404,true
5063,200,false
5064,500,true
5065,200,false
5066,200,false
5067,404,true
5068,200,false
5069,500,true
5070,200,false
5071,200,false
5072,404,true
5073,200,false
5074,500,true
5075,200,false
5076,200,false
5077,404,true
5078,200,false
5079,500,true
5080,200,false
5081,200,false
5082,404,true
5083,200,false
5084,500,true
5085,200,false
5086,200,false
5087,404,true
5088,200,false
5089,500,true
5090,200,false
5091,200,false
5092,404,true
5093,200,false
5094,500,true
5095,200,false
5096,200,false
5097,404,true
5098,200,false
5099,500,true
5100,200,false
5101,200,false
5102,404,true
5103,200,false
5104,500,true
5105,200,false
5106,200,false
5107,404,true
5108,200,false
5109,500,true
5110,200,false
5111,200,false
5112,404,true
5113,200,false
5114,500,true
5115,200,false
5116,200,false
5117,404,true
5118,200,false
5119,500,true
5120,200,false
5121,200,false
5122,404,true
5123,200,false
5124,500,true
5125,200,false
5126,200,false
5127,404,true
5128,200,false
5129,500,true
5130,200,false
5131,200,false
5132,404,true
5133,200,false
5134,500,true
5135,200,false
5136,200,false
5137,404,true
5138,200,false
5139,500,true
5140,200,false
5141,200,false
5142,404,true
5143,200,false
5144,500,true
5145,200,false
5146,200,false
5147,404,true
5148,200,false
5149,500,true
5150,200,false
5151,200,false
5152,404,true
5153,200,false
5154,500,true
5155,200,false
5156,200,false
5157,404,true
5158,200,false
5159,500,true
5160,200,false
5161,200,false
5162,404,true
5163,200,false
5164,500,true
5165,200,false
5166,200,false
5167,404,true
5168,200,false
5169,500,true
5170,200,false
5171,200,false
5172,404,true
5173,200,false
5174,500,true
5175,200,false
5176,200,false
5177,404,true
5178,200,false
5179,500,true
5180,200,false
5181,200,false
5182,404,true
5183,200,false
5184,500,true
5185,200,false
5186,200,false
5187,404,true
5188,200,false
5189,500,true
5190,200,false
5191,200,false
5192,404,true
5193,200,false
5194,500,true
5195,200,false
5196,200,false
5197,404,true
5198,200,false
5199,500,true
5200,200,false
5201,200,false
5202,404,true
5203,200,false
5204,500,true
5205,200,false
5206,200,false
5207,404,true
5208,200,false
5209,500,true
5210,200,false
5211,200,false
5212,404,true
5213,200,false
5214,500,true
5215,200,false
5216,200,false
5217,404,true
5218,200,false
5219,500,true
5220,200,false
5221,200,false
5222,404,true
5223,200,false
5224,500,true
5225,200,false
5226,200,false
5227,404,true
5228,200,false
5229,500,true
5230,200,false
5231,200,false
5232,404,true
5233,200,false
5234,500,true
5235,200,false
5236,200,false
5237,404,true
5238,200,false
5239,500,true
5240,200,false
5241,200,false
5242,404,true
5243,200,false
5244,500,true
5245,200,false
5246,200,false
5247,404,true
5248,200,false
5249,500,true
5250,200,false
5251,200,false
5252,404,true
5253,200,false
5254,500,true
5255,200,false
5256,200,false
5257,404,true
5258,200,false
5259,500,true
5260,200,false
5261,200,false
5262,404,true
5263,200,false
5264,500,true
5265,200,false
5266,200,false
5267,404,true
5268,200,false
5269,500,true
5270,200,false
5271,200,false
5272,404,true
5273,200,false
5274,500,true
5275,200,false
5276,200,false
5277,404,true
5278,200,false
5279,500,true
5280,200,false
5281,200,false
5282,404,true
5283,200,false
5284,500,true
5285,200,false
5286,200,false
5287,404,true
5288,200,false
5289,500,true
5290,200,false
5291,200,false
5292,404,true
5293,200,false
5294,500,true
5295,200,false
5296,200,false
5297,404,true
5298,200,false
5299,500,true
5300,200,false
5301,200,false
5302,404,true
5303,200,false
5304,500,true
5305,200,false
5306,200,false
5307,404,true
5308,200,false
5309,500,true
5310,200,false
5311,200,false
5312,404,true
5313,200,false
5314,500,true
5315,200,false
5316,200,false
5317,404,true
5318,200,false
5319,500,true
5320,200,false
5321,200,false
5322,404,true
5323,200,false
5324,500,true
5325,200,false
5326,200,false
5327,404,true
5328,200,false
5329,500,true
5330,200,false
5331,200,false
5332,404,true
5333,200,false
5334,500,true
5335,200,false
5336,200,false
5337,404,true
5338,200,false
5339,500,true
5340,200,false
5341,200,false
5342,404,true
5343,200,false
5344,500,true
5345,200,false
5346,200,false
5347,404,true
5348,200,false
5349,500,true
5350,200,false
5351,200,false
5352,404,true
5353,200,false
5354,500,true
5355,200,false
5356,200,false
5357,404,true
5358,200,false
5359,500,true
5360,200,false
5361,200,false
5362,404,true
5363,200,false
5364,500,true
5365,200,false
5366,200,false
5367,404,true
5368,200,false
5369,500,true
5370,200,false
5371,200,false
5372,404,true
5373,200,false
5374,500,true
5375,200,false
5376,200,false
5377,404,true
5378,200,false
5379,500,true
5380,200,false
5381,200,false
5382,404,true
5383,200,false
5384,500,true
5385,200,false
5386,200,false
5387,404,true
5388,200,false
5389,500,true
5390,200,false
5391,200,false
5392,404,true
5393,200,false
5394,500,true
5395,200,false
5396,200,false
5397,404,true
5398,200,false
5399,500,true
5400,200,false
5401,200,false
5402,404,true
5403,200,false
5404,500,true
5405,200,false
5406,200,false
5407,404,true
5408,200,false
5409,500,true
5410,200,false
5411,200,false
5412,404,true
5413,200,false
5414,500,true
5415,200,false
5416,200,false
5417,404,true
5418,200,false
5419,500,true
5420,200,false
5421,200,false
5422,404,true
5423,200,false
5424,500,true
5425,200,false
5426,200,false
5427,404,true
5428,200,false
5429,500,true
5430,200,false
5431,200,false
5432,404,true
5433,200,false
5434,500,true
5435,200,false
5436,200,false
5437,404,true
5438,200,false
5439,500,true
5440,200,false
5441,200,false
5442,404,true
5443,200,false
5444,500,true
5445,200,false
5446,200,false
5447,404,true
5448,200,false
5449,500,true
5450,200,false
5451,200,false
5452,404,true
5453,200,false
5454,500,true
5455,200,false
5456,200,false
5457,404,true
5458,200,false
5459,500,true
5460,200,false
5461,200,false
5462,404,true
5463,200,false
5464,500,true
5465,200,false
5466,200,false
5467,404,true
5468,200,false
5469,500,true
5470,200,false
5471,200,false
5472,404,true
5473,200,false
5474,500,true
5475,200,false
5476,200,false
5477,404,true
5478,200,false
5479,500,true
5480,200,false
5481,200,false
5482,404,true
5483,200,false
5484,500,true
5485,200,false
5486,200,false
5487,404,true
5488,200,false
5489,500,true
5490,200,false
5491,200,false
5492,404,true
5493,200,false
5494,500,true
5495,200,false
5496,200,false
5497,404,true
5498,200,false
5499,500,true
5500,200,false
5501,200,false
5502,404,true
5503,200,false
5504,500,true
5505,200,false
5506,200,false
5507,404,true
5508,200,false
5509,500,true
5510,200,false
5511,200,false
5512,404,true
5513,200,false
5514,500,true
5515,200,false
5516,200,false
5517,404,true
5518,200,false
5519,500,true
5520,200,false
5521,200,false
5522,404,true
5523,200,false
5524,500,true
5525,200,false
5526,200,false
5527,404,true
5528,200,false
5529,500,true
5530,200,false
5531,200,false
5532,404,true
5533,200,false
5534,500,true
5535,200,false
5536,200,false
5537,404,true
5538,200,false
5539,500,true
5540,200,false
5541,200,false
5542,404,true
5543,200,false
5544,500,true
5545,200,false
5546,200,false
5547,404,true
5548,200,false
5549,500,true
5550,200,false
5551,200,false
5552,404,true
5553,200,false
5554,500,true
5555,200,false
5556,200,false
5557,404,true
5558,200,false
5559,500,true
5560,200,false
5561,200,false
5562,404,true
5563,200,false
5564,500,true
5565,200,false
5566,200,false
5567,404,true
5568,200,false
5569,500,true
5570,200,false
5571,200,false
5572,404,true
5573,200,false
5574,500,true
5575,200,false
5576,200,false
5577,404,true
5578,200,false
5579,500,true
5580,200,false
5581,200,false
5582,404,true
5583,200,false
5584,500,true
5585,200,false
5586,200,false
5587,404,true
5588,200,false
5589,500,true
5590,200,false
5591,200,false
5592,404,true
5593,200,false
5594,500,true
5595,200,false
5596,200,false
5597,404,true
5598,200,false
5599,500,true
5600,200,false
5601,200,false
5602,404,true
5603,200,false
5604,500,true
5605,200,false
5606,200,false
5607,404,true
5608,200,false
5609,500,true
5610,200,false
5611,200,false
5612,404,true
5613,200,false
5614,500,true
5615,200,false
5616,200,false
5617,404,true
5618,200,false
5619,500,true
5620,200,false
5621,200,false
5622,404,true
5623,200,false
5624,500,true
5625,200,false
5626,200,false
5627,404,true
5628,200,false
5629,500,true
5630,200,false
5631,200,false
5632,404,true
5633,200,false
5634,500,true
5635,200,false
5636,200,false
5637,404,true
5638,200,false
5639,500,true
5640,200,false
5641,200,false
5642,404,true
5643,200,false
5644,500,true
5645,200,false
5646,200,false
5647,404,true
5648,200,false
5649,500,true
5650,200,false
5651,200,false
5652,404,true
5653,200,false
5654,500,true
5655,200,false
5656,200,false
5657,404,true
5658,200,false
5659,500,true
5660,200,false
5661,200,false
5662,404,true
5663,200,false
5664,500,true
5665,200,false
5666,200,false
5667,404,true
5668,200,false
5669,500,true
5670,200,false
5671,200,false
5672,404,true
5673,200,false
5674,500,true
5675,200,false
5676,200,false
5677,404,true
5678,200,false
5679,500,true
5680,200,false
5681,200,false
5682,404,true
5683,200,false
5684,500,true
5685,200,false
5686,200,false
5687,404,true
5688,200,false
5689,500,true
5690,200,false
5691,200,false
5692,404,true
5693,200,false
5694,500,true
5695,200,false
5696,200,false
5697,404,true
5698,200,false
5699,500,true
5700,200,false
5701,200,false
5702,404,true
5703,200,false
5704,500,true
5705,200,false
5706,200,false
5707,404,true
5708,200,false
5709,500,true
5710,200,false
5711,200,false
5712,404,true
5713,200,false
5714,500,true
5715,200,false
5716,200,false
5717,404,true
5718,200,false
5719,500,true
5720,200,false
5721,200,false
5722,404,true
5723,200,false
5724,500,true
5725,200,false
5726,200,false
5727,404,true
5728,200,false
5729,500,true
5730,200,false
5731,200,false
5732,404,true
5733,200,false
5734,500,true
5735,200,false
5736,200,false
5737,404,true
5738,200,false
5739,500,true
5740,200,false
5741,200,false
5742,404,true
5743,200,false
5744,500,true
5745,200,false
5746,200,false
5747,404,true
5748,200,false
5749,500,true
5750,200,false
5751,200,false
5752,404,true
5753,200,false
5754,500,true
5755,200,false
5756,200,false
5757,404,true
5758,200,false
5759,500,true
5760,200,false
5761,200,false
5762,404,true
5763,200,false
5764,500,true
5765,200,false
5766,200,false
5767,404,true
5768,200,false
5769,500,true
5770,200,false
5771,200,false
5772,404,true
5773,200,false
5774,500,true
5775,200,false
5776,200,false
5777,404,true
5778,200,false
5779,500,true
5780,200,false
5781,200,false
5782,404,true
5783,200,false
5784,500,true
5785,200,false
5786,200,false
5787,404,true
5788,200,false
5789,500,true
5790,200,false
5791,200,false
5792,404,true
5793,200,false
5794,500,true
5795,200,false
5796,200,false
5797,404,true
5798,200,false
5799,500,true
5800,200,false
5801,200,false
5802,404,true
5803,200,false
5804,500,true
5805,200,false
5806,200,false
5807,404,true
5808,200,false
5809,500,true
5810,200,false
5811,200,false
5812,404,true
5813,200,false
5814,500,true
5815,200,false
5816,200,false
5817,404,true
5818,200,false
5819,500,true
5820,200,false
5821,200,false
5822,404,true
5823,200,false
5824,500,true
5825,200,false
5826,200,false
5827,404,true
5828,200,false
5829,500,true
5830,200,false
5831,200,false
5832,404,true
5833,200,false
5834,500,true
5835,200,false
5836,200,false
5837,404,true
5838,200,false
5839,500,true
5840,200,false
5841,200,false
5842,404,true
5843,200,false
5844,500,true
5845,200,false
5846,200,false
5847,404,true
5848,200,false
5849,500,true
5850,200,false
5851,200,false
5852,404,true
5853,200,false
5854,500,true
5855,200,false
5856,200,false
5857,404,true
5858,200,false
5859,500,true
5860,200,false
5861,200,false
5862,404,true
5863,200,false
5864,500,true
5865,200,false
5866,200,false
5867,404,true
5868,200,false
5869,500,true
5870,200,false
5871,200,false
5872,404,true
5873,200,false
5874,500,true
5875,200,false
5876,200,false
5877,404,true
5878,200,false
5879,500,true
5880,200,false
5881,200,false
5882,404,true
5883,200,false
5884,500,true
5885,200,false
5886,200,false
5887,404,true
5888,200,false
5889,500,true
5890,200,false
5891,200,false
5892,404,true
5893,200,false
5894,500,true
5895,200,false
5896,200,false
5897,404,true
5898,200,false
5899,500,true
5900,200,false
5901,200,false
5902,404,true
5903,200,false
5904,500,true
5905,200,false
5906,200,false
5907,404,true
5908,200,false
5909,500,true
5910,200,false
5911,200,false
5912,404,true
5913,200,false
5914,500,true
5915,200,false
5916,200,false
5917,404,true
5918,200,false
5919,500,true
5920,200,false
5921,200,false
5922,404,true
5923,200,false
5924,500,true
5925,200,false
5926,200,false
5927,404,true
5928,200,false
5929,500,true
5930,200,false
5931,200,false
5932,404,true
5933,200,false
5934,500,true
5935,200,false
5936,200,false
5937,404,true
5938,200,false
5939,500,true
5940,200,false
5941,200,false
5942,404,true
5943,200,false
5944,500,true
5945,200,false
5946,200,false
5947,404,true
5948,200,false
5949,500,true
5950,200,false
5951,200,false
5952,404,true
5953,200,false
5954,500,true
5955,200,false
5956,200,false
5957,404,true
5958,200,false
5959,500,true
5960,200,false
5961,200,false
5962,404,true
5963,200,false
5964,500,true
5965,200,false
5966,200,false
5967,404,true
5968,200,false
5969,500,true
5970,200,false
5971,200,false
5972,404,true
5973,200,false
5974,500,true
5975,200,false
5976,200,false
5977,404,true
5978,200,false
5979,500,true
5980,200,false
5981,200,false
5982,404,true
5983,200,false
5984,500,true
5985,200,false
5986,200,false
5987,404,true
5988,200,false
5989,500,true
5990,200,false
5991,200,false
5992,404,true
5993,200,false
5994,500,true
5995,200,false
5996,200,false
5997,404,true
5998,200,false
5999,500,true
6000,200,false
6001,200,false
6002,404,true
6003,200,false
6004,500,true
6005,200,false
6006,200,false
6007,404,true
6008,200,false
6009,500,true
6010,200,false
6011,200,false
6012,404,true
6013,200,false
6014,500,true
6015,200,false
6016,200,false
6017,404,true
6018,200,false
6019,500,true
6020,200,false
6021,200,false
6022,404,true
6023,200,false
6024,500,true
6025,200,false
6026,200,false
6027,404,true
6028,200,false
6029,500,true
6030,200,false
6031,200,false
6032,404,true
6033,200,false
6034,500,true
6035,200,false
6036,200,false
6037,404,true
6038,200,false
6039,500,true
6040,200,false
6041,200,false
6042,404,true
6043,200,false
6044,500,true
6045,200,false
6046,200,false
6047,404,true
6048,200,false
6049,500,true
6050,200,false
6051,200,false
6052,404,true
6053,200,false
6054,500,true
6055,200,false
6056,200,false
6057,404,true
6058,200,false
6059,500,true
6060,200,false
6061,200,false
6062,404,true
6063,200,false
6064,500,true
6065,200,false
6066,200,false
6067,404,true
6068,200,false
6069,500,true
6070,200,false
6071,200,false
6072,404,true
6073,200,false
6074,500,true
6075,200,false
6076,200,false
6077,404,true
6078,200,false
6079,500,true
6080,200,false
6081,200,false
6082,404,true
6083,200,false
6084,500,true
6085,200,false
6086,200,false
6087,404,true
6088,200,false
6089,500,true
6090,200,false
6091,200,false
6092,404,true
6093,200,false
6094,500,true
6095,200,false
6096,200,false
6097,404,true
6098,200,false
6099,500,true
6100,200,false
6101,200,false
6102,404,true
6103,200,false
6104,500,true
6105,200,false
6106,200,false
6107,404,true
6108,200,false
6109,500,true
6110,200,false
6111,200,false
6112,404,true
6113,200,false
6114,500,true
6115,200,false
6116,200,false
6117,404,true
6118,200,false
6119,500,true
6120,200,false
6121,200,false
6122,404,true
6123,200,false
6124,500,true
6125,200,false
6126,200,false
6127,404,true
6128,200,false
6129,500,true
6130,200,false
6131,200,false
6132,404,true
6133,200,false
6134,500,true
6135,200,false
6136,200,false
6137,404,true
6138,200,false
6139,500,true
6140,200,false
6141,200,false
6142,404,true
6143,200,false
6144,500,true
6145,200,false
6146,200,false
6147,404,true
6148,200,false
6149,500,true
6150,200,false
6151,200,false
6152,404,true
6153,200,false
6154,500,true
6155,200,false
6156,200,false
6157,404,true
6158,200,false
6159,500,true
6160,200,false
6161,200,false
6162,404,true
6163,200,false
6164,500,true
6165,200,false
6166,200,false
6167,404,true
6168,200,false
6169,500,true
6170,200,false
6171,200,false
6172,404,true
6173,200,false
6174,500,true
6175,200,false
6176,200,false
6177,404,true
6178,200,false
6179,500,true
6180,200,false
6181,200,false
6182,404,true
6183,200,false
6184,500,true
6185,200,false
6186,200,false
6187,404,true
6188,200,false
6189,500,true
6190,200,false
6191,200,false
6192,404,true
6193,200,false
6194,500,true
6195,200,false
6196,200,false
6197,404,true
6198,200,false
6199,500,true
6200,200,false
6201,200,false
6202,404,true
6203,200,false
6204,500,true
6205,200,false
6206,200,false
6207,404,true
6208,200,false
6209,500,true
6210,200,false
6211,200,false
6212,404,true
6213,200,false
6214,500,true
6215,200,false
6216,200,false
6217,404,true
6218,200,false
6219,500,true
6220,200,false
6221,200,false
6222,404,true
6223,200,false
6224,500,true
6225,200,false
6226,200,false
6227,404,true
6228,200,false
6229,500,true
6230,200,false
6231,200,false
6232,404,true
6233,200,false
6234,500,true
6235,200,false
6236,200,false
6237,404,true
6238,200,false
6239,500,true
6240,200,false
6241,200,false
6242,404,true
6243,200,false
6244,500,true
6245,200,false
6246,200,false
6247,404,true
6248,200,false
6249,500,true
6250,200,false
6251,200,false
6252,404,true
6253,200,false
6254,500,true
6255,200,false
6256,200,false
6257,404,true
6258,200,false
6259,500,true
6260,200,false
6261,200,false
6262,404,true
6263,200,false
6264,500,true
6265,200,false
6266,200,false
6267,404,true
6268,200,false
6269,500,true
6270,200,false
6271,200,false
6272,404,true
6273,200,false
6274,500,true
6275,200,false
6276,200,false
6277,404,true
6278,200,false
6279,500,true
6280,200,false
6281,200,false
6282,404,true
6283,200,false
6284,500,true
6285,200,false
6286,200,false
6287,404,true
6288,200,false
6289,500,true
6290,200,false
6291,200,false
6292,404,true
6293,200,false
6294,500,true
6295,200,false
6296,200,false
6297,404,true
6298,200,false
6299,500,true
6300,200,false
6301,200,false
6302,404,true
6303,200,false
6304,500,true
6305,200,false
6306,200,false
6307,404,true
6308,200,false
6309,500,true
6310,200,false
6311,200,false
6312,404,true
6313,200,false
6314,500,true
6315,200,false
6316,200,false
6317,404,true
6318,200,false
6319,500,true
6320,200,false
6321,200,false
6322,404,true
6323,200,false
6324,500,true
6325,200,false
6326,200,false
6327,404,true
6328,200,false
6329,500,true
6330,200,false
6331,200,false
6332,404,true
6333,200,false
6334,500,true
6335,200,false
6336,200,false
6337,404,true
6338,200,false
6339,500,true
6340,200,false
6341,200,false
6342,404,true
6343,200,false
6344,500,true
6345,200,false
6346,200,false
6347,404,true
6348,200,false
6349,500,true
6350,200,false
6351,200,false
6352,404,true
6353,200,false
6354,500,true
6355,200,false
6356,200,false
6357,404,true
6358,200,false
6359,500,true
6360,200,false
6361,200,false
6362,404,true
6363,200,false
6364,500,true
6365,200,false
6366,200,false
6367,404,true
6368,200,false
6369,500,true
6370,200,false
6371,200,false
6372,404,true
6373,200,false
6374,500,true
6375,200,false
6376,200,false
6377,404,true
6378,200,false
6379,500,true
6380,200,false
6381,200,false
6382,404,true
6383,200,false
6384,500,true
6385,200,false
6386,200,false
6387,404,true
6388,200,false
6389,500,true
6390,200,false
6391,200,false
6392,404,true
6393,200,false
6394,500,true
6395,200,false
6396,200,false
6397,404,true
6398,200,false
6399,500,true
