idx,val
0,100.059
1,100.564
2,100.997
3,101.452
4,101.900
5,102.533
6,102.994
7,103.552
8,103.975
9,104.554
10,104.955
11,105.560
12,106.046
13,106.483
14,107.008
15,107.536
16,107.939
17,108.511
18,109.061
19,109.453
20,110.061
21,110.537
22,111.069
23,111.467
24,111.919
25,112.560
26,113.061
27,113.489
28,113.919
29,114.439
30,115.027
31,115.458
32,116.090
33,116.518
34,116.940
35,117.531
36,117.972
37,118.587
38,119.082
39,119.503
40,120.029
41,120.540
42,121.061
43,121.595
44,121.906
45,122.472
46,123.020
47,123.461
48,124.018
49,124.418
50,125.076
51,125.505
52,125.923
53,126.533
54,126.962
55,127.439
56,127.997
57,128.428
58,128.942
59,129.573
60,130.040
61,130.403
62,131.056
63,131.403
64,131.967
65,132.581
66,133.024
67,133.461
68,133.975
69,134.478
70,134.925
71,135.600
72,135.911
73,136.485
74,137.049
75,137.480
76,138.096
77,138.449
78,139.096
79,139.578
80,140.034
81,140.578
82,140.989
83,141.566
84,142.059
85,142.503
86,142.994
87,143.541
88,143.982
89,144.417
90,145.049
91,145.453
92,145.998
93,146.557
94,146.934
95,147.404
96,147.925
97,148.518
98,148.972
99,149.451
100,149.990
101,150.586
102,150.951
103,151.482
104,152.076
105,152.522
106,152.954
107,153.495
108,153.996
109,154.428
110,154.975
111,155.461
112,156.061
113,156.465
114,157.032
115,157.594
116,158.085
117,158.475
118,159.021
119,159.464
120,159.980
121,160.498
122,161.059
123,161.587
124,161.958
125,162.401
126,162.990
127,163.411
128,163.906
129,164.555
130,164.922
131,165.544
132,165.972
133,166.588
134,167.071
135,167.412
136,167.939
137,168.589
138,169.023
139,169.484
140,170.056
141,170.563
142,170.998
143,171.494
144,171.920
145,172.472
146,172.929
147,173.525
148,174.021
149,174.429
150,175.026
151,175.419
152,175.921
153,176.529
154,176.993
155,177.580
156,178.026
157,178.540
158,178.925
159,179.567
160,179.917
161,180.524
162,181.082
163,181.582
164,182.079
165,182.490
166,183.039
167,183.558
168,183.927
169,184.589
170,185.082
171,185.488
172,186.056
173,186.489
174,186.955
175,187.542
176,187.913
177,188.560
178,189.096
179,189.457
180,190.088
181,190.417
182,191.072
183,191.456
184,192.093
185,192.486
186,193.084
187,193.406
188,193.917
189,194.563
190,195.028
191,195.507
192,195.907
193,196.435
194,196.974
195,197.410
196,198.099
197,198.553
198,199.090
199,199.540
200,199.969
201,200.416
202,201.046
203,201.423
204,202.009
205,202.493
206,202.999
207,203.415
208,203.915
209,204.504
210,204.906
211,205.505
212,205.930
213,206.456
214,206.930
215,207.514
216,207.978
217,208.445
218,208.944
219,209.513
220,210.082
221,210.484
222,210.933
223,211.463
224,211.948
225,212.514
226,213.057
227,213.514
228,213.938
229,214.465
230,214.976
231,215.488
232,215.980
233,216.600
234,217.010
235,217.532
236,218.043
237,218.529
238,219.061
239,219.474
240,220.033
241,220.595
242,220.933
243,221.525
244,221.977
245,222.412
246,222.908
247,223.552
248,223.923
249,224.542
250,224.920
251,225.474
252,225.906
253,226.509
254,227.057
255,227.445
256,228.013
257,228.584
258,228.959
259,229.494
260,230.045
261,230.573
262,230.934
263,231.532
264,231.924
265,232.422
266,233.097
267,233.410
268,234.084
269,234.550
270,235.035
271,235.546
272,236.030
273,236.457
274,236.989
275,237.440
276,238.072
277,238.556
278,239.058
279,239.443
280,240.018
281,240.451
282,241.058
283,241.549
284,242.099
285,242.542
286,243.037
287,243.555
288,243.919
289,244.519
290,244.907
291,245.473
292,245.923
293,246.590
294,246.906
295,247.584
296,248.090
297,248.487
298,249.066
299,249.410
300,249.928
301,250.402
302,250.914
303,251.401
304,252.066
305,252.418
306,253.018
307,253.455
308,253.926
309,254.484
310,254.936
311,255.595
312,255.977
313,256.519
314,257.013
315,257.525
316,257.996
317,258.454
318,258.927
319,259.578
320,259.939
321,260.490
322,261.062
323,261.515
324,262.090
325,262.562
326,263.003
327,263.424
328,264.019
329,264.495
330,265.072
331,265.506
332,266.039
333,266.562
334,266.994
335,267.568
336,268.080
337,268.431
338,269.084
339,269.574
340,270.071
341,270.468
342,270.950
343,271.427
344,271.974
345,272.571
346,272.973
347,273.401
348,273.961
349,274.417
350,275.025
351,275.554
352,276.085
353,276.418
354,276.976
355,277.425
356,278.082
357,278.567
358,279.004
359,279.591
360,280.004
361,280.555
362,280.998
363,281.473
364,282.099
365,282.568
366,283.018
367,283.573
368,284.030
369,284.560
370,284.913
371,285.426
372,285.922
373,286.521
374,287.044
375,287.431
376,288.001
377,288.423
378,289.038
379,289.556
380,289.917
381,290.596
382,291.033
383,291.425
384,291.970
385,292.432
386,293.046
387,293.583
388,293.935
389,294.437
390,295.026
391,295.572
392,296.048
393,296.492
394,296.922
395,297.523
396,297.991
397,298.561
398,299.014
399,299.547
400,300.094
401,300.525
402,301.082
403,301.455
404,301.900
405,302.576
406,302.906
407,303.599
408,303.991
409,304.412
410,304.955
411,305.544
412,305.977
413,306.525
414,306.920
415,307.567
416,307.975
417,308.567
418,308.929
419,309.533
420,309.994
421,310.481
422,310.904
423,311.506
424,312.068
425,312.421
426,312.989
427,313.402
428,314.099
429,314.594
430,315.036
431,315.496
432,315.914
433,316.424
434,317.041
435,317.559
436,318.098
437,318.572
438,318.988
439,319.451
440,320.008
441,320.469
442,321.009
443,321.577
444,321.991
445,322.596
446,323.044
447,323.409
448,324.049
449,324.532
450,325.024
451,325.401
452,326.076
453,326.499
454,327.007
455,327.434
456,327.907
457,328.403
458,328.942
459,329.461
460,329.931
461,330.412
462,331.045
463,331.540
464,332.076
465,332.444
466,333.046
467,333.519
468,333.918
469,334.575
470,334.971
471,335.437
472,335.937
473,336.585
474,336.944
475,337.477
476,338.009
477,338.472
478,339.031
479,339.418
480,339.986
481,340.517
482,341.024
483,341.522
484,341.954
485,342.528
486,343.094
487,343.496
488,344.029
489,344.567
490,344.950
491,345.453
492,346.094
493,346.460
494,346.985
495,347.474
496,348.099
497,348.509
498,349.079
499,349.432
500,349.956
501,350.530
502,350.964
503,351.533
504,352.002
505,352.416
506,352.922
507,353.488
508,354.007
509,354.435
510,354.953
511,355.400
512,355.953
513,356.462
514,356.978
515,357.519
516,358.071
517,358.543
518,359.048
519,359.457
520,359.999
521,360.545
522,361.079
523,361.448
524,361.903
525,362.410
526,363.003
527,363.574
528,363.931
529,364.557
530,365.028
531,365.573
532,366.080
533,366.421
534,367.059
535,367.427
536,367.924
537,368.480
538,368.998
539,369.414
540,369.955
541,370.435
542,370.927
543,371.420
544,371.905
545,372.444
546,372.965
547,373.484
548,374.039
549,374.522
550,374.998
551,375.465
552,376.023
553,376.439
554,376.935
555,377.423
556,378.034
557,378.428
558,378.945
559,379.470
560,380.013
561,380.530
562,381.018
563,381.519
564,381.939
565,382.583
566,383.047
567,383.481
568,383.979
569,384.515
570,384.924
571,385.529
572,386.081
573,386.473
574,387.000
575,387.451
576,388.082
577,388.475
578,388.972
579,389.543
580,389.974
581,390.581
582,390.982
583,391.518
584,391.961
585,392.518
586,392.994
587,393.421
588,394.078
589,394.432
590,395.015
591,395.535
592,395.994
593,396.466
594,396.991
595,397.600
596,397.902
597,398.577
598,399.021
599,399.496
600,400.028
601,400.528
602,401.066
603,401.595
604,402.003
605,402.470
606,402.972
607,403.582
608,403.996
609,404.414
610,405.017
611,405.423
612,405.969
613,406.530
614,407.023
615,407.507
616,408.066
617,408.522
618,409.094
619,409.562
620,409.953
621,410.556
622,410.972
623,411.589
624,412.024
625,412.484
626,412.935
627,413.570
628,413.971
629,414.403
630,415.061
631,415.401
632,415.909
633,416.406
634,417.029
635,417.512
636,417.997
637,418.587
638,418.994
639,419.441
640,420.099
641,420.422
642,420.910
643,421.445
644,422.095
645,422.484
646,422.971
647,423.474
648,423.974
649,424.551
650,425.028
651,425.456
652,425.938
653,426.563
654,427.012
655,427.500
656,427.940
657,428.595
658,429.006
659,429.584
660,430.035
661,430.528
662,430.905
663,431.583
664,432.071
665,432.415
666,432.916
667,433.535
668,434.034
669,434.439
670,435.098
671,435.420
672,436.014
673,436.496
674,436.966
675,437.534
676,437.988
677,438.553
678,439.054
679,439.402
680,439.965
681,440.508
682,440.959
683,441.520
684,441.906
685,442.421
686,443.002
687,443.443
688,443.942
689,444.483
690,445.019
691,445.531
692,446.020
693,446.500
694,446.987
695,447.574
696,448.073
697,448.580
698,449.089
699,449.534
700,449.940
701,450.540
702,450.957
703,451.460
704,451.980
705,452.407
706,452.988
707,453.439
708,453.947
709,454.486
710,455.051
711,455.530
712,455.963
713,456.545
714,456.981
715,457.472
716,457.982
717,458.457
718,458.931
719,459.594
720,460.019
721,460.531
722,461.022
723,461.500
724,462.026
725,462.401
726,462.913
727,463.507
728,463.993
729,464.402
730,464.942
731,465.461
732,466.094
733,466.567
734,466.908
735,467.478
736,467.970
737,468.427
738,468.958
739,469.598
740,470.083
741,470.454
742,471.056
743,471.426
744,472.026
745,472.417
746,473.028
747,473.520
748,474.099
749,474.516
750,475.082
751,475.448
752,476.025
753,476.442
754,476.914
755,477.597
756,477.905
757,478.471
758,478.963
759,479.440
760,480.071
761,480.551
762,480.977
763,481.513
764,482.066
765,482.412
766,483.031
767,483.571
768,484.021
769,484.505
770,484.950
771,485.434
772,485.935
773,486.471
774,486.957
775,487.556
776,487.932
777,488.425
778,489.060
779,489.491
780,489.923
781,490.563
782,490.908
783,491.475
784,491.981
785,492.504
786,492.948
787,493.585
788,494.016
789,494.465
790,495.028
791,495.476
792,496.012
793,496.519
794,496.949
795,497.574
796,497.919
797,498.587
798,498.985
799,499.502
800,499.921
801,500.502
802,500.966
803,501.522
804,502.037
805,502.420
806,502.915
807,503.579
808,503.941
809,504.536
810,505.046
811,505.556
812,505.901
813,506.528
814,507.068
815,507.407
816,507.901
817,508.577
818,509.039
819,509.541
820,510.054
821,510.522
822,510.940
823,511.432
824,511.903
825,512.532
826,513.033
827,513.598
828,513.949
829,514.429
830,514.976
831,515.588
832,515.947
833,516.576
834,517.027
835,517.554
836,517.923
837,518.561
838,518.980
839,519.548
840,519.910
841,520.459
842,521.013
843,521.455
844,522.008
845,522.421
846,522.951
847,523.527
848,523.966
849,524.596
850,524.973
851,525.461
852,525.980
853,526.528
854,526.963
855,527.596
856,527.940
857,528.517
858,529.074
859,529.454
860,529.947
861,530.502
862,531.070
863,531.570
864,532.071
865,532.543
866,532.916
867,533.584
868,533.931
869,534.403
870,535.001
871,535.404
872,535.909
873,536.439
874,537.097
875,537.455
876,538.070
877,538.588
878,538.944
879,539.421
880,539.943
881,540.528
882,541.038
883,541.465
884,542.056
885,542.414
886,542.905
887,543.473
888,544.032
889,544.569
890,545.089
891,545.582
892,546.094
893,546.522
894,546.987
895,547.410
896,548.014
897,548.583
898,549.057
899,549.494
900,550.028
901,550.554
902,551.099
903,551.544
904,552.018
905,552.592
906,553.094
907,553.400
908,554.093
909,554.459
910,554.900
911,555.459
912,555.926
913,556.401
914,557.061
915,557.475
916,557.923
917,558.545
918,558.940
919,559.469
920,559.981
921,560.464
922,561.047
923,561.438
924,562.062
925,562.492
926,562.986
927,563.466
928,564.084
929,564.448
930,564.983
931,565.452
932,565.924
933,566.404
934,567.036
935,567.563
936,567.963
937,568.488
938,569.063
939,569.411
940,569.955
941,570.547
942,570.950
943,571.450
944,572.006
945,572.455
946,572.931
947,573.410
948,574.097
949,574.562
950,574.948
951,575.423
952,576.004
953,576.508
954,577.087
955,577.477
956,577.926
957,578.569
958,578.930
959,579.449
960,579.944
961,580.574
962,581.093
963,581.476
964,582.026
965,582.541
966,582.991
967,583.562
968,583.963
969,584.547
970,584.933
971,585.428
972,585.931
973,586.436
974,587.093
975,587.449
976,588.031
977,588.403
978,589.074
979,589.549
980,590.033
981,590.598
982,590.906
983,591.552
984,591.924
985,592.589
986,592.902
987,593.463
988,594.010
989,594.494
990,595.060
991,595.414
992,596.078
993,596.403
994,597.091
995,597.557
996,597.903
997,598.411
998,598.924
999,599.418
1000,599.933
1001,600.443
1002,601.005
1003,601.499
1004,601.950
1005,602.597
1006,603.019
1007,603.502
1008,604.066
1009,604.523
1010,605.075
1011,605.566
1012,605.972
1013,606.575
1014,607.024
1015,607.404
1016,607.966
1017,608.537
1018,609.040
1019,609.540
1020,610.055
1021,610.545
1022,611.081
1023,611.451
1024,612.081
1025,612.578
1026,613.062
1027,613.446
1028,614.020
1029,614.572
1030,615.070
1031,615.443
1032,615.908
1033,616.510
1034,616.916
1035,617.505
1036,617.924
1037,618.425
1038,619.076
1039,619.524
1040,619.913
1041,620.507
1042,620.958
1043,621.490
1044,622.051
1045,622.579
1046,622.905
1047,623.402
1048,624.084
1049,624.428
1050,625.066
1051,625.527
1052,626.016
1053,626.527
1054,626.981
1055,627.569
1056,628.092
1057,628.456
1058,628.948
1059,629.485
1060,629.974
1061,630.510
1062,631.088
1063,631.465
1064,632.086
1065,632.455
1066,632.974
1067,633.550
1068,634.036
1069,634.581
1070,635.023
1071,635.459
1072,636.061
1073,636.450
1074,636.904
1075,637.466
1076,638.094
1077,638.403
1078,639.072
1079,639.540
1080,640.033
1081,640.523
1082,640.940
1083,641.496
1084,642.100
1085,642.567
1086,642.985
1087,643.489
1088,643.985
1089,644.473
1090,644.974
1091,645.442
1092,646.084
1093,646.405
1094,646.930
1095,647.522
1096,648.070
1097,648.537
1098,648.928
1099,649.499
1100,650.097
1101,650.574
1102,650.946
1103,651.596
1104,652.099
1105,652.431
1106,653.071
1107,653.440
1108,653.909
1109,654.481
1110,655.096
1111,655.544
1112,655.936
1113,656.570
1114,656.961
1115,657.558
1116,658.009
1117,658.531
1118,658.999
1119,659.528
1120,660.020
1121,660.585
1122,660.999
1123,661.569
1124,662.003
1125,662.418
1126,663.023
1127,663.575
1128,663.985
1129,664.485
1130,665.025
1131,665.452
1132,665.945
1133,666.500
1134,666.921
1135,667.493
1136,667.989
1137,668.494
1138,668.990
1139,669.512
1140,670.056
1141,670.576
1142,670.987
1143,671.535
1144,671.957
1145,672.441
1146,672.996
1147,673.457
1148,673.962
1149,674.532
1150,675.010
1151,675.434
1152,676.018
1153,676.599
1154,676.950
1155,677.544
1156,677.967
1157,678.543
1158,679.085
1159,679.596
1160,680.070
1161,680.456
1162,681.070
1163,681.424
1164,682.063
1165,682.534
1166,683.095
1167,683.478
1168,684.078
1169,684.496
1170,684.917
1171,685.586
1172,685.932
1173,686.529
1174,687.037
1175,687.534
1176,688.031
1177,688.589
1178,689.036
1179,689.411
1180,690.013
1181,690.589
1182,691.061
1183,691.488
1184,692.008
1185,692.550
1186,693.058
1187,693.409
1188,693.956
1189,694.479
1190,694.903
1191,695.530
1192,696.023
1193,696.455
1194,697.019
1195,697.595
1196,697.993
1197,698.439
1198,698.991
1199,699.535
1200,699.934
1201,700.531
1202,701.024
1203,701.402
1204,702.000
1205,702.405
1206,703.013
1207,703.447
1208,703.924
1209,704.484
1210,705.029
1211,705.409
1212,706.056
1213,706.478
1214,707.013
1215,707.511
1216,707.998
1217,708.421
1218,708.912
1219,709.456
1220,710.099
1221,710.524
1222,710.917
1223,711.519
1224,712.003
1225,712.446
1226,713.038
1227,713.584
1228,714.095
1229,714.508
1230,715.076
1231,715.581
1232,715.960
1233,716.500
1234,716.939
1235,717.555
1236,718.082
1237,718.542
1238,718.969
1239,719.554
1240,719.979
1241,720.437
1242,720.986
1243,721.450
1244,722.090
1245,722.404
1246,723.067
1247,723.485
1248,723.904
1249,724.568
1250,724.974
1251,725.427
1252,726.032
1253,726.495
1254,726.990
1255,727.467
1256,727.934
1257,728.577
1258,728.921
1259,729.415
1260,729.994
1261,730.538
1262,730.971
1263,731.589
1264,732.072
1265,732.513
1266,733.076
1267,733.589
1268,733.938
1269,734.451
1270,735.088
1271,735.468
1272,736.089
1273,736.552
1274,737.031
1275,737.533
1276,738.041
1277,738.569
1278,739.025
1279,739.423
1280,739.912
1281,740.427
1282,741.052
1283,741.431
1284,741.902
1285,742.460
1286,742.953
1287,743.564
1288,744.054
1289,744.400
1290,744.976
1291,745.523
1292,745.961
1293,746.591
1294,747.066
1295,747.414
1296,747.960
1297,748.586
1298,749.096
1299,749.429
1300,749.943
1301,750.546
1302,750.982
1303,751.442
1304,752.036
1305,752.535
1306,752.905
1307,753.491
1308,754.009
1309,754.461
1310,754.951
1311,755.579
1312,755.914
1313,756.413
1314,756.990
1315,757.412
1316,757.932
1317,758.478
1318,759.002
1319,759.579
1320,759.945
1321,760.442
1322,761.013
1323,761.486
1324,761.920
1325,762.417
1326,763.035
1327,763.536
1328,763.942
1329,764.436
1330,764.922
1331,765.476
1332,766.077
1333,766.545
1334,767.065
1335,767.550
1336,767.990
1337,768.403
1338,768.923
1339,769.410
1340,770.087
1341,770.483
1342,771.063
1343,771.463
1344,771.929
1345,772.524
1346,772.933
1347,773.574
1348,774.002
1349,774.475
1350,774.968
1351,775.536
1352,775.964
1353,776.459
1354,777.071
1355,777.520
1356,777.919
1357,778.557
1358,778.988
1359,779.446
1360,779.948
1361,780.556
1362,780.940
1363,781.529
1364,781.934
1365,782.478
1366,783.017
1367,783.443
1368,783.906
1369,784.485
1370,785.026
1371,785.412
1372,785.989
1373,786.464
1374,787.040
1375,787.414
1376,787.922
1377,788.408
1378,789.060
1379,789.529
1380,790.054
1381,790.529
1382,791.094
1383,791.459
1384,791.901
1385,792.531
1386,792.939
1387,793.434
1388,793.918
1389,794.535
1390,795.070
1391,795.433
1392,795.967
1393,796.585
1394,797.048
1395,797.600
1396,797.949
1397,798.530
1398,798.901
1399,799.481
1400,799.991
1401,800.447
1402,800.969
1403,801.406
1404,802.073
1405,802.424
1406,802.988
1407,803.440
1408,804.001
1409,804.472
1410,805.067
1411,805.538
1412,806.079
1413,806.514
1414,806.906
1415,807.562
1416,807.948
1417,808.562
1418,809.036
1419,809.447
1420,810.092
1421,810.539
1422,810.998
1423,811.453
1424,811.939
1425,812.414
1426,812.905
1427,813.451
1428,813.945
1429,814.580
1430,814.962
1431,815.595
1432,815.999
1433,816.431
1434,816.913
1435,817.599
1436,817.928
1437,818.514
1438,819.032
1439,819.467
1440,819.932
1441,820.508
1442,820.996
1443,821.491
1444,821.932
1445,822.429
1446,822.983
1447,823.449
1448,824.042
1449,824.512
1450,824.980
1451,825.502
1452,826.041
1453,826.566
1454,827.089
1455,827.501
1456,827.989
1457,828.465
1458,829.002
1459,829.460
1460,830.098
1461,830.526
1462,830.999
1463,831.544
1464,832.052
1465,832.458
1466,833.040
1467,833.552
1468,833.968
1469,834.513
1470,835.036
1471,835.409
1472,836.046
1473,836.474
1474,836.971
1475,837.557
1476,837.941
1477,838.401
1478,839.006
1479,839.449
1480,840.085
1481,840.454
1482,841.065
1483,841.477
1484,842.065
1485,842.558
1486,843.059
1487,843.547
1488,844.084
1489,844.583
1490,845.027
1491,845.581
1492,845.945
1493,846.419
1494,847.064
1495,847.508
1496,848.027
1497,848.402
1498,848.938
1499,849.555
1500,849.932
1501,850.571
1502,851.086
1503,851.551
1504,851.924
1505,852.536
1506,853.083
1507,853.409
1508,853.982
1509,854.416
1510,855.082
1511,855.431
1512,856.069
1513,856.556
1514,857.059
1515,857.591
1516,858.068
1517,858.418
1518,859.056
1519,859.467
1520,860.094
1521,860.467
1522,860.954
1523,861.502
1524,861.982
1525,862.528
1526,862.989
1527,863.485
1528,864.013
1529,864.597
1530,864.989
1531,865.561
1532,866.041
1533,866.466
1534,866.934
1535,867.511
1536,867.994
1537,868.461
1538,869.000
1539,869.482
1540,869.987
1541,870.499
1542,871.083
1543,871.534
1544,872.079
1545,872.547
1546,872.994
1547,873.451
1548,874.038
1549,874.533
1550,874.908
1551,875.422
1552,876.091
1553,876.456
1554,876.900
1555,877.573
1556,878.094
1557,878.535
1558,879.059
1559,879.462
1560,879.972
1561,880.512
1562,880.919
1563,881.462
1564,882.025
1565,882.476
1566,883.029
1567,883.592
1568,884.099
1569,884.594
1570,884.969
1571,885.512
1572,885.974
1573,886.432
1574,886.903
1575,887.473
1576,888.051
1577,888.465
1578,888.989
1579,889.425
1580,889.950
1581,890.578
1582,891.062
1583,891.593
1584,892.005
1585,892.442
1586,893.016
1587,893.447
1588,893.960
1589,894.465
1590,895.043
1591,895.546
1592,895.953
1593,896.568
1594,897.069
1595,897.431
1596,897.914
1597,898.505
1598,898.937
1599,899.600
1600,899.938
1601,900.531
1602,900.917
1603,901.523
1604,901.961
1605,902.450
1606,902.994
1607,903.451
1608,904.037
1609,904.574
1610,904.955
1611,905.476
1612,905.998
1613,906.578
1614,906.919
1615,907.444
1616,907.934
1617,908.581
1618,908.962
1619,909.561
1620,910.073
1621,910.578
1622,910.988
1623,911.470
1624,911.961
1625,912.494
1626,913.071
1627,913.456
1628,914.089
1629,914.569
1630,914.931
1631,915.449
1632,916.033
1633,916.437
1634,916.908
1635,917.472
1636,917.987
1637,918.462
1638,919.019
1639,919.538
1640,920.084
1641,920.532
1642,921.057
1643,921.411
1644,922.033
1645,922.496
1646,922.948
1647,923.404
1648,924.091
1649,924.430
1650,924.926
1651,925.453
1652,925.937
1653,926.518
1654,926.997
1655,927.448
1656,927.997
1657,928.564
1658,929.000
1659,929.591
1660,930.052
1661,930.452
1662,931.003
1663,931.444
1664,931.929
1665,932.422
1666,933.052
1667,933.443
1668,934.087
1669,934.417
1670,935.038
1671,935.459
1672,935.929
1673,936.520
1674,937.040
1675,937.467
1676,937.965
1677,938.431
1678,939.029
1679,939.484
1680,940.089
1681,940.553
1682,941.027
1683,941.567
1684,942.091
1685,942.497
1686,943.008
1687,943.424
1688,943.999
1689,944.466
1690,944.904
1691,945.595
1692,945.905
1693,946.438
1694,946.953
1695,947.574
1696,947.953
1697,948.591
1698,949.026
1699,949.481
1700,949.974
1701,950.501
1702,951.047
1703,951.542
1704,951.927
1705,952.493
1706,952.911
1707,953.417
1708,954.030
1709,954.438
1710,954.956
1711,955.589
1712,955.917
1713,956.465
1714,956.967
1715,957.515
1716,958.050
1717,958.463
1718,958.956
1719,959.569
1720,960.018
1721,960.519
1722,961.093
1723,961.447
1724,961.987
1725,962.517
1726,962.961
1727,963.404
1728,963.958
1729,964.469
1730,965.034
1731,965.586
1732,965.978
1733,966.476
1734,967.005
1735,967.575
1736,968.049
1737,968.419
1738,969.053
1739,969.497
1740,969.924
1741,970.446
1742,970.910
1743,971.458
1744,971.964
1745,972.532
1746,972.938
1747,973.522
1748,974.017
1749,974.586
1750,975.020
1751,975.469
1752,976.008
1753,976.523
1754,976.906
1755,977.483
1756,978.030
1757,978.403
1758,978.926
1759,979.419
1760,980.062
1761,980.411
1762,980.956
1763,981.587
1764,982.081
1765,982.516
1766,982.998
1767,983.444
1768,984.021
1769,984.409
1770,985.078
1771,985.531
1772,986.022
1773,986.592
1774,987.019
1775,987.548
1776,987.954
1777,988.523
1778,989.030
1779,989.565
1780,990.095
1781,990.449
1782,990.915
1783,991.536
1784,992.052
1785,992.401
1786,992.964
1787,993.536
1788,994.089
1789,994.446
1790,994.952
1791,995.450
1792,995.955
1793,996.521
1794,997.068
1795,997.485
1796,997.966
1797,998.475
1798,998.980
1799,999.423
1800,999.939
1801,1000.461
1802,1001.058
1803,1001.452
1804,1002.099
1805,1002.418
1806,1002.907
1807,1003.438
1808,1004.056
1809,1004.423
1810,1004.945
1811,1005.570
1812,1005.944
1813,1006.537
1814,1006.962
1815,1007.575
1816,1007.981
1817,1008.565
1818,1009.009
1819,1009.427
1820,1009.973
1821,1010.491
1822,1011.010
1823,1011.597
1824,1011.904
1825,1012.416
1826,1013.007
1827,1013.445
1828,1013.950
1829,1014.483
1830,1014.929
1831,1015.564
1832,1016.063
1833,1016.595
1834,1017.059
1835,1017.549
1836,1017.921
1837,1018.533
1838,1018.970
1839,1019.482
1840,1020.050
1841,1020.477
1842,1021.026
1843,1021.449
1844,1021.901
1845,1022.421
1846,1022.940
1847,1023.474
1848,1023.931
1849,1024.519
1850,1024.993
1851,1025.537
1852,1025.949
1853,1026.471
1854,1026.979
1855,1027.588
1856,1027.979
1857,1028.434
1858,1029.051
1859,1029.521
1860,1029.926
1861,1030.572
1862,1030.942
1863,1031.528
1864,1031.914
1865,1032.494
1866,1032.938
1867,1033.466
1868,1033.952
1869,1034.404
1870,1035.015
1871,1035.565
1872,1036.093
1873,1036.476
1874,1036.909
1875,1037.534
1876,1038.051
1877,1038.583
1878,1039.068
1879,1039.519
1880,1039.937
1881,1040.443
1882,1041.034
1883,1041.418
1884,1041.935
1885,1042.424
1886,1043.089
1887,1043.504
1888,1043.964
1889,1044.534
1890,1044.988
1891,1045.481
1892,1046.049
1893,1046.518
1894,1047.019
1895,1047.586
1896,1047.947
1897,1048.452
1898,1048.978
1899,1049.456
1900,1049.968
1901,1050.531
1902,1050.975
1903,1051.581
1904,1051.952
1905,1052.427
1906,1053.099
1907,1053.508
1908,1054.075
1909,1054.520
1910,1055.093
1911,1055.427
1912,1055.915
1913,1056.508
1914,1056.988
1915,1057.500
1916,1058.077
1917,1058.529
1918,1058.923
1919,1059.428
1920,1060.024
1921,1060.481
1922,1061.008
1923,1061.441
1924,1062.092
1925,1062.485
1926,1062.980
1927,1063.479
1928,1063.904
1929,1064.587
1930,1064.971
1931,1065.552
1932,1066.016
1933,1066.496
1934,1067.084
1935,1067.470
1936,1067.986
1937,1068.424
1938,1069.017
1939,1069.559
1940,1070.051
1941,1070.530
1942,1070.982
1943,1071.473
1944,1072.061
1945,1072.596
1946,1072.957
1947,1073.454
1948,1073.921
1949,1074.489
1950,1075.016
1951,1075.516
1952,1075.975
1953,1076.422
1954,1076.989
1955,1077.588
1956,1078.083
1957,1078.560
1958,1079.056
1959,1079.587
1960,1080.049
1961,1080.488
1962,1080.993
1963,1081.584
1964,1082.079
1965,1082.404
1966,1082.984
1967,1083.476
1968,1084.079
1969,1084.408
1970,1084.950
1971,1085.566
1972,1085.971
1973,1086.537
1974,1087.022
1975,1087.449
1976,1088.000
1977,1088.431
1978,1088.947
1979,1089.587
1980,1090.082
1981,1090.548
1982,1091.050
1983,1091.573
1984,1092.010
1985,1092.599
1986,1093.037
1987,1093.550
1988,1094.076
1989,1094.556
1990,1094.919
1991,1095.410
1992,1095.934
1993,1096.541
1994,1097.034
1995,1097.422
1996,1097.942
1997,1098.591
1998,1099.039
1999,1099.445
2000,1100.074
2001,1100.420
2002,1101.042
2003,1101.509
2004,1101.965
2005,1102.447
2006,1102.953
2007,1103.544
2008,1104.006
2009,1104.400
2010,1104.958
2011,1105.540
2012,1105.912
2013,1106.485
2014,1107.022
2015,1107.466
2016,1107.993
2017,1108.583
2018,1108.972
2019,1109.513
2020,1110.044
2021,1110.490
2022,1110.920
2023,1111.403
2024,1111.974
2025,1112.487
2026,1112.983
2027,1113.568
2028,1113.938
2029,1114.406
2030,1114.943
2031,1115.406
2032,1116.011
2033,1116.421
2034,1116.908
2035,1117.441
2036,1118.036
2037,1118.556
2038,1119.091
2039,1119.474
2040,1120.032
2041,1120.576
2042,1121.053
2043,1121.565
2044,1122.082
2045,1122.545
2046,1123.059
2047,1123.573
2048,1123.985
2049,1124.512
2050,1125.054
2051,1125.406
2052,1125.945
2053,1126.533
2054,1126.973
2055,1127.419
2056,1128.043
2057,1128.533
2058,1128.977
2059,1129.593
2060,1130.076
2061,1130.437
2062,1131.065
2063,1131.589
2064,1131.956
2065,1132.544
2066,1132.952
2067,1133.419
2068,1133.991
2069,1134.571
2070,1135.063
2071,1135.442
2072,1136.087
2073,1136.417
2074,1136.981
2075,1137.543
2076,1138.097
2077,1138.496
2078,1138.935
2079,1139.506
2080,1140.095
2081,1140.596
2082,1141.024
2083,1141.433
2084,1141.991
2085,1142.418
2086,1142.956
2087,1143.477
2088,1143.924
2089,1144.514
2090,1145.032
2091,1145.524
2092,1146.073
2093,1146.573
2094,1147.008
2095,1147.467
2096,1148.087
2097,1148.543
2098,1148.986
2099,1149.526
2100,1149.937
2101,1150.471
2102,1150.905
2103,1151.519
2104,1152.045
2105,1152.440
2106,1153.019
2107,1153.405
2108,1154.080
2109,1154.535
2110,1155.087
2111,1155.549
2112,1156.073
2113,1156.517
2114,1157.078
2115,1157.426
2116,1158.077
2117,1158.504
2118,1158.995
2119,1159.513
2120,1160.007
2121,1160.479
2122,1160.954
2123,1161.476
2124,1161.937
2125,1162.473
2126,1163.073
2127,1163.510
2128,1163.948
2129,1164.510
2130,1164.954
2131,1165.448
2132,1166.026
2133,1166.516
2134,1167.049
2135,1167.508
2136,1168.019
2137,1168.486
2138,1169.056
2139,1169.495
2140,1169.965
2141,1170.512
2142,1171.082
2143,1171.506
2144,1171.922
2145,1172.590
2146,1172.922
2147,1173.449
2148,1174.008
2149,1174.504
2150,1175.093
2151,1175.589
2152,1175.982
2153,1176.599
2154,1176.987
2155,1177.560
2156,1177.913
2157,1178.571
2158,1179.071
2159,1179.488
2160,1180.032
2161,1180.526
2162,1181.082
2163,1181.583
2164,1181.929
2165,1182.443
2166,1183.071
2167,1183.529
2168,1183.924
2169,1184.509
2170,1184.932
2171,1185.486
2172,1186.029
2173,1186.574
2174,1187.098
2175,1187.593
2176,1187.963
2177,1188.459
2178,1188.901
2179,1189.588
2180,1190.044
2181,1190.566
2182,1190.945
2183,1191.528
2184,1192.022
2185,1192.519
2186,1192.950
2187,1193.499
2188,1193.939
2189,1194.542
2190,1194.986
2191,1195.559
2192,1196.030
2193,1196.538
2194,1196.914
2195,1197.598
2196,1197.958
2197,1198.595
2198,1199.006
2199,1199.570
2200,1200.058
2201,1200.586
2202,1201.072
2203,1201.554
2204,1201.954
2205,1202.567
2206,1203.028
2207,1203.402
2208,1203.970
2209,1204.429
2210,1205.014
2211,1205.507
2212,1206.064
2213,1206.565
2214,1207.011
2215,1207.475
2216,1207.974
2217,1208.493
2218,1208.912
2219,1209.479
2220,1209.924
2221,1210.524
2222,1211.048
2223,1211.590
2224,1212.054
2225,1212.492
2226,1212.916
2227,1213.523
2228,1214.076
2229,1214.489
2230,1214.945
2231,1215.514
2232,1215.962
2233,1216.566
2234,1216.980
2235,1217.561
2236,1217.937
2237,1218.539
2238,1218.914
2239,1219.582
2240,1219.932
2241,1220.483
2242,1221.079
2243,1221.559
2244,1221.954
2245,1222.529
2246,1223.071
2247,1223.408
2248,1224.040
2249,1224.481
2250,1225.100
2251,1225.496
2252,1226.001
2253,1226.515
2254,1226.990
2255,1227.562
2256,1227.939
2257,1228.588
2258,1228.984
2259,1229.438
2260,1230.080
2261,1230.431
2262,1230.913
2263,1231.541
2264,1232.038
2265,1232.538
2266,1232.988
2267,1233.496
2268,1233.986
2269,1234.582
2270,1235.010
2271,1235.583
2272,1236.065
2273,1236.515
2274,1236.972
2275,1237.428
2276,1237.999
2277,1238.427
2278,1238.907
2279,1239.570
2280,1240.040
2281,1240.594
2282,1240.921
2283,1241.551
2284,1242.032
2285,1242.511
2286,1242.974
2287,1243.524
2288,1243.922
2289,1244.516
2290,1245.052
2291,1245.583
2292,1246.039
2293,1246.551
2294,1247.038
2295,1247.415
2296,1248.046
2297,1248.498
2298,1248.928
2299,1249.571
2300,1250.066
2301,1250.536
2302,1250.999
2303,1251.437
2304,1252.004
2305,1252.414
2306,1252.934
2307,1253.408
2308,1253.983
2309,1254.515
2310,1255.001
2311,1255.493
2312,1255.902
2313,1256.448
2314,1256.915
2315,1257.567
2316,1257.905
2317,1258.541
2318,1258.983
2319,1259.580
2320,1260.011
2321,1260.429
2322,1260.909
2323,1261.591
2324,1262.057
2325,1262.465
2326,1263.086
2327,1263.424
2328,1263.960
2329,1264.564
2330,1265.074
2331,1265.470
2332,1266.086
2333,1266.559
2334,1267.091
2335,1267.428
2336,1268.015
2337,1268.410
2338,1268.946
2339,1269.449
2340,1270.069
2341,1270.458
2342,1270.929
2343,1271.535
2344,1271.905
2345,1272.450
2346,1272.989
2347,1273.508
2348,1273.989
2349,1274.597
2350,1275.031
2351,1275.409
2352,1275.942
2353,1276.478
2354,1276.959
2355,1277.574
2356,1278.000
2357,1278.587
2358,1279.030
2359,1279.498
2360,1280.005
2361,1280.486
2362,1280.956
2363,1281.584
2364,1281.917
2365,1282.561
2366,1283.016
2367,1283.565
2368,1283.963
2369,1284.420
2370,1284.950
2371,1285.412
2372,1286.031
2373,1286.465
2374,1286.966
2375,1287.457
2376,1288.096
2377,1288.554
2378,1289.034
2379,1289.497
2380,1289.908
2381,1290.412
2382,1291.003
2383,1291.575
2384,1292.097
2385,1292.563
2386,1293.094
2387,1293.472
2388,1293.982
2389,1294.435
2390,1294.906
2391,1295.539
2392,1295.993
2393,1296.545
2394,1296.963
2395,1297.508
2396,1298.004
2397,1298.500
2398,1298.988
2399,1299.569
2400,1300.057
2401,1300.530
2402,1301.057
2403,1301.449
2404,1301.988
2405,1302.527
2406,1303.000
2407,1303.574
2408,1303.929
2409,1304.421
2410,1304.982
2411,1305.415
2412,1305.934
2413,1306.499
2414,1306.968
2415,1307.574
2416,1307.999
2417,1308.594
2418,1309.069
2419,1309.496
2420,1309.946
2421,1310.458
2422,1310.904
2423,1311.410
2424,1312.066
2425,1312.488
2426,1313.001
2427,1313.508
2428,1314.023
2429,1314.520
2430,1314.904
2431,1315.433
2432,1315.979
2433,1316.463
2434,1317.050
2435,1317.472
2436,1318.078
2437,1318.559
2438,1319.068
2439,1319.529
2440,1320.067
2441,1320.442
2442,1321.086
2443,1321.434
2444,1321.935
2445,1322.413
2446,1323.041
2447,1323.443
2448,1323.953
2449,1324.461
2450,1324.956
2451,1325.507
2452,1325.917
2453,1326.554
2454,1326.918
2455,1327.530
2456,1327.979
2457,1328.400
2458,1328.905
2459,1329.576
2460,1330.035
2461,1330.528
2462,1331.059
2463,1331.525
2464,1332.072
2465,1332.474
2466,1333.052
2467,1333.516
2468,1333.932
2469,1334.416
2470,1335.009
2471,1335.520
2472,1336.043
2473,1336.553
2474,1337.063
2475,1337.442
2476,1337.975
2477,1338.539
2478,1338.961
2479,1339.428
2480,1340.034
2481,1340.460
2482,1341.041
2483,1341.535
2484,1341.982
2485,1342.517
2486,1342.961
2487,1343.508
2488,1343.904
2489,1344.403
2490,1345.078
2491,1345.430
2492,1346.098
2493,1346.588
2494,1346.976
2495,1347.456
2496,1347.932
2497,1348.565
2498,1349.098
2499,1349.489
2500,1350.033
2501,1350.466
2502,1350.981
2503,1351.531
2504,1351.962
2505,1352.469
2506,1352.991
2507,1353.438
2508,1354.021
2509,1354.561
2510,1355.065
2511,1355.532
2512,1356.088
2513,1356.594
2514,1356.917
2515,1357.515
2516,1357.922
2517,1358.475
2518,1359.009
2519,1359.459
2520,1360.006
2521,1360.499
2522,1361.091
2523,1361.510
2524,1361.940
2525,1362.505
2526,1363.073
2527,1363.475
2528,1364.082
2529,1364.457
2530,1365.067
2531,1365.538
2532,1366.065
2533,1366.467
2534,1366.988
2535,1367.449
2536,1368.086
2537,1368.587
2538,1368.949
2539,1369.552
2540,1370.083
2541,1370.562
2542,1371.075
2543,1371.552
2544,1371.919
2545,1372.531
2546,1372.978
2547,1373.582
2548,1373.963
2549,1374.473
2550,1375.012
2551,1375.517
2552,1375.997
2553,1376.556
2554,1376.908
2555,1377.531
2556,1377.925
2557,1378.460
2558,1378.985
2559,1379.410
2560,1379.915
2561,1380.575
2562,1381.065
2563,1381.586
2564,1381.988
2565,1382.481
2566,1383.051
2567,1383.443
2568,1384.086
2569,1384.497
2570,1384.919
2571,1385.550
2572,1385.944
2573,1386.493
2574,1387.048
2575,1387.501
2576,1388.023
2577,1388.545
2578,1388.946
2579,1389.553
2580,1389.948
2581,1390.495
2582,1391.048
2583,1391.474
2584,1392.036
2585,1392.403
2586,1393.052
2587,1393.474
2588,1394.067
2589,1394.427
2590,1395.014
2591,1395.597
2592,1396.084
2593,1396.481
2594,1397.084
2595,1397.403
2596,1398.097
2597,1398.463
2598,1399.027
2599,1399.451
2600,1400.019
2601,1400.557
2602,1400.939
2603,1401.469
2604,1402.097
2605,1402.461
2606,1402.910
2607,1403.599
2608,1404.033
2609,1404.523
2610,1405.088
2611,1405.455
2612,1405.987
2613,1406.439
2614,1406.911
2615,1407.569
2616,1407.917
2617,1408.584
2618,1408.967
2619,1409.531
2620,1409.908
2621,1410.446
2622,1411.027
2623,1411.480
2624,1411.944
2625,1412.438
2626,1412.937
2627,1413.475
2628,1414.097
2629,1414.470
2630,1415.089
2631,1415.550
2632,1415.956
2633,1416.472
2634,1417.029
2635,1417.583
2636,1418.084
2637,1418.582
2638,1419.075
2639,1419.491
2640,1420.015
2641,1420.494
2642,1421.054
2643,1421.501
2644,1421.975
2645,1422.485
2646,1422.908
2647,1423.487
2648,1423.902
2649,1424.459
2650,1424.915
2651,1425.504
2652,1425.963
2653,1426.590
2654,1427.092
2655,1427.455
2656,1427.937
2657,1428.455
2658,1429.037
2659,1429.514
2660,1429.996
2661,1430.541
2662,1430.989
2663,1431.523
2664,1432.001
2665,1432.575
2666,1433.086
2667,1433.438
2668,1434.090
2669,1434.456
2670,1434.993
2671,1435.464
2672,1436.047
2673,1436.491
2674,1437.066
2675,1437.541
2676,1437.905
2677,1438.444
2678,1438.971
2679,1439.505
2680,1440.040
2681,1440.526
2682,1440.966
2683,1441.552
2684,1442.037
2685,1442.558
2686,1443.010
2687,1443.409
2688,1444.079
2689,1444.410
2690,1444.960
2691,1445.497
2692,1445.902
2693,1446.405
2694,1446.905
2695,1447.575
2696,1448.052
2697,1448.569
2698,1448.976
2699,1449.435
2700,1449.921
2701,1450.588
2702,1451.078
2703,1451.570
2704,1452.029
2705,1452.407
2706,1453.034
2707,1453.485
2708,1454.070
2709,1454.408
2710,1455.023
2711,1455.508
2712,1455.934
2713,1456.469
2714,1456.900
2715,1457.430
2716,1458.091
2717,1458.413
2718,1459.081
2719,1459.465
2720,1460.078
2721,1460.546
2722,1460.936
2723,1461.497
2724,1461.914
2725,1462.550
2726,1462.962
2727,1463.447
2728,1464.057
2729,1464.422
2730,1464.945
2731,1465.462
2732,1465.917
2733,1466.527
2734,1466.995
2735,1467.425
2736,1467.983
2737,1468.561
2738,1469.045
2739,1469.461
2740,1470.002
2741,1470.489
2742,1471.084
2743,1471.407
2744,1472.039
2745,1472.439
2746,1473.018
2747,1473.525
2748,1473.941
2749,1474.423
2750,1475.040
2751,1475.463
2752,1475.921
2753,1476.571
2754,1477.029
2755,1477.510
2756,1477.914
2757,1478.573
2758,1479.060
2759,1479.508
2760,1479.941
2761,1480.568
2762,1480.980
2763,1481.513
2764,1481.943
2765,1482.596
2766,1483.089
2767,1483.424
2768,1483.935
2769,1484.443
2770,1484.976
2771,1485.538
2772,1485.943
2773,1486.479
2774,1487.051
2775,1487.586
2776,1488.022
2777,1488.500
2778,1489.016
2779,1489.539
2780,1490.008
2781,1490.487
2782,1491.091
2783,1491.402
2784,1491.990
2785,1492.462
2786,1493.077
2787,1493.541
2788,1494.052
2789,1494.506
2790,1494.984
2791,1495.449
2792,1496.051
2793,1496.555
2794,1497.055
2795,1497.482
2796,1497.905
2797,1498.478
2798,1498.920
2799,1499.539
2800,1499.994
2801,1500.593
2802,1500.972
2803,1501.443
2804,1501.993
2805,1502.584
2806,1503.046
2807,1503.520
2808,1504.076
2809,1504.427
2810,1505.056
2811,1505.529
2812,1506.059
2813,1506.576
2814,1506.924
2815,1507.465
2816,1508.077
2817,1508.562
2818,1508.935
2819,1509.482
2820,1510.077
2821,1510.463
2822,1510.996
2823,1511.508
2824,1511.939
2825,1512.447
2826,1513.086
2827,1513.427
2828,1514.004
2829,1514.578
2830,1515.075
2831,1515.582
2832,1515.996
2833,1516.451
2834,1517.033
2835,1517.582
2836,1518.092
2837,1518.420
2838,1519.030
2839,1519.583
2840,1519.954
2841,1520.498
2842,1521.094
2843,1521.493
2844,1522.096
2845,1522.555
2846,1522.967
2847,1523.550
2848,1524.079
2849,1524.427
2850,1524.981
2851,1525.522
2852,1525.959
2853,1526.405
2854,1527.080
2855,1527.450
2856,1528.036
2857,1528.458
2858,1529.083
2859,1529.503
2860,1529.940
2861,1530.561
2862,1530.954
2863,1531.554
2864,1531.903
2865,1532.430
2866,1532.955
2867,1533.585
2868,1534.069
2869,1534.508
2870,1534.945
2871,1535.406
2872,1535.925
2873,1536.513
2874,1537.063
2875,1537.532
2876,1538.053
2877,1538.428
2878,1539.037
2879,1539.511
2880,1540.075
2881,1540.424
2882,1540.905
2883,1541.593
2884,1541.990
2885,1542.477
2886,1542.903
2887,1543.433
2888,1544.023
2889,1544.526
2890,1544.947
2891,1545.474
2892,1545.901
2893,1546.439
2894,1547.083
2895,1547.597
2896,1548.092
2897,1548.515
2898,1549.052
2899,1549.408
2900,1549.994
2901,1550.594
2902,1551.087
2903,1551.502
2904,1551.968
2905,1552.578
2906,1553.073
2907,1553.455
2908,1554.037
2909,1554.434
2910,1554.943
2911,1555.489
2912,1555.926
2913,1556.441
2914,1557.016
2915,1557.507
2916,1558.093
2917,1558.572
2918,1558.930
2919,1559.591
2920,1559.918
2921,1560.537
2922,1561.087
2923,1561.552
2924,1562.099
2925,1562.495
2926,1563.009
2927,1563.590
2928,1564.075
2929,1564.538
2930,1564.944
2931,1565.510
2932,1566.027
2933,1566.418
2934,1567.036
2935,1567.446
2936,1567.994
2937,1568.509
2938,1569.015
2939,1569.578
2940,1570.037
2941,1570.518
2942,1571.083
2943,1571.426
2944,1571.955
2945,1572.444
2946,1572.977
2947,1573.494
2948,1574.088
2949,1574.429
2950,1574.939
2951,1575.582
2952,1575.915
2953,1576.458
2954,1576.953
2955,1577.456
2956,1577.996
2957,1578.504
2958,1579.060
2959,1579.491
2960,1579.938
2961,1580.597
2962,1581.076
2963,1581.535
2964,1581.966
2965,1582.402
2966,1582.948
2967,1583.558
2968,1583.938
2969,1584.587
2970,1584.914
2971,1585.470
2972,1586.069
2973,1586.455
2974,1586.958
2975,1587.577
2976,1587.937
2977,1588.579
2978,1589.067
2979,1589.474
2980,1590.037
2981,1590.591
2982,1590.900
2983,1591.539
2984,1592.061
2985,1592.520
2986,1593.059
2987,1593.412
2988,1593.968
2989,1594.554
2990,1595.032
2991,1595.594
2992,1596.059
2993,1596.422
2994,1596.987
2995,1597.447
2996,1598.012
2997,1598.513
2998,1598.922
2999,1599.486
3000,1600.007
3001,1600.403
3002,1601.072
3003,1601.454
3004,1602.002
3005,1602.526
3006,1602.940
3007,1603.567
3008,1604.003
3009,1604.428
3010,1604.943
3011,1605.427
3012,1605.926
3013,1606.561
3014,1606.993
3015,1607.491
3016,1608.020
3017,1608.523
3018,1608.986
3019,1609.597
3020,1610.010
3021,1610.565
3022,1611.032
3023,1611.531
3024,1611.984
3025,1612.458
3026,1612.935
3027,1613.506
3028,1614.012
3029,1614.561
3030,1614.923
3031,1615.534
3032,1616.095
3033,1616.466
3034,1617.037
3035,1617.458
3036,1618.010
3037,1618.487
3038,1619.066
3039,1619.513
3040,1620.013
3041,1620.514
3042,1621.025
3043,1621.498
3044,1622.050
3045,1622.530
3046,1622.916
3047,1623.490
3048,1623.926
3049,1624.586
3050,1624.943
3051,1625.409
3052,1625.929
3053,1626.587
3054,1627.048
3055,1627.595
3056,1627.903
3057,1628.531
3058,1629.004
3059,1629.461
3060,1630.090
3061,1630.473
3062,1630.932
3063,1631.565
3064,1632.033
3065,1632.567
3066,1632.999
3067,1633.579
3068,1634.099
3069,1634.528
3070,1634.935
3071,1635.568
3072,1635.912
3073,1636.555
3074,1636.903
3075,1637.507
3076,1638.004
3077,1638.564
3078,1638.921
3079,1639.541
3080,1639.901
3081,1640.424
3082,1641.028
3083,1641.476
3084,1642.000
3085,1642.459
3086,1643.039
3087,1643.555
3088,1644.016
3089,1644.554
3090,1645.098
3091,1645.553
3092,1645.997
3093,1646.410
3094,1647.033
3095,1647.582
3096,1647.957
3097,1648.565
3098,1649.030
3099,1649.471
3100,1649.924
3101,1650.495
3102,1651.031
3103,1651.449
3104,1651.911
3105,1652.504
3106,1653.008
3107,1653.517
3108,1653.963
3109,1654.403
3110,1654.933
3111,1655.467
3112,1655.982
3113,1656.429
3114,1657.032
3115,1657.400
3116,1657.933
3117,1658.415
3118,1659.066
3119,1659.479
3120,1660.070
3121,1660.461
3122,1660.994
3123,1661.451
3124,1661.952
3125,1662.405
3126,1663.062
3127,1663.599
3128,1664.068
3129,1664.557
3130,1664.984
3131,1665.523
3132,1666.049
3133,1666.591
3134,1667.014
3135,1667.544
3136,1667.929
3137,1668.598
3138,1669.031
3139,1669.548
3140,1669.901
3141,1670.505
3142,1670.981
3143,1671.418
3144,1671.950
3145,1672.505
3146,1672.970
3147,1673.432
3148,1673.914
3149,1674.549
3150,1675.079
3151,1675.506
3152,1675.971
3153,1676.569
3154,1677.022
3155,1677.476
3156,1677.911
3157,1678.417
3158,1678.916
3159,1679.440
3160,1679.942
3161,1680.570
3162,1680.912
3163,1681.535
3164,1682.006
3165,1682.577
3166,1683.007
3167,1683.539
3168,1684.028
3169,1684.417
3170,1684.920
3171,1685.429
3172,1685.938
3173,1686.480
3174,1687.035
3175,1687.479
3176,1688.041
3177,1688.550
3178,1689.089
3179,1689.491
3180,1689.959
3181,1690.516
3182,1690.963
3183,1691.432
3184,1691.944
3185,1692.460
3186,1692.949
3187,1693.567
3188,1693.995
3189,1694.415
3190,1694.932
3191,1695.400
3192,1696.046
3193,1696.437
3194,1697.002
3195,1697.412
3196,1697.944
3197,1698.409
3198,1699.084
3199,1699.425
3200,1700.100
3201,1700.570
3202,1701.043
3203,1701.405
3204,1702.088
3205,1702.542
3206,1703.066
3207,1703.557
3208,1704.048
3209,1704.443
3210,1705.013
3211,1705.449
3212,1705.976
3213,1706.424
3214,1707.010
3215,1707.582
3216,1708.022
3217,1708.509
3218,1709.049
3219,1709.597
3220,1710.049
3221,1710.577
3222,1711.100
3223,1711.593
3224,1711.947
3225,1712.536
3226,1712.913
3227,1713.513
3228,1714.003
3229,1714.505
3230,1714.954
3231,1715.570
3232,1715.960
3233,1716.463
3234,1717.009
3235,1717.457
3236,1718.024
3237,1718.405
3238,1719.042
3239,1719.498
3240,1719.967
3241,1720.564
3242,1721.050
3243,1721.527
3244,1722.072
3245,1722.475
3246,1722.988
3247,1723.475
3248,1723.971
3249,1724.446
3250,1724.917
3251,1725.514
3252,1726.065
3253,1726.595
3254,1727.043
3255,1727.574
3256,1728.037
3257,1728.547
3258,1728.930
3259,1729.471
3260,1730.044
3261,1730.485
3262,1731.008
3263,1731.583
3264,1732.010
3265,1732.431
3266,1732.962
3267,1733.582
3268,1733.927
3269,1734.484
3270,1734.944
3271,1735.408
3272,1736.042
3273,1736.407
3274,1737.089
3275,1737.550
3276,1737.953
3277,1738.582
3278,1738.976
3279,1739.574
3280,1740.009
3281,1740.535
3282,1741.048
3283,1741.494
3284,1742.098
3285,1742.599
3286,1743.075
3287,1743.492
3288,1744.090
3289,1744.584
3290,1744.907
3291,1745.561
3292,1745.956
3293,1746.551
3294,1746.971
3295,1747.470
3296,1748.013
3297,1748.403
3298,1749.021
3299,1749.498
3300,1750.051
3301,1750.432
3302,1751.049
3303,1751.547
3304,1752.093
3305,1752.432
3306,1752.956
3307,1753.594
3308,1753.975
3309,1754.456
3310,1755.013
3311,1755.437
3312,1756.096
3313,1756.501
3314,1756.939
3315,1757.523
3316,1758.079
3317,1758.563
3318,1759.051
3319,1759.449
3320,1760.068
3321,1760.459
3322,1761.044
3323,1761.572
3324,1762.057
3325,1762.485
3326,1763.100
3327,1763.545
3328,1764.087
3329,1764.473
3330,1765.078
3331,1765.418
3332,1766.000
3333,1766.400
3334,1767.100
3335,1767.444
3336,1768.065
3337,1768.499
3338,1768.975
3339,1769.568
3340,1769.990
3341,1770.586
3342,1771.016
3343,1771.538
3344,1771.992
3345,1772.583
3346,1772.957
3347,1773.598
3348,1773.967
3349,1774.485
3350,1775.060
3351,1775.425
3352,1775.969
3353,1776.455
3354,1776.903
3355,1777.551
3356,1777.914
3357,1778.547
3358,1779.083
3359,1779.526
3360,1780.048
3361,1780.462
3362,1780.963
3363,1781.568
3364,1782.079
3365,1782.592
3366,1783.069
3367,1783.545
3368,1784.039
3369,1784.598
3370,1785.043
3371,1785.462
3372,1786.030
3373,1786.563
3374,1786.984
3375,1787.567
3376,1787.937
3377,1788.583
3378,1789.059
3379,1789.596
3380,1790.055
3381,1790.543
3382,1791.072
3383,1791.498
3384,1792.080
3385,1792.458
3386,1792.940
3387,1793.595
3388,1794.076
3389,1794.423
3390,1794.977
3391,1795.436
3392,1795.973
3393,1796.513
3394,1797.035
3395,1797.493
3396,1797.975
3397,1798.580
3398,1798.989
3399,1799.541
3400,1800.016
3401,1800.499
3402,1800.929
3403,1801.418
3404,1802.059
3405,1802.539
3406,1802.906
3407,1803.513
3408,1804.016
3409,1804.460
3410,1804.963
3411,1805.536
3412,1806.008
3413,1806.454
3414,1806.920
3415,1807.424
3416,1808.094
3417,1808.506
3418,1809.028
3419,1809.437
3420,1809.986
3421,1810.472
3422,1810.950
3423,1811.419
3424,1812.026
3425,1812.594
3426,1812.901
3427,1813.564
3428,1814.052
3429,1814.561
3430,1815.063
3431,1815.594
3432,1816.076
3433,1816.422
3434,1817.081
3435,1817.568
3436,1818.028
3437,1818.591
3438,1818.942
3439,1819.505
3440,1819.940
3441,1820.419
3442,1821.016
3443,1821.598
3444,1822.049
3445,1822.436
3446,1823.048
3447,1823.443
3448,1824.096
3449,1824.520
3450,1825.047
3451,1825.427
3452,1826.068
3453,1826.590
3454,1826.998
3455,1827.461
3456,1827.970
3457,1828.539
3458,1829.057
3459,1829.518
3460,1830.000
3461,1830.491
3462,1830.935
3463,1831.420
3464,1831.917
3465,1832.587
3466,1833.047
3467,1833.477
3468,1834.072
3469,1834.572
3470,1835.077
3471,1835.529
3472,1836.099
3473,1836.597
3474,1837.053
3475,1837.421
3476,1837.905
3477,1838.478
3478,1838.988
3479,1839.428
3480,1840.071
3481,1840.514
3482,1840.978
3483,1841.404
3484,1841.989
3485,1842.556
3486,1842.930
3487,1843.402
3488,1844.077
3489,1844.589
3490,1844.976
3491,1845.512
3492,1846.028
3493,1846.496
3494,1846.942
3495,1847.550
3496,1848.095
3497,1848.491
3498,1848.989
3499,1849.400
3500,1849.957
3501,1850.408
3502,1850.995
3503,1851.462
3504,1852.083
3505,1852.437
3506,1853.090
3507,1853.435
3508,1853.903
3509,1854.499
3510,1855.040
3511,1855.575
3512,1855.953
3513,1856.550
3514,1857.032
3515,1857.578
3516,1857.911
3517,1858.529
3518,1859.055
3519,1859.513
3520,1859.959
3521,1860.402
3522,1860.908
3523,1861.594
3524,1861.900
3525,1862.450
3526,1863.007
3527,1863.468
3528,1864.035
3529,1864.521
3530,1864.981
3531,1865.540
3532,1866.086
3533,1866.484
3534,1866.987
3535,1867.464
3536,1868.033
3537,1868.448
3538,1868.913
3539,1869.567
3540,1870.073
3541,1870.552
3542,1870.905
3543,1871.427
3544,1872.007
3545,1872.458
3546,1873.006
3547,1873.574
3548,1874.070
3549,1874.523
3550,1875.040
3551,1875.429
3552,1876.017
3553,1876.477
3554,1877.019
3555,1877.512
3556,1878.057
3557,1878.474
3558,1879.009
3559,1879.443
3560,1880.041
3561,1880.532
3562,1881.026
3563,1881.469
3564,1882.083
3565,1882.474
3566,1882.998
3567,1883.552
3568,1883.965
3569,1884.439
3570,1885.074
3571,1885.569
3572,1886.001
3573,1886.500
3574,1886.971
3575,1887.426
3576,1888.012
3577,1888.599
3578,1888.994
3579,1889.425
3580,1889.966
3581,1890.415
3582,1890.983
3583,1891.586
3584,1891.954
3585,1892.551
3586,1893.078
3587,1893.539
3588,1894.021
3589,1894.442
3590,1895.093
3591,1895.533
3592,1895.929
3593,1896.506
3594,1897.099
3595,1897.456
3596,1898.049
3597,1898.495
3598,1899.036
3599,1899.524
3600,1900.097
3601,1900.463
3602,1901.016
3603,1901.434
3604,1901.920
3605,1902.518
3606,1902.996
3607,1903.404
3608,1904.056
3609,1904.532
3610,1905.006
3611,1905.497
3612,1906.027
3613,1906.534
3614,1907.055
3615,1907.464
3616,1907.999
3617,1908.583
3618,1909.032
3619,1909.564
3620,1909.941
3621,1910.534
3622,1911.045
3623,1911.520
3624,1911.960
3625,1912.575
3626,1912.978
3627,1913.476
3628,1913.942
3629,1914.574
3630,1914.937
3631,1915.404
3632,1915.947
3633,1916.405
3634,1916.992
3635,1917.471
3636,1917.960
3637,1918.551
3638,1918.902
3639,1919.579
3640,1919.933
3641,1920.588
3642,1921.008
3643,1921.442
3644,1921.969
3645,1922.504
3646,1922.918
3647,1923.440
3648,1924.048
3649,1924.541
3650,1925.009
3651,1925.469
3652,1925.912
3653,1926.579
3654,1927.078
3655,1927.539
3656,1928.028
3657,1928.520
3658,1929.053
3659,1929.403
3660,1929.920
3661,1930.584
3662,1931.079
3663,1931.544
3664,1932.015
3665,1932.599
3666,1932.969
3667,1933.581
3668,1934.089
3669,1934.429
3670,1934.960
3671,1935.467
3672,1935.960
3673,1936.588
3674,1936.948
3675,1937.563
3676,1937.979
3677,1938.492
3678,1939.000
3679,1939.540
3680,1940.057
3681,1940.588
3682,1941.054
3683,1941.509
3684,1942.084
3685,1942.552
3686,1943.042
3687,1943.541
3688,1944.032
3689,1944.533
3690,1945.017
3691,1945.431
3692,1946.040
3693,1946.490
3694,1946.903
3695,1947.476
3696,1948.006
3697,1948.554
3698,1949.090
3699,1949.508
3700,1949.939
3701,1950.444
3702,1950.966
3703,1951.562
3704,1951.978
3705,1952.530
3706,1952.913
3707,1953.400
3708,1954.071
3709,1954.590
3710,1955.084
3711,1955.464
3712,1956.062
3713,1956.549
3714,1956.936
3715,1957.436
3716,1957.947
3717,1958.555
3718,1958.917
3719,1959.572
3720,1960.053
3721,1960.534
3722,1961.055
3723,1961.529
3724,1961.916
3725,1962.413
3726,1962.954
3727,1963.461
3728,1963.954
3729,1964.425
3730,1965.054
3731,1965.506
3732,1965.995
3733,1966.517
3734,1966.930
3735,1967.457
3736,1967.962
3737,1968.508
3738,1968.996
3739,1969.421
3740,1969.945
3741,1970.561
3742,1971.011
3743,1971.591
3744,1972.008
3745,1972.430
3746,1973.038
3747,1973.567
3748,1973.910
3749,1974.426
3750,1975.087
3751,1975.577
3752,1976.065
3753,1976.588
3754,1977.084
3755,1977.448
3756,1977.983
3757,1978.520
3758,1979.015
3759,1979.426
3760,1980.047
3761,1980.512
3762,1981.055
3763,1981.513
3764,1982.041
3765,1982.536
3766,1982.967
3767,1983.427
3768,1983.987
3769,1984.462
3770,1984.925
3771,1985.563
3772,1985.933
3773,1986.591
3774,1986.934
3775,1987.438
3776,1988.014
3777,1988.482
3778,1989.068
3779,1989.455
3780,1989.960
3781,1990.494
3782,1990.922
3783,1991.421
3784,1991.977
3785,1992.409
3786,1993.052
3787,1993.595
3788,1994.010
3789,1994.435
3790,1995.048
3791,1995.418
3792,1996.059
3793,1996.448
3794,1997.078
3795,1997.419
3796,1998.064
3797,1998.407
3798,1999.013
3799,1999.468
3800,1999.917
3801,2000.501
3802,2001.090
3803,2001.401
3804,2002.046
3805,2002.505
3806,2002.929
3807,2003.485
3808,2003.915
3809,2004.592
3810,2004.925
3811,2005.405
3812,2005.915
3813,2006.435
3814,2007.003
3815,2007.477
3816,2007.926
3817,2008.583
3818,2009.055
3819,2009.560
3820,2009.934
3821,2010.453
3822,2011.028
3823,2011.497
3824,2012.017
3825,2012.457
3826,2013.035
3827,2013.464
3828,2014.071
3829,2014.541
3830,2014.921
3831,2015.596
3832,2015.977
3833,2016.415
3834,2017.030
3835,2017.402
3836,2018.015
3837,2018.417
3838,2019.099
3839,2019.572
3840,2019.945
3841,2020.502
3842,2020.903
3843,2021.436
3844,2021.977
3845,2022.403
3846,2022.962
3847,2023.593
3848,2024.036
3849,2024.522
3850,2024.919
3851,2025.412
3852,2026.042
3853,2026.405
3854,2027.034
3855,2027.481
3856,2028.057
3857,2028.546
3858,2028.908
3859,2029.452
3860,2030.031
3861,2030.488
3862,2030.913
3863,2031.466
3864,2032.045
3865,2032.533
3866,2032.908
3867,2033.472
3868,2033.912
3869,2034.557
3870,2034.980
3871,2035.443
3872,2035.996
3873,2036.502
3874,2036.968
3875,2037.588
3876,2038.061
3877,2038.546
3878,2039.042
3879,2039.489
3880,2040.071
3881,2040.555
3882,2040.918
3883,2041.421
3884,2042.018
3885,2042.555
3886,2042.918
3887,2043.449
3888,2043.991
3889,2044.509
3890,2044.919
3891,2045.593
3892,2046.031
3893,2046.475
3894,2046.967
3895,2047.596
3896,2048.039
3897,2048.551
3898,2048.916
3899,2049.579
3900,2050.033
3901,2050.572
3902,2050.928
3903,2051.482
3904,2051.930
3905,2052.473
3906,2052.993
3907,2053.429
3908,2054.015
3909,2054.459
3910,2055.004
3911,2055.408
3912,2055.951
3913,2056.476
3914,2056.993
3915,2057.574
3916,2058.044
3917,2058.417
3918,2059.097
3919,2059.412
3920,2060.023
3921,2060.448
3922,2060.961
3923,2061.550
3924,2062.071
3925,2062.573
3926,2063.028
3927,2063.460
3928,2064.081
3929,2064.401
3930,2065.079
3931,2065.502
3932,2066.018
3933,2066.475
3934,2066.985
3935,2067.529
3936,2067.936
3937,2068.418
3938,2069.074
3939,2069.413
3940,2070.078
3941,2070.527
3942,2070.956
3943,2071.475
3944,2071.988
3945,2072.462
3946,2072.905
3947,2073.429
3948,2073.919
3949,2074.582
3950,2075.070
3951,2075.400
3952,2076.065
3953,2076.411
3954,2077.060
3955,2077.530
3956,2077.908
3957,2078.582
3958,2078.931
3959,2079.543
3960,2079.993
3961,2080.470
3962,2081.039
3963,2081.484
3964,2082.010
3965,2082.569
3966,2082.962
3967,2083.491
3968,2083.940
3969,2084.492
3970,2084.935
3971,2085.412
3972,2085.979
3973,2086.478
3974,2086.994
3975,2087.449
3976,2087.937
3977,2088.556
3978,2088.962
3979,2089.400
3980,2089.981
3981,2090.415
3982,2091.062
3983,2091.458
3984,2091.909
3985,2092.545
3986,2093.016
3987,2093.529
3988,2094.040
3989,2094.586
3990,2094.936
3991,2095.521
3992,2096.044
3993,2096.549
3994,2096.943
3995,2097.407
3996,2098.020
3997,2098.458
3998,2098.998
3999,2099.486
4000,2099.971
4001,2100.539
4002,2101.069
4003,2101.525
4004,2102.047
4005,2102.447
4006,2103.073
4007,2103.441
4008,2103.932
4009,2104.437
4010,2104.996
4011,2105.588
4012,2105.982
4013,2106.410
4014,2106.909
4015,2107.562
4016,2108.054
4017,2108.465
4018,2108.936
4019,2109.483
4020,2110.004
4021,2110.571
4022,2110.963
4023,2111.572
4024,2111.999
4025,2112.591
4026,2113.019
4027,2113.432
4028,2114.064
4029,2114.465
4030,2115.002
4031,2115.461
4032,2116.050
4033,2116.404
4034,2117.051
4035,2117.536
4036,2118.070
4037,2118.469
4038,2119.022
4039,2119.478
4040,2119.919
4041,2120.409
4042,2120.993
4043,2121.495
4044,2122.023
4045,2122.451
4046,2123.082
4047,2123.491
4048,2124.092
4049,2124.544
4050,2125.098
4051,2125.513
4052,2125.909
4053,2126.544
4054,2127.005
4055,2127.549
4056,2128.011
4057,2128.525
4058,2128.925
4059,2129.518
4060,2129.927
4061,2130.420
4062,2130.959
4063,2131.480
4064,2132.020
4065,2132.517
4066,2133.052
4067,2133.432
4068,2133.937
4069,2134.552
4070,2135.089
4071,2135.465
4072,2135.918
4073,2136.521
4074,2137.034
4075,2137.422
4076,2137.960
4077,2138.511
4078,2138.925
4079,2139.483
4080,2139.949
4081,2140.541
4082,2140.919
4083,2141.485
4084,2142.051
4085,2142.533
4086,2143.072
4087,2143.599
4088,2144.078
4089,2144.401
4090,2144.905
4091,2145.474
4092,2146.075
4093,2146.556
4094,2146.991
4095,2147.544
4096,2148.022
4097,2148.507
4098,2149.080
4099,2149.440
4100,2150.091
4101,2150.420
4102,2150.996
4103,2151.431
4104,2152.014
4105,2152.415
4106,2153.008
4107,2153.581
4108,2154.022
4109,2154.478
4110,2154.903
4111,2155.418
4112,2155.944
4113,2156.438
4114,2156.976
4115,2157.472
4116,2157.985
4117,2158.470
4118,2158.965
4119,2159.585
4120,2160.034
4121,2160.536
4122,2161.012
4123,2161.535
4124,2162.004
4125,2162.570
4126,2163.061
4127,2163.555
4128,2163.920
4129,2164.567
4130,2164.932
4131,2165.516
4132,2165.933
4133,2166.494
4134,2166.909
4135,2167.595
4136,2168.094
4137,2168.513
4138,2168.975
4139,2169.486
4140,2170.050
4141,2170.503
4142,2170.985
4143,2171.429
4144,2171.994
4145,2172.418
4146,2172.988
4147,2173.574
4148,2174.059
4149,2174.433
4150,2174.904
4151,2175.515
4152,2175.969
4153,2176.438
4154,2177.070
4155,2177.499
4156,2177.972
4157,2178.477
4158,2179.005
4159,2179.407
4160,2179.907
4161,2180.440
4162,2180.980
4163,2181.568
4164,2182.080
4165,2182.447
4166,2183.076
4167,2183.517
4168,2184.019
4169,2184.556
4170,2185.096
4171,2185.587
4172,2186.063
4173,2186.485
4174,2187.063
4175,2187.440
4176,2187.930
4177,2188.471
4178,2188.936
4179,2189.430
4180,2189.996
4181,2190.442
4182,2190.924
4183,2191.502
4184,2191.998
4185,2192.600
4186,2193.018
4187,2193.536
4188,2194.013
4189,2194.442
4190,2194.907
4191,2195.588
4192,2196.071
4193,2196.458
4194,2196.944
4195,2197.578
4196,2197.904
4197,2198.499
4198,2199.067
4199,2199.469
4200,2200.034
4201,2200.484
4202,2200.978
4203,2201.558
4204,2202.030
4205,2202.529
4206,2202.999
4207,2203.522
4208,2203.998
4209,2204.597
4210,2205.031
4211,2205.550
4212,2206.002
4213,2206.460
4214,2206.959
4215,2207.436
4216,2208.001
4217,2208.411
4218,2209.038
4219,2209.466
4220,2210.029
4221,2210.483
4222,2211.076
4223,2211.580
4224,2212.021
4225,2212.535
4226,2212.957
4227,2213.435
4228,2214.021
4229,2214.574
4230,2215.076
4231,2215.418
4232,2215.910
4233,2216.414
4234,2217.053
4235,2217.520
4236,2218.026
4237,2218.574
4238,2218.907
4239,2219.565
4240,2219.971
4241,2220.449
4242,2220.928
4243,2221.439
4244,2221.935
4245,2222.430
4246,2223.029
4247,2223.537
4248,2224.015
4249,2224.483
4250,2225.015
4251,2225.457
4252,2225.928
4253,2226.406
4254,2227.075
4255,2227.548
4256,2228.078
4257,2228.514
4258,2228.988
4259,2229.579
4260,2229.965
4261,2230.484
4262,2230.918
4263,2231.526
4264,2231.903
4265,2232.447
4266,2232.992
4267,2233.565
4268,2234.030
4269,2234.531
4270,2234.948
4271,2235.575
4272,2235.984
4273,2236.554
4274,2237.097
4275,2237.597
4276,2237.955
4277,2238.402
4278,2239.017
4279,2239.509
4280,2240.093
4281,2240.414
4282,2240.977
4283,2241.402
4284,2241.920
4285,2242.419
4286,2242.984
4287,2243.567
4288,2244.001
4289,2244.582
4290,2245.038
4291,2245.584
4292,2246.010
4293,2246.438
4294,2247.068
4295,2247.431
4296,2248.041
4297,2248.531
4298,2248.969
4299,2249.536
4300,2249.993
4301,2250.489
4302,2251.066
4303,2251.561
4304,2251.902
4305,2252.537
4306,2252.968
4307,2253.599
4308,2253.981
4309,2254.480
4310,2254.909
4311,2255.440
4312,2255.988
4313,2256.534
4314,2257.099
4315,2257.511
4316,2257.975
4317,2258.450
4318,2258.974
4319,2259.407
4320,2259.960
4321,2260.431
4322,2261.012
4323,2261.492
4324,2261.996
4325,2262.470
4326,2262.935
4327,2263.444
4328,2263.918
4329,2264.512
4330,2265.087
4331,2265.590
4332,2265.951
4333,2266.560
4334,2266.984
4335,2267.453
4336,2267.935
4337,2268.418
4338,2269.000
4339,2269.572
4340,2270.000
4341,2270.455
4342,2271.027
4343,2271.573
4344,2271.979
4345,2272.539
4346,2273.051
4347,2273.599
4348,2274.056
4349,2274.450
4350,2275.029
4351,2275.539
4352,2276.021
4353,2276.523
4354,2277.016
4355,2277.571
4356,2277.987
4357,2278.511
4358,2279.099
4359,2279.582
4360,2280.010
4361,2280.452
4362,2281.046
4363,2281.447
4364,2281.910
4365,2282.590
4366,2283.021
4367,2283.418
4368,2284.091
4369,2284.420
4370,2285.095
4371,2285.490
4372,2286.033
4373,2286.540
4374,2287.090
4375,2287.401
4376,2287.971
4377,2288.483
4378,2289.024
4379,2289.487
4380,2289.915
4381,2290.521
4382,2290.975
4383,2291.481
4384,2292.021
4385,2292.582
4386,2292.981
4387,2293.510
4388,2293.949
4389,2294.542
4390,2294.927
4391,2295.505
4392,2295.994
4393,2296.479
4394,2297.053
4395,2297.405
4396,2297.921
4397,2298.504
4398,2298.914
4399,2299.442
4400,2300.061
4401,2300.455
4402,2301.018
4403,2301.455
4404,2301.957
4405,2302.547
4406,2303.048
4407,2303.471
4408,2304.020
4409,2304.577
4410,2304.953
4411,2305.573
4412,2306.086
4413,2306.448
4414,2307.043
4415,2307.497
4416,2307.904
4417,2308.531
4418,2309.090
4419,2309.512
4420,2309.991
4421,2310.402
4422,2310.941
4423,2311.495
4424,2311.996
4425,2312.474
4426,2313.071
4427,2313.444
4428,2314.076
4429,2314.564
4430,2315.049
4431,2315.573
4432,2316.069
4433,2316.431
4434,2317.000
4435,2317.550
4436,2317.906
4437,2318.404
4438,2318.919
4439,2319.531
4440,2319.900
4441,2320.539
4442,2320.957
4443,2321.510
4444,2322.046
4445,2322.521
4446,2323.007
4447,2323.597
4448,2324.078
4449,2324.590
4450,2325.038
4451,2325.594
4452,2325.924
4453,2326.468
4454,2326.925
4455,2327.590
4456,2328.092
4457,2328.556
4458,2328.981
4459,2329.546
4460,2330.003
4461,2330.481
4462,2331.022
4463,2331.516
4464,2332.032
4465,2332.540
4466,2333.086
4467,2333.489
4468,2334.017
4469,2334.484
4470,2335.021
4471,2335.591
4472,2336.007
4473,2336.497
4474,2336.965
4475,2337.471
4476,2338.063
4477,2338.547
4478,2338.937
4479,2339.412
4480,2339.980
4481,2340.453
4482,2341.068
4483,2341.526
4484,2342.035
4485,2342.584
4486,2342.905
4487,2343.435
4488,2344.084
4489,2344.574
4490,2345.001
4491,2345.529
4492,2345.986
4493,2346.596
4494,2347.005
4495,2347.510
4496,2348.046
4497,2348.599
4498,2349.003
4499,2349.514
4500,2349.945
4501,2350.428
4502,2351.029
4503,2351.481
4504,2351.916
4505,2352.495
4506,2352.933
4507,2353.424
4508,2354.023
4509,2354.537
4510,2354.973
4511,2355.576
4512,2356.012
4513,2356.453
4514,2357.062
4515,2357.511
4516,2358.064
4517,2358.460
4518,2359.090
4519,2359.477
4520,2359.997
4521,2360.442
4522,2361.057
4523,2361.462
4524,2361.935
4525,2362.534
4526,2362.955
4527,2363.586
4528,2364.049
4529,2364.478
4530,2365.034
4531,2365.484
4532,2366.060
4533,2366.427
4534,2366.934
4535,2367.404
4536,2367.912
4537,2368.574
4538,2369.009
4539,2369.500
4540,2369.994
4541,2370.412
4542,2370.982
4543,2371.509
4544,2372.045
4545,2372.573
4546,2373.064
4547,2373.468
4548,2374.085
4549,2374.525
4550,2375.026
4551,2375.558
4552,2375.956
4553,2376.515
4554,2377.001
4555,2377.428
4556,2377.962
4557,2378.444
4558,2378.960
4559,2379.403
4560,2379.997
4561,2380.418
4562,2381.060
4563,2381.442
4564,2381.965
4565,2382.402
4566,2382.971
4567,2383.546
4568,2384.099
4569,2384.480
4570,2385.037
4571,2385.531
4572,2385.912
4573,2386.467
4574,2386.938
4575,2387.506
4576,2388.021
4577,2388.519
4578,2388.901
4579,2389.506
4580,2390.020
4581,2390.444
4582,2391.034
4583,2391.468
4584,2392.010
4585,2392.404
4586,2392.909
4587,2393.483
4588,2394.044
4589,2394.541
4590,2394.979
4591,2395.428
4592,2395.928
4593,2396.534
4594,2397.073
4595,2397.497
4596,2398.023
4597,2398.596
4598,2398.956
4599,2399.443
4600,2399.989
4601,2400.442
4602,2401.076
4603,2401.561
4604,2401.903
4605,2402.462
4606,2403.012
4607,2403.419
4608,2404.068
4609,2404.411
4610,2405.052
4611,2405.471
4612,2406.049
4613,2406.504
4614,2407.089
4615,2407.409
4616,2408.021
4617,2408.502
4618,2409.055
4619,2409.407
4620,2410.042
4621,2410.466
4622,2411.041
4623,2411.532
4624,2412.043
4625,2412.551
4626,2413.047
4627,2413.543
4628,2414.090
4629,2414.504
4630,2414.995
4631,2415.484
4632,2416.052
4633,2416.525
4634,2416.915
4635,2417.548
4636,2417.978
4637,2418.434
4638,2419.043
4639,2419.447
4640,2420.096
4641,2420.554
4642,2420.974
4643,2421.453
4644,2421.917
4645,2422.514
4646,2423.099
4647,2423.452
4648,2423.985
4649,2424.528
4650,2425.057
4651,2425.447
4652,2425.970
4653,2426.417
4654,2427.006
4655,2427.507
4656,2428.090
4657,2428.599
4658,2429.009
4659,2429.517
4660,2429.998
4661,2430.509
4662,2430.944
4663,2431.584
4664,2432.051
4665,2432.538
4666,2433.055
4667,2433.588
4668,2434.081
4669,2434.468
4670,2434.988
4671,2435.534
4672,2436.007
4673,2436.447
4674,2436.996
4675,2437.597
4676,2438.037
4677,2438.484
4678,2439.005
4679,2439.472
4680,2440.093
4681,2440.476
4682,2441.009
4683,2441.523
4684,2442.091
4685,2442.464
4686,2443.036
4687,2443.415
4688,2443.911
4689,2444.457
4690,2445.023
4691,2445.519
4692,2446.010
4693,2446.470
4694,2446.939
4695,2447.416
4696,2447.958
4697,2448.587
4698,2449.000
4699,2449.461
4700,2450.038
4701,2450.465
4702,2450.979
4703,2451.563
4704,2452.006
4705,2452.523
4706,2453.049
4707,2453.565
4708,2453.981
4709,2454.576
4710,2455.064
4711,2455.598
4712,2456.067
4713,2456.580
4714,2456.993
4715,2457.451
4716,2458.086
4717,2458.437
4718,2459.064
4719,2459.499
4720,2460.027
4721,2460.454
4722,2460.942
4723,2461.445
4724,2462.039
4725,2462.437
4726,2463.057
4727,2463.422
4728,2464.023
4729,2464.586
4730,2464.962
4731,2465.462
4732,2466.095
4733,2466.421
4734,2466.928
4735,2467.557
4736,2467.905
4737,2468.496
4738,2469.066
4739,2469.550
4740,2470.022
4741,2470.600
4742,2470.908
4743,2471.542
4744,2471.979
4745,2472.500
4746,2473.042
4747,2473.565
4748,2473.975
4749,2474.437
4750,2474.969
4751,2475.474
4752,2476.078
4753,2476.447
4754,2476.931
4755,2477.414
4756,2477.999
4757,2478.560
4758,2478.922
4759,2479.567
4760,2480.006
4761,2480.552
4762,2480.990
4763,2481.459
4764,2482.066
4765,2482.531
4766,2483.036
4767,2483.403
4768,2484.022
4769,2484.502
4770,2485.026
4771,2485.469
4772,2485.980
4773,2486.509
4774,2486.943
4775,2487.441
4776,2488.008
4777,2488.420
4778,2488.937
4779,2489.590
4780,2489.992
4781,2490.574
4782,2491.036
4783,2491.580
4784,2492.027
4785,2492.535
4786,2493.084
4787,2493.543
4788,2494.025
4789,2494.528
4790,2494.958
4791,2495.505
4792,2495.999
4793,2496.551
4794,2496.959
4795,2497.417
4796,2498.003
4797,2498.590
4798,2498.946
4799,2499.532
4800,2500.087
4801,2500.490
4802,2501.094
4803,2501.572
4804,2501.992
4805,2502.421
4806,2503.036
4807,2503.497
4808,2503.940
4809,2504.502
4810,2505.007
4811,2505.541
4812,2505.961
4813,2506.405
4814,2507.088
4815,2507.479
4816,2508.078
4817,2508.595
4818,2509.076
4819,2509.546
4820,2509.949
4821,2510.418
4822,2510.934
4823,2511.424
4824,2512.035
4825,2512.531
4826,2513.065
4827,2513.520
4828,2513.967
4829,2514.552
4830,2514.979
4831,2515.571
4832,2516.078
4833,2516.454
4834,2516.968
4835,2517.546
4836,2518.093
4837,2518.534
4838,2518.937
4839,2519.574
4840,2519.948
4841,2520.519
4842,2521.027
4843,2521.488
4844,2522.010
4845,2522.411
4846,2522.946
4847,2523.555
4848,2524.057
4849,2524.546
4850,2524.940
4851,2525.413
4852,2525.991
4853,2526.499
4854,2526.957
4855,2527.595
4856,2527.993
4857,2528.462
4858,2528.986
4859,2529.412
4860,2530.091
4861,2530.553
4862,2531.087
4863,2531.487
4864,2531.989
4865,2532.480
4866,2533.012
4867,2533.441
4868,2534.098
4869,2534.436
4870,2535.064
4871,2535.488
4872,2535.963
4873,2536.492
4874,2537.019
4875,2537.530
4876,2537.960
4877,2538.433
4878,2538.978
4879,2539.414
4880,2539.903
4881,2540.563
4882,2541.057
4883,2541.470
4884,2542.090
4885,2542.401
4886,2543.029
4887,2543.540
4888,2544.040
4889,2544.578
4890,2544.922
4891,2545.501
4892,2545.943
4893,2546.543
4894,2546.920
4895,2547.502
4896,2547.935
4897,2548.592
4898,2549.059
4899,2549.583
4900,2549.937
4901,2550.582
4902,2551.073
4903,2551.425
4904,2551.989
4905,2552.484
4906,2553.038
4907,2553.553
4908,2553.971
4909,2554.555
4910,2555.064
4911,2555.404
4912,2556.041
4913,2556.551
4914,2557.062
4915,2557.584
4916,2558.019
4917,2558.479
4918,2558.975
4919,2559.568
4920,2560.022
4921,2560.564
4922,2561.038
4923,2561.401
4924,2562.078
4925,2562.429
4926,2563.064
4927,2563.546
4928,2564.030
4929,2564.510
4930,2564.979
4931,2565.471
4932,2566.027
4933,2566.401
4934,2566.991
4935,2567.550
4936,2567.975
4937,2568.496
4938,2569.007
4939,2569.507
4940,2569.913
4941,2570.573
4942,2571.096
4943,2571.436
4944,2572.073
4945,2572.571
4946,2573.081
4947,2573.407
4948,2574.085
4949,2574.591
4950,2574.932
4951,2575.409
4952,2576.098
4953,2576.575
4954,2576.931
4955,2577.468
4956,2578.065
4957,2578.462
4958,2578.978
4959,2579.517
4960,2579.926
4961,2580.542
4962,2580.967
4963,2581.583
4964,2582.040
4965,2582.476
4966,2582.943
4967,2583.466
4968,2584.009
4969,2584.598
4970,2584.962
4971,2585.420
4972,2586.020
4973,2586.486
4974,2587.008
4975,2587.480
4976,2588.017
4977,2588.592
4978,2588.907
4979,2589.528
4980,2590.088
4981,2590.506
4982,2591.077
4983,2591.411
4984,2592.086
4985,2592.538
4986,2592.990
4987,2593.589
4988,2593.992
4989,2594.428
4990,2594.907
4991,2595.449
4992,2596.094
4993,2596.556
4994,2596.944
4995,2597.415
4996,2598.060
4997,2598.550
4998,2599.011
4999,2599.587
5000,2599.961
5001,2600.587
5002,2601.060
5003,2601.510
5004,2601.940
5005,2602.519
5006,2602.994
5007,2603.455
5008,2604.073
5009,2604.510
5010,2605.043
5011,2605.511
5012,2605.913
5013,2606.559
5014,2606.923
5015,2607.433
5016,2607.907
5017,2608.454
5018,2609.079
5019,2609.419
5020,2609.950
5021,2610.548
5022,2611.003
5023,2611.420
5024,2611.954
5025,2612.562
5026,2613.052
5027,2613.401
5028,2614.064
5029,2614.589
5030,2614.997
5031,2615.468
5032,2616.093
5033,2616.478
5034,2616.964
5035,2617.574
5036,2618.092
5037,2618.531
5038,2619.087
5039,2619.584
5040,2619.910
5041,2620.579
5042,2620.930
5043,2621.506
5044,2621.990
5045,2622.425
5046,2623.005
5047,2623.426
5048,2624.087
5049,2624.430
5050,2625.056
5051,2625.417
5052,2626.023
5053,2626.592
5054,2626.995
5055,2627.589
5056,2627.944
5057,2628.435
5058,2629.093
5059,2629.545
5060,2629.959
5061,2630.436
5062,2630.948
5063,2631.478
5064,2631.942
5065,2632.594
5066,2632.949
5067,2633.469
5068,2634.085
5069,2634.555
5070,2634.907
5071,2635.443
5072,2635.922
5073,2636.515
5074,2636.900
5075,2637.503
5076,2638.016
5077,2638.439
5078,2638.962
5079,2639.492
5080,2640.053
5081,2640.422
5082,2641.059
5083,2641.477
5084,2641.951
5085,2642.554
5086,2643.085
5087,2643.443
5088,2644.094
5089,2644.512
5090,2645.053
5091,2645.575
5092,2646.088
5093,2646.539
5094,2647.076
5095,2647.590
5096,2647.983
5097,2648.554
5098,2649.036
5099,2649.433
5100,2650.049
5101,2650.484
5102,2651.018
5103,2651.496
5104,2652.079
5105,2652.476
5106,2652.958
5107,2653.536
5108,2654.078
5109,2654.523
5110,2654.957
5111,2655.574
5112,2655.925
5113,2656.434
5114,2656.944
5115,2657.411
5116,2658.074
5117,2658.554
5118,2659.026
5119,2659.511
5120,2660.057
5121,2660.504
5122,2660.960
5123,2661.527
5124,2661.957
5125,2662.494
5126,2663.053
5127,2663.509
5128,2663.930
5129,2664.434
5130,2665.060
5131,2665.506
5132,2665.944
5133,2666.509
5134,2667.039
5135,2667.519
5136,2667.930
5137,2668.457
5138,2668.935
5139,2669.425
5140,2669.953
5141,2670.470
5142,2671.009
5143,2671.574
5144,2672.041
5145,2672.486
5146,2672.963
5147,2673.570
5148,2673.902
5149,2674.472
5150,2675.053
5151,2675.491
5152,2675.923
5153,2676.483
5154,2677.034
5155,2677.538
5156,2678.040
5157,2678.524
5158,2678.968
5159,2679.442
5160,2679.910
5161,2680.471
5162,2680.960
5163,2681.515
5164,2682.003
5165,2682.421
5166,2683.091
5167,2683.400
5168,2683.982
5169,2684.523
5170,2684.973
5171,2685.535
5172,2685.988
5173,2686.485
5174,2687.018
5175,2687.407
5176,2687.958
5177,2688.566
5178,2688.996
5179,2689.403
5180,2690.043
5181,2690.434
5182,2691.014
5183,2691.403
5184,2691.972
5185,2692.551
5186,2692.979
5187,2693.495
5188,2693.904
5189,2694.407
5190,2694.965
5191,2695.520
5192,2695.997
5193,2696.541
5194,2696.996
5195,2697.564
5196,2698.007
5197,2698.517
5198,2699.054
5199,2699.411
5200,2700.002
5201,2700.591
5202,2700.905
5203,2701.563
5204,2702.048
5205,2702.507
5206,2702.951
5207,2703.587
5208,2703.924
5209,2704.589
5210,2705.010
5211,2705.460
5212,2706.053
5213,2706.577
5214,2707.032
5215,2707.514
5216,2707.981
5217,2708.505
5218,2708.913
5219,2709.581
5220,2709.965
5221,2710.523
5222,2711.045
5223,2711.406
5224,2711.937
5225,2712.558
5226,2712.945
5227,2713.490
5228,2713.982
5229,2714.581
5230,2714.988
5231,2715.406
5232,2715.963
5233,2716.485
5234,2717.084
5235,2717.597
5236,2718.050
5237,2718.579
5238,2718.981
5239,2719.479
5240,2719.948
5241,2720.416
5242,2721.005
5243,2721.463
5244,2722.095
5245,2722.545
5246,2722.980
5247,2723.484
5248,2723.935
5249,2724.530
5250,2725.013
5251,2725.500
5252,2725.956
5253,2726.585
5254,2727.007
5255,2727.565
5256,2727.916
5257,2728.429
5258,2729.054
5259,2729.517
5260,2729.951
5261,2730.498
5262,2731.021
5263,2731.507
5264,2731.914
5265,2732.544
5266,2733.095
5267,2733.563
5268,2734.095
5269,2734.533
5270,2735.082
5271,2735.539
5272,2735.914
5273,2736.449
5274,2737.042
5275,2737.408
5276,2737.947
5277,2738.446
5278,2738.963
5279,2739.565
5280,2740.086
5281,2740.569
5282,2740.913
5283,2741.417
5284,2742.092
5285,2742.520
5286,2742.993
5287,2743.590
5288,2743.966
5289,2744.536
5290,2744.989
5291,2745.464
5292,2745.971
5293,2746.428
5294,2746.995
5295,2747.457
5296,2747.988
5297,2748.407
5298,2749.025
5299,2749.541
5300,2750.082
5301,2750.446
5302,2750.998
5303,2751.551
5304,2751.915
5305,2752.473
5306,2752.973
5307,2753.444
5308,2754.020
5309,2754.582
5310,2754.982
5311,2755.543
5312,2755.935
5313,2756.497
5314,2756.993
5315,2757.536
5316,2757.989
5317,2758.525
5318,2759.087
5319,2759.530
5320,2760.074
5321,2760.425
5322,2761.066
5323,2761.480
5324,2761.936
5325,2762.511
5326,2763.085
5327,2763.529
5328,2763.950
5329,2764.516
5330,2764.908
5331,2765.545
5332,2766.055
5333,2766.532
5334,2766.998
5335,2767.598
5336,2767.909
5337,2768.546
5338,2768.937
5339,2769.526
5340,2769.902
5341,2770.464
5342,2770.946
5343,2771.579
5344,2771.973
5345,2772.441
5346,2773.072
5347,2773.496
5348,2773.966
5349,2774.436
5350,2774.928
5351,2775.594
5352,2775.908
5353,2776.572
5354,2776.941
5355,2777.591
5356,2778.052
5357,2778.479
5358,2778.936
5359,2779.436
5360,2780.001
5361,2780.508
5362,2780.938
5363,2781.551
5364,2781.907
5365,2782.455
5366,2783.043
5367,2783.451
5368,2783.996
5369,2784.515
5370,2784.956
5371,2785.422
5372,2785.943
5373,2786.560
5374,2786.990
5375,2787.486
5376,2787.981
5377,2788.500
5378,2788.940
5379,2789.478
5380,2789.959
5381,2790.552
5382,2791.025
5383,2791.411
5384,2792.045
5385,2792.453
5386,2793.085
5387,2793.442
5388,2794.039
5389,2794.489
5390,2794.909
5391,2795.566
5392,2795.936
5393,2796.573
5394,2797.057
5395,2797.474
5396,2798.047
5397,2798.566
5398,2799.052
5399,2799.447
5400,2799.912
5401,2800.469
5402,2801.061
5403,2801.574
5404,2802.007
5405,2802.561
5406,2803.068
5407,2803.481
5408,2804.008
5409,2804.577
5410,2805.028
5411,2805.591
5412,2806.054
5413,2806.451
5414,2806.999
5415,2807.469
5416,2808.022
5417,2808.583
5418,2809.019
5419,2809.521
5420,2810.070
5421,2810.541
5422,2811.064
5423,2811.563
5424,2811.916
5425,2812.495
5426,2813.074
5427,2813.466
5428,2813.979
5429,2814.542
5430,2814.902
5431,2815.554
5432,2815.916
5433,2816.407
5434,2816.906
5435,2817.484
5436,2818.065
5437,2818.545
5438,2819.033
5439,2819.529
5440,2820.046
5441,2820.459
5442,2820.991
5443,2821.533
5444,2822.092
5445,2822.407
5446,2822.950
5447,2823.473
5448,2824.050
5449,2824.527
5450,2825.016
5451,2825.454
5452,2825.978
5453,2826.446
5454,2827.061
5455,2827.550
5456,2828.051
5457,2828.517
5458,2828.935
5459,2829.553
5460,2830.023
5461,2830.473
5462,2831.042
5463,2831.405
5464,2831.965
5465,2832.430
5466,2832.989
5467,2833.582
5468,2834.089
5469,2834.408
5470,2834.954
5471,2835.500
5472,2836.073
5473,2836.591
5474,2837.002
5475,2837.427
5476,2838.073
5477,2838.537
5478,2838.987
5479,2839.446
5480,2840.024
5481,2840.433
5482,2840.957
5483,2841.482
5484,2841.901
5485,2842.563
5486,2842.987
5487,2843.473
5488,2844.062
5489,2844.460
5490,2844.996
5491,2845.401
5492,2846.069
5493,2846.559
5494,2847.077
5495,2847.542
5496,2848.024
5497,2848.433
5498,2848.932
5499,2849.567
5500,2849.903
5501,2850.461
5502,2850.992
5503,2851.405
5504,2851.937
5505,2852.423
5506,2853.100
5507,2853.471
5508,2853.903
5509,2854.442
5510,2854.923
5511,2855.524
5512,2856.009
5513,2856.420
5514,2856.966
5515,2857.494
5516,2858.010
5517,2858.590
5518,2859.046
5519,2859.486
5520,2860.034
5521,2860.501
5522,2861.002
5523,2861.457
5524,2862.061
5525,2862.416
5526,2862.931
5527,2863.477
5528,2863.912
5529,2864.469
5530,2865.061
5531,2865.491
5532,2865.941
5533,2866.583
5534,2867.000
5535,2867.537
5536,2867.997
5537,2868.470
5538,2868.921
5539,2869.448
5540,2870.058
5541,2870.591
5542,2871.025
5543,2871.428
5544,2872.036
5545,2872.409
5546,2873.078
5547,2873.525
5548,2873.920
5549,2874.538
5550,2875.077
5551,2875.496
5552,2875.902
5553,2876.428
5554,2876.955
5555,2877.525
5556,2877.914
5557,2878.416
5558,2878.991
5559,2879.488
5560,2880.036
5561,2880.497
5562,2880.963
5563,2881.568
5564,2882.064
5565,2882.473
5566,2883.086
5567,2883.443
5568,2884.040
5569,2884.498
5570,2884.956
5571,2885.515
5572,2885.905
5573,2886.544
5574,2887.045
5575,2887.598
5576,2887.993
5577,2888.411
5578,2888.998
5579,2889.433
5580,2889.999
5581,2890.427
5582,2891.039
5583,2891.485
5584,2891.914
5585,2892.448
5586,2893.062
5587,2893.576
5588,2894.026
5589,2894.520
5590,2895.005
5591,2895.515
5592,2895.913
5593,2896.425
5594,2897.027
5595,2897.548
5596,2898.011
5597,2898.598
5598,2899.049
5599,2899.589
5600,2900.019
5601,2900.420
5602,2901.021
5603,2901.587
5604,2902.010
5605,2902.559
5606,2902.919
5607,2903.517
5608,2904.060
5609,2904.578
5610,2904.904
5611,2905.570
5612,2906.095
5613,2906.467
5614,2907.086
5615,2907.544
5616,2907.908
5617,2908.427
5618,2909.090
5619,2909.442
5620,2910.041
5621,2910.424
5622,2910.980
5623,2911.503
5624,2911.922
5625,2912.489
5626,2913.052
5627,2913.440
5628,2913.986
5629,2914.514
5630,2914.941
5631,2915.400
5632,2915.914
5633,2916.584
5634,2917.008
5635,2917.573
5636,2918.007
5637,2918.404
5638,2918.983
5639,2919.470
5640,2919.997
5641,2920.460
5642,2920.948
5643,2921.475
5644,2921.919
5645,2922.455
5646,2922.998
5647,2923.574
5648,2923.927
5649,2924.562
5650,2925.050
5651,2925.503
5652,2926.089
5653,2926.575
5654,2927.045
5655,2927.565
5656,2927.950
5657,2928.438
5658,2928.914
5659,2929.521
5660,2929.908
5661,2930.404
5662,2931.059
5663,2931.524
5664,2931.939
5665,2932.568
5666,2933.023
5667,2933.512
5668,2934.009
5669,2934.575
5670,2934.922
5671,2935.528
5672,2935.960
5673,2936.415
5674,2937.054
5675,2937.572
5676,2937.982
5677,2938.402
5678,2938.925
5679,2939.556
5680,2940.022
5681,2940.539
5682,2941.074
5683,2941.497
5684,2941.955
5685,2942.540
5686,2942.949
5687,2943.587
5688,2944.028
5689,2944.464
5690,2945.095
5691,2945.530
5692,2945.930
5693,2946.475
5694,2947.006
5695,2947.421
5696,2948.089
5697,2948.519
5698,2948.926
5699,2949.459
5700,2949.986
5701,2950.463
5702,2951.063
5703,2951.550
5704,2951.932
5705,2952.431
5706,2952.938
5707,2953.420
5708,2953.917
5709,2954.569
5710,2954.922
5711,2955.564
5712,2956.080
5713,2956.455
5714,2957.003
5715,2957.409
5716,2958.092
5717,2958.546
5718,2959.023
5719,2959.551
5720,2959.928
5721,2960.586
5722,2961.039
5723,2961.558
5724,2961.920
5725,2962.530
5726,2963.089
5727,2963.500
5728,2964.091
5729,2964.458
5730,2964.925
5731,2965.488
5732,2965.965
5733,2966.513
5734,2967.024
5735,2967.403
5736,2967.914
5737,2968.489
5738,2969.060
5739,2969.543
5740,2969.966
5741,2970.535
5742,2970.910
5743,2971.587
5744,2972.092
5745,2972.489
5746,2973.063
5747,2973.520
5748,2974.026
5749,2974.441
5750,2974.945
5751,2975.555
5752,2976.047
5753,2976.573
5754,2977.089
5755,2977.544
5756,2978.029
5757,2978.596
5758,2978.952
5759,2979.559
5760,2979.905
5761,2980.405
5762,2980.973
5763,2981.535
5764,2982.012
5765,2982.418
5766,2982.993
5767,2983.428
5768,2984.083
5769,2984.472
5770,2985.074
5771,2985.598
5772,2986.003
5773,2986.474
5774,2987.007
5775,2987.527
5776,2987.939
5777,2988.476
5778,2988.921
5779,2989.519
5780,2989.924
5781,2990.427
5782,2990.914
5783,2991.499
5784,2992.033
5785,2992.433
5786,2992.974
5787,2993.532
5788,2993.988
5789,2994.480
5790,2995.004
5791,2995.494
5792,2995.965
5793,2996.489
5794,2997.038
5795,2997.466
5796,2998.076
5797,2998.410
5798,2998.959
5799,2999.507
5800,3000.020
5801,3000.407
5802,3001.047
5803,3001.493
5804,3001.984
5805,3002.551
5806,3002.999
5807,3003.483
5808,3003.974
5809,3004.498
5810,3004.922
5811,3005.587
5812,3006.046
5813,3006.519
5814,3007.049
5815,3007.510
5816,3007.998
5817,3008.556
5818,3008.967
5819,3009.487
5820,3010.061
5821,3010.520
5822,3011.058
5823,3011.470
5824,3011.937
5825,3012.470
5826,3012.913
5827,3013.424
5828,3014.051
5829,3014.499
5830,3014.956
5831,3015.584
5832,3016.058
5833,3016.510
5834,3017.036
5835,3017.514
5836,3018.081
5837,3018.404
5838,3019.072
5839,3019.594
5840,3020.098
5841,3020.559
5842,3021.016
5843,3021.585
5844,3021.990
5845,3022.492
5846,3023.063
5847,3023.585
5848,3023.989
5849,3024.460
5850,3024.930
5851,3025.525
5852,3025.996
5853,3026.511
5854,3026.927
5855,3027.484
5856,3028.093
5857,3028.470
5858,3028.977
5859,3029.408
5860,3030.070
5861,3030.594
5862,3031.090
5863,3031.504
5864,3031.991
5865,3032.486
5866,3033.073
5867,3033.424
5868,3033.969
5869,3034.519
5870,3034.934
5871,3035.551
5872,3036.059
5873,3036.484
5874,3037.056
5875,3037.541
5876,3038.051
5877,3038.453
5878,3038.918
5879,3039.513
5880,3039.951
5881,3040.405
5882,3041.039
5883,3041.590
5884,3041.988
5885,3042.432
5886,3043.099
5887,3043.421
5888,3044.026
5889,3044.458
5890,3045.043
5891,3045.476
5892,3046.047
5893,3046.564
5894,3046.957
5895,3047.465
5896,3048.097
5897,3048.488
5898,3049.060
5899,3049.462
5900,3050.049
5901,3050.555
5902,3050.940
5903,3051.513
5904,3052.041
5905,3052.513
5906,3052.933
5907,3053.437
5908,3054.025
5909,3054.582
5910,3054.963
5911,3055.561
5912,3056.025
5913,3056.447
5914,3056.910
5915,3057.458
5916,3057.930
5917,3058.545
5918,3059.059
5919,3059.579
5920,3059.989
5921,3060.477
5922,3060.904
5923,3061.558
5924,3062.043
5925,3062.465
5926,3062.965
5927,3063.404
5928,3064.083
5929,3064.442
5930,3065.037
5931,3065.521
5932,3065.996
5933,3066.420
5934,3067.015
5935,3067.550
5936,3067.936
5937,3068.457
5938,3069.046
5939,3069.591
5940,3069.921
5941,3070.460
5942,3071.004
5943,3071.529
5944,3071.993
5945,3072.498
5946,3072.997
5947,3073.581
5948,3073.994
5949,3074.559
5950,3075.059
5951,3075.525
5952,3075.926
5953,3076.549
5954,3077.091
5955,3077.569
5956,3078.089
5957,3078.567
5958,3078.993
5959,3079.536
5960,3079.940
5961,3080.560
5962,3080.998
5963,3081.531
5964,3082.059
5965,3082.516
5966,3082.929
5967,3083.477
5968,3083.968
5969,3084.537
5970,3084.993
5971,3085.433
5972,3086.099
5973,3086.550
5974,3087.036
5975,3087.401
5976,3087.907
5977,3088.510
5978,3089.030
5979,3089.552
5980,3090.015
5981,3090.573
5982,3091.079
5983,3091.527
5984,3091.943
5985,3092.471
5986,3092.928
5987,3093.416
5988,3093.995
5989,3094.515
5990,3095.043
5991,3095.440
5992,3095.928
5993,3096.424
5994,3097.039
5995,3097.440
5996,3098.051
5997,3098.553
5998,3098.992
5999,3099.495
6000,3100.037
6001,3100.491
6002,3101.086
6003,3101.465
6004,3102.078
6005,3102.441
6006,3103.069
6007,3103.483
6008,3103.969
6009,3104.439
6010,3105.075
6011,3105.546
6012,3105.960
6013,3106.414
6014,3106.991
6015,3107.467
6016,3107.957
6017,3108.515
6018,3109.018
6019,3109.516
6020,3109.949
6021,3110.413
6022,3110.909
6023,3111.477
6024,3111.936
6025,3112.493
6026,3112.978
6027,3113.460
6028,3114.093
6029,3114.551
6030,3115.061
6031,3115.468
6032,3115.932
6033,3116.577
6034,3117.044
6035,3117.520
6036,3117.999
6037,3118.443
6038,3118.950
6039,3119.465
6040,3119.930
6041,3120.424
6042,3121.024
6043,3121.594
6044,3121.910
6045,3122.554
6046,3122.936
6047,3123.508
6048,3124.067
6049,3124.476
6050,3125.039
6051,3125.403
6052,3126.010
6053,3126.446
6054,3127.063
6055,3127.497
6056,3127.984
6057,3128.469
6058,3128.972
6059,3129.486
6060,3130.050
6061,3130.418
6062,3131.020
6063,3131.494
6064,3131.919
6065,3132.441
6066,3133.044
6067,3133.582
6068,3134.040
6069,3134.442
6070,3134.925
6071,3135.571
6072,3135.906
6073,3136.535
6074,3136.963
6075,3137.459
6076,3138.024
6077,3138.520
6078,3139.072
6079,3139.510
6080,3140.090
6081,3140.458
6082,3140.986
6083,3141.589
6084,3142.069
6085,3142.510
6086,3143.090
6087,3143.493
6088,3143.928
6089,3144.485
6090,3144.967
6091,3145.578
6092,3146.017
6093,3146.567
6094,3147.089
6095,3147.558
6096,3147.938
6097,3148.580
6098,3148.922
6099,3149.572
6100,3150.051
6101,3150.580
6102,3151.088
6103,3151.537
6104,3152.065
6105,3152.556
6106,3152.943
6107,3153.557
6108,3154.024
6109,3154.575
6110,3154.990
6111,3155.484
6112,3155.949
6113,3156.569
6114,3157.018
6115,3157.593
6116,3157.921
6117,3158.414
6118,3158.914
6119,3159.483
6120,3160.050
6121,3160.433
6122,3160.922
6123,3161.530
6124,3161.906
6125,3162.491
6126,3163.029
6127,3163.416
6128,3164.085
6129,3164.422
6130,3164.959
6131,3165.416
6132,3165.983
6133,3166.561
6134,3167.082
6135,3167.578
6136,3167.926
6137,3168.554
6138,3169.047
6139,3169.462
6140,3170.098
6141,3170.508
6142,3170.927
6143,3171.598
6144,3172.071
6145,3172.494
6146,3172.978
6147,3173.456
6148,3174.029
6149,3174.567
6150,3175.016
6151,3175.413
6152,3175.983
6153,3176.581
6154,3177.020
6155,3177.481
6156,3177.913
6157,3178.595
6158,3178.964
6159,3179.546
6160,3179.933
6161,3180.459
6162,3181.047
6163,3181.550
6164,3182.063
6165,3182.576
6166,3183.025
6167,3183.539
6168,3184.088
6169,3184.487
6170,3185.017
6171,3185.587
6172,3185.969
6173,3186.470
6174,3186.915
6175,3187.435
6176,3187.901
6177,3188.447
6178,3188.946
6179,3189.464
6180,3189.904
6181,3190.429
6182,3191.050
6183,3191.481
6184,3192.015
6185,3192.408
6186,3193.090
6187,3193.571
6188,3193.917
6189,3194.561
6190,3195.054
6191,3195.442
6192,3195.921
6193,3196.461
6194,3196.991
6195,3197.423
6196,3197.951
6197,3198.436
6198,3199.085
6199,3199.460
6200,3199.934
6201,3200.532
6202,3200.973
6203,3201.509
6204,3202.080
6205,3202.465
6206,3202.923
6207,3203.588
6208,3203.951
6209,3204.545
6210,3204.930
6211,3205.528
6212,3206.034
6213,3206.496
6214,3207.097
6215,3207.542
6216,3207.934
6217,3208.571
6218,3208.990
6219,3209.483
6220,3210.065
6221,3210.412
6222,3210.943
6223,3211.494
6224,3212.085
6225,3212.520
6226,3212.960
6227,3213.567
6228,3213.996
6229,3214.434
6230,3214.920
6231,3215.497
6232,3215.962
6233,3216.490
6234,3217.027
6235,3217.509
6236,3218.041
6237,3218.592
6238,3218.927
6239,3219.596
6240,3219.900
6241,3220.488
6242,3220.945
6243,3221.578
6244,3222.040
6245,3222.426
6246,3223.052
6247,3223.547
6248,3224.065
6249,3224.542
6250,3224.973
6251,3225.545
6252,3226.011
6253,3226.576
6254,3226.981
6255,3227.410
6256,3227.936
6257,3228.465
6258,3228.993
6259,3229.448
6260,3229.996
6261,3230.557
6262,3231.078
6263,3231.483
6264,3232.010
6265,3232.501
6266,3232.917
6267,3233.449
6268,3233.976
6269,3234.564
6270,3234.994
6271,3235.520
6272,3236.082
6273,3236.546
6274,3237.081
6275,3237.499
6276,3237.952
6277,3238.578
6278,3238.934
6279,3239.532
6280,3240.025
6281,3240.590
6282,3241.087
6283,3241.437
6284,3241.900
6285,3242.531
6286,3243.051
6287,3243.590
6288,3244.079
6289,3244.573
6290,3244.964
6291,3245.502
6292,3246.059
6293,3246.441
6294,3247.068
6295,3247.562
6296,3248.023
6297,3248.565
6298,3249.085
6299,3249.559
6300,3250.093
6301,3250.458
6302,3250.934
6303,3251.464
6304,3251.919
6305,3252.428
6306,3253.035
6307,3253.406
6308,3254.036
6309,3254.475
6310,3255.086
6311,3255.523
6312,3255.972
6313,3256.584
6314,3256.929
6315,3257.455
6316,3258.096
6317,3258.512
6318,3259.099
6319,3259.408
6320,3259.936
6321,3260.409
6322,3261.074
6323,3261.509
6324,3262.074
6325,3262.566
6326,3263.049
6327,3263.469
6328,3264.092
6329,3264.434
6330,3264.993
6331,3265.507
6332,3265.977
6333,3266.486
6334,3266.966
6335,3267.504
6336,3267.901
6337,3268.476
6338,3269.063
6339,3269.416
6340,3270.038
6341,3270.480
6342,3271.066
6343,3271.529
6344,3271.924
6345,3272.447
6346,3273.067
6347,3273.489
6348,3274.021
6349,3274.548
6350,3274.990
6351,3275.569
6352,3275.992
6353,3276.580
6354,3276.976
6355,3277.502
6356,3277.999
6357,3278.457
6358,3279.093
6359,3279.495
6360,3279.964
6361,3280.478
6362,3280.975
6363,3281.461
6364,3281.940
6365,3282.562
6366,3282.960
6367,3283.481
6368,3283.954
6369,3284.563
6370,3284.980
6371,3285.460
6372,3286.041
6373,3286.416
6374,3287.063
6375,3287.509
6376,3287.952
6377,3288.408
6378,3289.023
6379,3289.401
6380,3290.096
6381,3290.514
6382,3291.077
6383,3291.416
6384,3292.051
6385,3292.523
6386,3293.071
6387,3293.415
6388,3294.024
6389,3294.566
6390,3295.093
6391,3295.528
6392,3296.065
6393,3296.411
6394,3296.917
6395,3297.533
6396,3298.082
6397,3298.512
6398,3298.919
6399,3299.527
