idx,is_error,is_admin
0,false,false
1,true,true
2,true,false
3,true,false
4,true,false
5,true,false
6,true,true
7,true,false
8,true,false
9,true,true
10,true,false
11,true,false
12,false,false
13,true,false
14,true,false
15,true,true
16,true,false
17,true,false
18,true,false
19,true,false
20,true,false
21,true,true
22,true,false
23,true,false
24,true,false
25,true,false
26,true,false
27,true,false
28,true,false
29,true,false
30,true,false
31,true,false
32,true,false
33,true,false
34,true,false
35,true,false
36,true,false
37,true,false
38,true,false
39,false,false
40,true,true
41,true,false
42,false,false
43,true,false
44,true,false
45,true,false
46,true,false
47,false,false
48,true,false
49,true,false
50,true,false
51,true,false
52,true,false
53,true,false
54,true,false
55,true,false
56,true,false
57,true,false
58,true,false
59,false,true
60,true,false
61,true,false
62,true,false
63,true,true
64,true,false
65,true,false
66,true,false
67,true,false
68,true,true
69,true,false
70,true,false
71,true,false
72,true,false
73,true,false
74,true,false
75,true,false
76,true,false
77,true,false
78,true,false
79,true,false
80,true,false
81,true,false
82,true,false
83,true,false
84,true,false
85,true,false
86,true,false
87,true,false
88,true,false
89,true,false
90,false,false
91,true,false
92,true,false
93,true,false
94,true,false
95,true,false
96,true,true
97,false,false
98,true,false
99,false,false
100,true,false
101,true,false
102,true,false
103,true,false
104,true,false
105,true,false
106,true,true
107,true,false
108,true,false
109,true,false
110,true,false
111,true,false
112,true,false
113,true,false
114,false,false
115,true,false
116,true,false
117,true,false
118,true,false
119,true,false
120,true,true
121,true,false
122,true,false
123,true,false
124,true,false
125,true,false
126,true,false
127,false,false
128,true,false
129,true,false
130,false,false
131,true,true
132,true,false
133,true,true
134,true,false
135,false,false
136,true,false
137,true,false
138,true,true
139,true,false
140,true,false
141,true,false
142,true,false
143,true,false
144,true,false
145,true,false
146,true,false
147,true,false
148,true,false
149,true,false
150,false,true
151,true,false
152,false,false
153,true,false
154,true,false
155,false,false
156,true,false
157,true,true
158,true,false
159,false,false
160,true,false
161,true,false
162,true,false
163,true,false
164,true,true
165,true,false
166,true,true
167,true,false
168,false,true
169,true,false
170,true,false
171,true,false
172,true,false
173,true,false
174,true,false
175,true,false
176,true,false
177,true,false
178,true,false
179,true,false
180,true,false
181,true,false
182,true,false
183,true,false
184,true,false
185,true,false
186,true,false
187,true,false
188,true,false
189,false,false
190,true,false
191,true,false
192,true,false
193,true,true
194,true,false
195,true,false
196,true,false
197,true,true
198,true,false
199,true,false
200,true,false
201,true,false
202,true,true
203,false,false
204,true,false
205,true,false
206,true,false
207,true,false
208,true,false
209,true,false
210,true,false
211,false,true
212,true,false
213,true,false
214,true,false
215,true,false
216,false,false
217,false,false
218,true,false
219,true,false
220,true,false
221,true,false
222,true,false
223,true,false
224,true,false
225,true,false
226,true,true
227,true,false
228,false,false
229,true,false
230,true,false
231,true,false
232,false,false
233,true,false
234,true,false
235,true,false
236,false,false
237,true,false
238,false,false
239,true,false
240,true,false
241,true,false
242,true,true
243,true,false
244,true,false
245,true,false
246,true,false
247,true,false
248,true,false
249,true,false
250,true,false
251,true,false
252,true,false
253,false,false
254,true,false
255,true,false
256,true,false
257,true,false
258,true,true
259,true,false
260,false,false
261,true,false
262,true,false
263,true,true
264,true,false
265,true,false
266,true,false
267,true,false
268,true,false
269,true,false
270,true,false
271,true,false
272,true,false
273,false,false
274,true,false
275,true,false
276,true,false
277,true,true
278,true,false
279,false,true
280,true,false
281,true,true
282,true,false
283,true,false
284,true,false
285,true,true
286,true,false
287,true,false
288,true,false
289,true,false
290,true,true
291,true,false
292,true,false
293,true,true
294,true,false
295,true,false
296,true,false
297,true,false
298,true,false
299,true,false
300,false,false
301,true,false
302,true,false
303,true,true
304,true,false
305,true,false
306,false,false
307,true,false
308,true,false
309,false,true
310,true,false
311,true,false
312,false,false
313,true,false
314,true,false
315,true,true
316,true,true
317,true,false
318,true,false
319,false,true
320,true,false
321,true,true
322,true,false
323,true,false
324,true,false
325,true,false
326,false,false
327,false,false
328,true,false
329,true,false
330,true,false
331,true,false
332,true,false
333,true,false
334,true,false
335,true,false
336,true,false
337,true,true
338,true,false
339,false,false
340,true,false
341,true,false
342,true,false
343,true,true
344,true,false
345,true,false
346,true,false
347,true,false
348,true,false
349,true,false
350,true,false
351,true,false
352,true,false
353,true,false
354,false,false
355,true,false
356,true,false
357,true,false
358,true,false
359,true,false
360,true,false
361,true,false
362,true,false
363,true,false
364,true,true
365,true,false
366,true,false
367,true,false
368,true,true
369,true,false
370,true,false
371,false,false
372,true,false
373,true,false
374,true,false
375,true,false
376,true,false
377,true,false
378,true,false
379,true,false
380,true,true
381,false,false
382,true,false
383,true,true
384,true,false
385,true,false
386,true,false
387,true,false
388,true,false
389,true,false
390,true,false
391,true,false
392,true,false
393,true,false
394,true,false
395,true,false
396,true,false
397,true,false
398,true,false
399,true,false
400,true,false
401,true,false
402,true,false
403,false,false
404,true,false
405,true,false
406,true,false
407,true,false
408,true,false
409,true,false
410,true,false
411,true,false
412,true,false
413,true,false
414,true,false
415,true,false
416,true,true
417,true,false
418,true,false
419,true,false
420,true,false
421,true,false
422,true,true
423,true,false
424,true,false
425,false,false
426,true,false
427,true,false
428,true,false
429,false,true
430,false,false
431,true,false
432,true,false
433,true,false
434,true,false
435,true,true
436,true,true
437,true,false
438,true,false
439,true,false
440,true,false
441,true,false
442,false,false
443,true,false
444,true,false
445,true,false
446,true,true
447,true,false
448,true,false
449,false,false
450,true,false
451,true,false
452,true,false
453,true,false
454,true,false
455,true,false
456,true,true
457,true,true
458,true,false
459,false,false
460,true,false
461,true,false
462,true,true
463,true,false
464,true,false
465,true,false
466,true,false
467,true,false
468,true,false
469,true,false
470,true,false
471,true,false
472,true,false
473,true,false
474,true,false
475,true,true
476,true,false
477,true,false
478,false,false
479,true,false
480,true,false
481,true,false
482,false,false
483,true,false
484,true,false
485,true,false
486,true,false
487,false,false
488,false,false
489,true,false
490,true,false
491,true,false
492,true,true
493,true,true
494,true,false
495,true,false
496,true,false
497,true,false
498,true,false
499,true,false
500,true,false
501,true,false
502,true,false
503,true,false
504,true,true
505,true,false
506,true,false
507,true,true
508,true,false
509,true,false
510,true,false
511,true,false
512,true,false
513,true,false
514,true,false
515,true,false
516,true,false
517,true,false
518,true,false
519,true,false
520,true,false
521,true,false
522,true,false
523,true,true
524,true,false
525,true,false
526,true,false
527,true,false
528,true,false
529,true,false
530,true,false
531,true,false
532,true,false
533,true,false
534,true,false
535,false,false
536,true,false
537,true,false
538,true,true
539,true,false
540,true,false
541,true,false
542,true,false
543,true,false
544,true,true
545,true,false
546,true,false
547,true,false
548,false,false
549,true,false
550,true,false
551,true,false
552,true,true
553,true,false
554,true,false
555,true,false
556,true,false
557,true,false
558,true,false
559,true,true
560,true,false
561,true,false
562,true,false
563,true,false
564,true,false
565,true,false
566,true,false
567,true,false
568,true,true
569,true,false
570,true,false
571,true,true
572,false,false
573,true,false
574,true,false
575,true,false
576,true,false
577,true,false
578,true,false
579,true,true
580,true,false
581,true,false
582,true,false
583,true,false
584,true,false
585,true,true
586,false,true
587,true,false
588,false,false
589,true,false
590,true,false
591,true,false
592,true,false
593,true,true
594,true,false
595,false,false
596,true,false
597,false,false
598,true,false
599,true,false
600,true,false
601,true,true
602,true,false
603,true,false
604,true,false
605,true,false
606,true,false
607,true,false
608,true,false
609,true,false
610,true,false
611,true,false
612,true,false
613,false,false
614,true,false
615,true,false
616,true,false
617,true,false
618,true,false
619,false,false
620,true,true
621,true,false
622,false,false
623,true,false
624,true,false
625,false,false
626,true,false
627,false,false
628,true,false
629,true,false
630,true,false
631,true,false
632,true,false
633,true,false
634,true,false
635,true,true
636,true,true
637,true,false
638,true,false
639,true,false
640,true,false
641,true,true
642,true,false
643,true,false
644,false,false
645,true,false
646,true,false
647,true,false
648,true,false
649,true,false
650,true,false
651,true,false
652,true,false
653,true,false
654,true,true
655,true,true
656,true,true
657,true,false
658,true,false
659,true,false
660,true,false
661,true,false
662,true,true
663,true,false
664,true,false
665,true,false
666,true,false
667,true,false
668,true,false
669,true,true
670,true,false
671,true,false
672,true,false
673,true,false
674,true,false
675,true,false
676,true,false
677,true,false
678,true,false
679,true,false
680,true,false
681,true,false
682,true,false
683,true,false
684,true,false
685,false,false
686,false,false
687,true,false
688,true,false
689,true,false
690,true,false
691,true,false
692,true,false
693,true,false
694,true,true
695,true,false
696,true,false
697,true,false
698,true,false
699,true,false
700,true,false
701,true,false
702,true,true
703,true,false
704,false,false
705,true,false
706,false,false
707,true,true
708,true,false
709,false,false
710,true,false
711,true,false
712,true,true
713,true,false
714,true,false
715,true,false
716,true,false
717,true,false
718,true,false
719,true,false
720,true,false
721,true,false
722,true,false
723,true,false
724,true,false
725,true,false
726,true,false
727,true,true
728,true,false
729,true,false
730,true,false
731,true,false
732,true,false
733,true,true
734,true,false
735,true,false
736,true,true
737,true,false
738,true,false
739,true,false
740,true,false
741,true,true
742,true,false
743,true,false
744,false,false
745,true,false
746,true,false
747,true,false
748,true,false
749,true,false
750,true,false
751,true,false
752,true,true
753,true,false
754,true,false
755,true,true
756,true,false
757,true,false
758,true,false
759,true,false
760,true,false
761,true,false
762,true,false
763,false,false
764,true,false
765,true,false
766,true,false
767,true,false
768,true,false
769,true,false
770,true,false
771,true,false
772,true,false
773,true,false
774,true,false
775,true,false
776,true,false
777,true,false
778,true,false
779,true,false
780,true,false
781,true,false
782,true,false
783,true,false
784,true,false
785,true,false
786,true,true
787,true,false
788,true,false
789,true,false
790,true,false
791,true,false
792,true,false
793,true,false
794,true,false
795,true,false
796,true,true
797,true,false
798,true,false
799,true,false
800,true,false
801,true,false
802,true,false
803,true,false
804,true,false
805,true,false
806,true,false
807,true,true
808,true,false
809,true,false
810,true,false
811,true,false
812,true,false
813,true,false
814,true,false
815,true,false
816,true,false
817,true,false
818,true,false
819,true,false
820,true,true
821,true,false
822,true,false
823,true,false
824,true,true
825,true,false
826,true,false
827,true,false
828,true,false
829,true,false
830,true,false
831,true,false
832,false,false
833,true,false
834,true,false
835,true,false
836,true,false
837,true,false
838,true,false
839,true,false
840,true,false
841,false,false
842,true,false
843,false,false
844,true,false
845,true,false
846,true,false
847,true,true
848,true,false
849,false,false
850,true,false
851,true,false
852,true,false
853,true,false
854,true,false
855,true,false
856,true,false
857,true,true
858,true,false
859,true,true
860,true,false
861,true,false
862,true,false
863,true,false
864,true,false
865,true,false
866,true,false
867,true,true
868,true,false
869,true,false
870,true,false
871,true,false
872,true,false
873,true,false
874,true,false
875,true,false
876,true,false
877,false,false
878,true,false
879,true,true
880,true,false
881,true,false
882,true,false
883,true,false
884,true,false
885,true,false
886,true,false
887,true,false
888,true,false
889,true,false
890,true,false
891,false,false
892,true,false
893,true,false
894,true,false
895,true,false
896,true,false
897,true,false
898,true,false
899,true,false
900,true,false
901,true,false
902,false,false
903,true,false
904,true,false
905,true,false
906,true,true
907,false,false
908,true,false
909,true,false
910,true,false
911,true,false
912,true,false
913,true,true
914,true,false
915,true,false
916,false,false
917,true,false
918,true,false
919,true,false
920,true,false
921,true,false
922,true,false
923,true,false
924,true,false
925,true,false
926,true,false
927,true,false
928,true,false
929,true,false
930,true,false
931,true,false
932,true,false
933,true,false
934,true,false
935,true,false
936,true,false
937,false,false
938,true,false
939,true,false
940,true,false
941,true,false
942,true,false
943,true,true
944,true,false
945,true,false
946,true,false
947,true,false
948,true,false
949,true,false
950,true,false
951,true,false
952,false,false
953,true,false
954,true,false
955,true,false
956,true,false
957,true,false
958,true,false
959,true,false
960,false,false
961,true,false
962,true,false
963,false,false
964,true,true
965,true,false
966,true,false
967,false,false
968,false,false
969,true,false
970,true,true
971,true,false
972,true,false
973,true,false
974,true,true
975,true,false
976,true,false
977,true,false
978,true,false
979,true,true
980,true,false
981,true,true
982,true,false
983,true,false
984,true,false
985,true,false
986,true,false
987,true,false
988,true,false
989,false,false
990,true,false
991,true,true
992,true,false
993,true,false
994,true,false
995,true,false
996,true,false
997,true,false
998,true,false
999,true,false
1000,true,false
1001,true,false
1002,true,false
1003,true,false
1004,true,false
1005,true,false
1006,true,false
1007,true,false
1008,true,false
1009,false,false
1010,true,false
1011,true,false
1012,true,false
1013,true,false
1014,false,false
1015,true,false
1016,true,false
1017,true,false
1018,true,false
1019,true,false
1020,true,false
1021,true,false
1022,true,true
1023,true,false
1024,true,false
1025,true,false
1026,true,true
1027,true,false
1028,true,true
1029,true,false
1030,true,false
1031,true,false
1032,true,false
1033,true,true
1034,true,false
1035,true,false
1036,false,false
1037,true,false
1038,true,false
1039,true,true
1040,true,false
1041,true,false
1042,true,true
1043,false,true
1044,true,false
1045,true,false
1046,true,true
1047,true,false
1048,true,false
1049,true,false
1050,false,false
1051,true,false
1052,false,false
1053,true,false
1054,false,false
1055,true,false
1056,true,true
1057,true,false
1058,true,false
1059,true,false
1060,false,true
1061,true,true
1062,true,false
1063,true,false
1064,true,false
1065,true,false
1066,true,false
1067,true,false
1068,false,false
1069,true,false
1070,true,false
1071,true,false
1072,true,false
1073,true,false
1074,true,false
1075,true,false
1076,true,false
1077,true,false
1078,false,false
1079,true,true
1080,true,false
1081,true,false
1082,true,false
1083,true,false
1084,true,false
1085,true,false
1086,true,false
1087,true,false
1088,true,false
1089,true,true
1090,true,false
1091,false,false
1092,true,false
1093,true,false
1094,true,false
1095,false,false
1096,true,false
1097,false,false
1098,true,false
1099,true,false
1100,true,false
1101,true,false
1102,false,false
1103,true,false
1104,true,false
1105,true,false
1106,true,false
1107,true,false
1108,true,true
1109,true,false
1110,true,true
1111,true,false
1112,true,false
1113,true,false
1114,true,false
1115,true,false
1116,true,false
1117,true,false
1118,true,false
1119,true,false
1120,false,false
1121,true,false
1122,true,false
1123,true,false
1124,true,false
1125,true,false
1126,true,false
1127,true,false
1128,true,false
1129,true,false
1130,true,false
1131,true,false
1132,true,false
1133,true,true
1134,true,true
1135,true,true
1136,true,false
1137,true,false
1138,true,false
1139,true,false
1140,true,true
1141,true,false
1142,true,false
1143,true,false
1144,true,false
1145,true,false
1146,true,false
1147,true,false
1148,true,false
1149,true,false
1150,true,false
1151,true,false
1152,true,false
1153,true,false
1154,true,true
1155,false,false
1156,true,false
1157,true,false
1158,true,false
1159,true,false
1160,false,false
1161,true,false
1162,true,false
1163,true,false
1164,false,false
1165,false,false
1166,true,false
1167,true,false
1168,true,false
1169,true,false
1170,true,false
1171,true,false
1172,true,false
1173,true,false
1174,true,true
1175,true,false
1176,true,false
1177,true,false
1178,true,false
1179,true,false
1180,true,false
1181,true,false
1182,true,false
1183,true,false
1184,true,false
1185,true,false
1186,false,false
1187,true,false
1188,true,false
1189,true,false
1190,true,false
1191,true,false
1192,true,false
1193,true,false
1194,true,false
1195,true,false
1196,true,false
1197,true,false
1198,true,false
1199,false,false
1200,true,false
1201,false,false
1202,true,true
1203,true,false
1204,true,false
1205,true,false
1206,false,false
1207,true,false
1208,true,false
1209,true,true
1210,true,false
1211,true,false
1212,true,true
1213,true,false
1214,true,false
1215,true,false
1216,true,false
1217,true,false
1218,true,false
1219,true,false
1220,true,false
1221,true,false
1222,true,false
1223,true,false
1224,true,false
1225,true,false
1226,true,false
1227,true,false
1228,true,false
1229,true,false
1230,true,false
1231,true,false
1232,true,false
1233,true,false
1234,true,false
1235,true,false
1236,true,false
1237,true,true
1238,true,false
1239,true,false
1240,true,false
1241,true,false
1242,true,false
1243,true,false
1244,true,false
1245,true,false
1246,true,false
1247,true,false
1248,true,false
1249,true,false
1250,true,false
1251,true,false
1252,true,false
1253,true,false
1254,true,false
1255,false,false
1256,true,false
1257,true,true
1258,true,false
1259,true,false
1260,true,false
1261,true,false
1262,true,false
1263,true,true
1264,true,false
1265,true,false
1266,true,false
1267,true,false
1268,true,false
1269,false,false
1270,true,false
1271,true,false
1272,false,false
1273,true,false
1274,false,false
1275,true,false
1276,false,false
1277,true,false
1278,true,true
1279,true,true
1280,true,false
1281,true,false
1282,true,false
1283,true,false
1284,true,false
1285,true,true
1286,true,false
1287,false,false
1288,true,false
1289,false,true
1290,false,false
1291,true,true
1292,true,false
1293,true,false
1294,true,false
1295,true,false
1296,true,false
1297,true,true
1298,true,false
1299,true,false
1300,true,true
1301,true,false
1302,true,false
1303,true,false
1304,true,false
1305,true,false
1306,true,false
1307,true,false
1308,true,true
1309,true,false
1310,false,false
1311,true,false
1312,true,false
1313,true,false
1314,true,false
1315,false,false
1316,false,false
1317,true,false
1318,true,false
1319,true,false
1320,true,false
1321,true,false
1322,true,false
1323,true,false
1324,true,false
1325,true,false
1326,false,false
1327,true,false
1328,true,false
1329,true,false
1330,true,false
1331,true,false
1332,true,false
1333,true,true
1334,true,false
1335,true,false
1336,true,true
1337,true,false
1338,true,false
1339,true,false
1340,true,false
1341,true,false
1342,true,false
1343,true,false
1344,true,false
1345,true,false
1346,true,false
1347,true,false
1348,true,false
1349,true,false
1350,true,false
1351,true,false
1352,true,false
1353,true,false
1354,true,false
1355,true,false
1356,true,true
1357,true,false
1358,true,true
1359,true,false
1360,true,false
1361,true,false
1362,true,false
1363,true,false
1364,true,false
1365,true,false
1366,false,false
1367,true,false
1368,true,false
1369,true,false
1370,false,false
1371,true,false
1372,true,false
1373,false,false
1374,true,false
1375,true,false
1376,true,false
1377,true,false
1378,true,false
1379,true,false
1380,true,false
1381,true,true
1382,true,false
1383,true,false
1384,false,false
1385,true,false
1386,true,false
1387,true,false
1388,true,false
1389,true,false
1390,true,false
1391,true,false
1392,true,false
1393,true,false
1394,true,false
1395,true,false
1396,true,false
1397,false,false
1398,true,false
1399,true,false
1400,true,false
1401,true,false
1402,true,false
1403,true,false
1404,true,false
1405,true,true
1406,true,false
1407,true,false
1408,true,false
1409,true,false
1410,true,false
1411,true,false
1412,true,false
1413,true,true
1414,true,false
1415,true,true
1416,true,false
1417,true,false
1418,true,false
1419,false,false
1420,true,false
1421,true,false
1422,true,false
1423,true,true
1424,true,false
1425,true,false
1426,false,false
1427,true,false
1428,true,false
1429,true,false
1430,true,false
1431,true,false
1432,true,false
1433,true,false
1434,true,false
1435,true,false
1436,false,false
1437,true,true
1438,true,false
1439,true,false
1440,true,false
1441,true,false
1442,false,false
1443,true,false
1444,true,false
1445,true,false
1446,true,false
1447,true,false
1448,true,false
1449,true,false
1450,true,false
1451,true,false
1452,true,false
1453,false,false
1454,true,false
1455,true,true
1456,true,false
1457,true,false
1458,false,true
1459,true,false
1460,false,false
1461,true,false
1462,true,true
1463,true,false
1464,false,false
1465,false,false
1466,true,false
1467,true,true
1468,true,false
1469,true,false
1470,false,false
1471,true,false
1472,true,false
1473,true,false
1474,true,false
1475,true,false
1476,false,false
1477,true,false
1478,true,false
1479,true,false
1480,true,false
1481,true,false
1482,true,false
1483,true,false
1484,true,false
1485,true,false
1486,false,false
1487,true,false
1488,true,false
1489,true,false
1490,true,false
1491,true,false
1492,true,false
1493,true,false
1494,true,false
1495,true,false
1496,true,false
1497,true,false
1498,true,false
1499,true,true
1500,true,false
1501,true,false
1502,true,false
1503,true,false
1504,true,true
1505,true,false
1506,true,false
1507,true,true
1508,true,false
1509,true,true
1510,false,false
1511,true,false
1512,true,false
1513,true,false
1514,true,false
1515,true,false
1516,true,true
1517,true,true
1518,true,false
1519,true,false
1520,true,false
1521,true,false
1522,true,false
1523,false,true
1524,false,false
1525,true,false
1526,true,false
1527,true,false
1528,true,false
1529,true,false
1530,true,false
1531,true,false
1532,true,false
1533,true,true
1534,true,false
1535,true,false
1536,true,false
1537,true,false
1538,true,false
1539,true,false
1540,true,false
1541,false,false
1542,true,true
1543,true,false
1544,false,true
1545,true,false
1546,true,false
1547,true,false
1548,true,false
1549,true,false
1550,true,false
1551,true,false
1552,false,true
1553,false,false
1554,true,false
1555,false,true
1556,true,false
1557,true,false
1558,true,false
1559,false,true
1560,true,false
1561,true,false
1562,true,false
1563,true,false
1564,false,true
1565,true,false
1566,true,false
1567,true,false
1568,true,false
1569,false,false
1570,true,false
1571,true,false
1572,true,false
1573,false,false
1574,true,false
1575,false,false
1576,true,false
1577,true,false
1578,true,false
1579,true,false
1580,true,false
1581,true,false
1582,true,false
1583,true,false
1584,true,true
1585,true,false
1586,true,false
1587,true,true
1588,true,false
1589,true,false
1590,true,false
1591,true,false
1592,false,false
1593,true,false
1594,true,false
1595,true,true
1596,true,true
1597,true,false
1598,true,false
1599,true,false
1600,true,false
1601,true,false
1602,true,false
1603,false,false
1604,true,false
1605,false,false
1606,true,false
1607,true,false
1608,true,false
1609,true,false
1610,true,false
1611,true,false
1612,true,false
1613,true,false
1614,true,false
1615,true,false
1616,true,false
1617,true,false
1618,true,false
1619,true,false
1620,true,false
1621,true,false
1622,true,false
1623,true,false
1624,true,false
1625,false,false
1626,true,false
1627,true,false
1628,true,false
1629,false,false
1630,true,false
1631,true,false
1632,true,true
1633,true,false
1634,false,false
1635,true,false
1636,true,false
1637,true,false
1638,true,false
1639,true,false
1640,true,false
1641,true,false
1642,true,false
1643,true,true
1644,true,false
1645,true,false
1646,true,false
1647,true,false
1648,true,false
1649,true,false
1650,true,false
1651,true,false
1652,true,false
1653,true,false
1654,false,false
1655,true,false
1656,true,false
1657,true,false
1658,false,false
1659,true,false
1660,true,false
1661,true,true
1662,true,false
1663,true,false
1664,true,false
1665,true,false
1666,true,false
1667,true,false
1668,false,false
1669,true,true
1670,true,false
1671,true,false
1672,true,false
1673,true,false
1674,true,true
1675,true,false
1676,true,false
1677,true,false
1678,true,false
1679,true,false
1680,true,false
1681,true,false
1682,true,false
1683,true,true
1684,true,false
1685,true,false
1686,false,false
1687,true,false
1688,true,false
1689,true,false
1690,true,false
1691,true,false
1692,true,false
1693,true,true
1694,true,false
1695,true,false
1696,false,false
1697,false,false
1698,true,false
1699,true,true
1700,true,false
1701,true,false
1702,true,false
1703,true,false
1704,true,false
1705,true,false
1706,true,false
1707,true,false
1708,true,false
1709,true,false
1710,true,false
1711,true,true
1712,true,false
1713,true,false
1714,true,true
1715,true,false
1716,true,false
1717,false,false
1718,true,false
1719,true,false
1720,true,false
1721,true,false
1722,true,false
1723,true,false
1724,true,false
1725,true,false
1726,true,false
1727,true,true
1728,true,false
1729,true,false
1730,true,false
1731,true,false
1732,true,false
1733,true,false
1734,true,false
1735,true,false
1736,true,false
1737,true,false
1738,true,false
1739,true,true
1740,true,false
1741,false,false
1742,false,false
1743,true,false
1744,true,false
1745,true,false
1746,true,false
1747,true,true
1748,true,false
1749,false,false
1750,true,false
1751,true,false
1752,true,false
1753,true,false
1754,true,false
1755,true,false
1756,true,false
1757,true,false
1758,false,false
1759,true,false
1760,false,false
1761,false,false
1762,true,false
1763,true,false
1764,true,false
1765,false,false
1766,true,false
1767,true,false
1768,true,true
1769,true,false
1770,true,false
1771,true,false
1772,true,false
1773,true,false
1774,true,true
1775,true,false
1776,true,false
1777,true,false
1778,true,false
1779,true,false
1780,false,false
1781,false,false
1782,true,false
1783,true,false
1784,true,false
1785,true,false
1786,true,false
1787,false,false
1788,true,true
1789,true,false
1790,true,false
1791,false,false
1792,true,false
1793,true,false
1794,true,false
1795,false,false
1796,true,false
1797,true,false
1798,true,true
1799,true,false
1800,true,false
1801,true,false
1802,false,false
1803,true,false
1804,true,false
1805,true,false
1806,true,false
1807,true,false
1808,true,false
1809,true,false
1810,false,false
1811,true,false
1812,false,false
1813,true,false
1814,true,false
1815,true,false
1816,true,false
1817,false,false
1818,true,false
1819,true,false
1820,true,false
1821,true,false
1822,true,false
1823,true,false
1824,true,false
1825,true,false
1826,true,false
1827,true,false
1828,true,false
1829,true,false
1830,true,false
1831,true,false
1832,true,false
1833,true,false
1834,true,false
1835,true,false
1836,true,false
1837,true,false
1838,true,false
1839,true,false
1840,true,false
1841,true,false
1842,false,true
1843,true,false
1844,false,false
1845,true,false
1846,true,false
1847,true,true
1848,true,false
1849,false,false
1850,false,false
1851,true,false
1852,true,false
1853,true,false
1854,true,false
1855,true,false
1856,true,false
1857,true,false
1858,true,true
1859,true,true
1860,true,false
1861,true,false
1862,true,false
1863,true,false
1864,true,false
1865,true,false
1866,true,false
1867,true,false
1868,true,false
1869,true,true
1870,false,false
1871,true,false
1872,true,false
1873,true,false
1874,true,true
1875,true,false
1876,true,false
1877,true,false
1878,true,false
1879,true,false
1880,false,false
1881,false,true
1882,true,false
1883,true,false
1884,true,false
1885,true,false
1886,true,false
1887,true,true
1888,true,false
1889,true,false
1890,true,false
1891,true,false
1892,true,false
1893,true,false
1894,false,false
1895,false,false
1896,true,false
1897,true,false
1898,true,false
1899,false,false
1900,true,false
1901,false,false
1902,true,false
1903,true,false
1904,true,true
1905,true,false
1906,true,false
1907,true,false
1908,true,false
1909,true,false
1910,true,true
1911,true,false
1912,true,false
1913,true,false
1914,true,false
1915,true,false
1916,true,false
1917,true,false
1918,true,false
1919,true,false
1920,true,false
1921,false,false
1922,true,false
1923,true,false
1924,true,false
1925,true,false
1926,true,false
1927,true,false
1928,true,false
1929,true,false
1930,true,false
1931,true,false
1932,true,false
1933,true,false
1934,true,false
1935,true,false
1936,false,true
1937,true,false
1938,true,false
1939,true,false
1940,true,false
1941,false,false
1942,true,false
1943,true,false
1944,true,false
1945,true,false
1946,true,false
1947,true,false
1948,true,false
1949,true,false
1950,false,false
1951,true,true
1952,true,false
1953,true,false
1954,true,false
1955,true,true
1956,false,false
1957,true,false
1958,true,true
1959,true,false
1960,false,false
1961,true,false
1962,true,false
1963,true,false
1964,true,false
1965,true,true
1966,true,false
1967,true,false
1968,true,true
1969,true,false
1970,true,false
1971,true,false
1972,true,true
1973,false,false
1974,true,false
1975,true,false
1976,true,false
1977,false,false
1978,true,false
1979,false,false
1980,true,false
1981,true,false
1982,true,false
1983,true,false
1984,false,false
1985,true,false
1986,true,false
1987,true,false
1988,true,false
1989,true,false
1990,true,false
1991,true,false
1992,true,true
1993,true,false
1994,true,false
1995,true,false
1996,true,true
1997,true,false
1998,true,false
1999,true,false
2000,true,true
2001,true,false
2002,true,false
2003,false,false
2004,true,false
2005,true,false
2006,true,false
2007,true,false
2008,true,false
2009,true,false
2010,true,false
2011,true,false
2012,true,false
2013,true,false
2014,true,false
2015,true,false
2016,true,false
2017,true,false
2018,true,false
2019,true,false
2020,false,true
2021,true,false
2022,true,false
2023,true,false
2024,true,false
2025,true,false
2026,true,false
2027,true,false
2028,true,false
2029,true,false
2030,true,false
2031,true,false
2032,false,false
2033,true,false
2034,true,false
2035,true,false
2036,true,false
2037,true,false
2038,true,false
2039,false,false
2040,true,false
2041,true,false
2042,true,false
2043,true,false
2044,true,false
2045,true,false
2046,true,false
2047,true,false
2048,true,false
2049,true,false
2050,true,false
2051,true,false
2052,true,false
2053,true,false
2054,true,false
2055,true,false
2056,true,true
2057,true,false
2058,true,false
2059,true,false
2060,true,false
2061,true,false
2062,true,true
2063,true,false
2064,true,false
2065,true,false
2066,true,true
2067,true,false
2068,true,false
2069,true,false
2070,true,false
2071,true,false
2072,true,false
2073,true,false
2074,true,false
2075,true,false
2076,true,false
2077,true,true
2078,true,true
2079,true,false
2080,true,false
2081,true,false
2082,false,false
2083,true,false
2084,false,false
2085,true,false
2086,true,false
2087,true,false
2088,true,false
2089,true,false
2090,true,true
2091,true,true
2092,true,false
2093,true,false
2094,true,false
2095,true,false
2096,true,false
2097,true,false
2098,false,false
2099,true,false
2100,true,false
2101,true,false
2102,true,false
2103,true,false
2104,true,false
2105,true,false
2106,true,false
2107,true,false
2108,true,false
2109,true,false
2110,true,false
2111,false,false
2112,true,false
2113,true,false
2114,true,false
2115,true,false
2116,true,true
2117,true,false
2118,true,false
2119,true,true
2120,true,false
2121,true,false
2122,true,false
2123,true,false
2124,true,false
2125,true,false
2126,true,false
2127,true,false
2128,true,false
2129,true,false
2130,false,false
2131,true,false
2132,true,false
2133,false,true
2134,true,true
2135,false,false
2136,true,false
2137,true,false
2138,true,false
2139,true,false
2140,true,true
2141,true,false
2142,true,false
2143,true,true
2144,true,true
2145,false,false
2146,true,false
2147,true,false
2148,true,false
2149,true,false
2150,false,false
2151,true,false
2152,true,false
2153,true,false
2154,false,false
2155,true,false
2156,true,true
2157,true,false
2158,false,false
2159,true,false
2160,true,false
2161,true,false
2162,true,false
2163,true,false
2164,true,false
2165,true,false
2166,true,false
2167,true,false
2168,true,false
2169,true,true
2170,true,false
2171,false,false
2172,true,true
2173,true,false
2174,true,false
2175,true,true
2176,true,false
2177,true,false
2178,true,false
2179,true,false
2180,true,false
2181,true,false
2182,true,false
2183,true,true
2184,true,false
2185,true,false
2186,true,false
2187,true,false
2188,true,false
2189,true,false
2190,true,false
2191,true,false
2192,true,false
2193,true,false
2194,false,false
2195,true,true
2196,true,false
2197,true,true
2198,true,false
2199,true,false
2200,true,false
2201,true,false
2202,true,false
2203,true,false
2204,true,false
2205,true,false
2206,true,false
2207,true,false
2208,true,false
2209,true,false
2210,true,false
2211,true,false
2212,true,false
2213,false,false
2214,true,false
2215,true,false
2216,true,false
2217,true,false
2218,true,false
2219,true,false
2220,true,false
2221,true,false
2222,true,false
2223,true,false
2224,true,false
2225,false,false
2226,true,false
2227,true,false
2228,false,false
2229,true,false
2230,true,false
2231,true,false
2232,true,false
2233,false,false
2234,true,false
2235,true,false
2236,true,false
2237,true,false
2238,true,false
2239,true,false
2240,true,false
2241,true,false
2242,true,false
2243,true,false
2244,true,false
2245,true,false
2246,true,false
2247,true,false
2248,true,false
2249,true,false
2250,true,false
2251,false,false
2252,true,false
2253,true,false
2254,true,true
2255,true,false
2256,true,false
2257,true,false
2258,true,false
2259,true,false
2260,true,false
2261,true,false
2262,true,false
2263,true,false
2264,true,false
2265,true,false
2266,true,true
2267,true,false
2268,true,false
2269,true,false
2270,false,false
2271,true,false
2272,true,false
2273,true,false
2274,true,false
2275,true,false
2276,true,false
2277,true,false
2278,true,false
2279,true,false
2280,true,false
2281,true,false
2282,false,false
2283,true,false
2284,true,false
2285,true,false
2286,true,false
2287,true,false
2288,true,false
2289,true,false
2290,true,false
2291,true,false
2292,true,false
2293,true,false
2294,true,true
2295,true,false
2296,true,false
2297,true,false
2298,true,false
2299,true,false
2300,true,false
2301,true,false
2302,true,false
2303,true,false
2304,true,false
2305,true,false
2306,true,false
2307,true,false
2308,true,false
2309,true,false
2310,true,false
2311,true,false
2312,true,false
2313,true,false
2314,true,false
2315,true,false
2316,true,false
2317,true,false
2318,true,true
2319,true,false
2320,false,false
2321,true,false
2322,true,false
2323,true,false
2324,true,false
2325,true,false
2326,true,false
2327,true,false
2328,false,true
2329,false,false
2330,true,true
2331,true,false
2332,true,false
2333,true,false
2334,true,false
2335,true,false
2336,false,false
2337,true,false
2338,true,false
2339,true,false
2340,true,false
2341,true,false
2342,true,false
2343,true,false
2344,true,false
2345,true,false
2346,true,false
2347,true,false
2348,true,false
2349,true,false
2350,true,true
2351,true,false
2352,true,false
2353,true,false
2354,true,false
2355,true,false
2356,true,false
2357,true,false
2358,true,false
2359,true,false
2360,true,false
2361,true,false
2362,true,false
2363,true,false
2364,true,false
2365,true,false
2366,true,false
2367,true,false
2368,true,false
2369,true,false
2370,true,false
2371,false,false
2372,true,false
2373,true,false
2374,true,false
2375,true,false
2376,true,false
2377,true,false
2378,true,false
2379,true,false
2380,true,false
2381,true,false
2382,true,false
2383,true,false
2384,true,false
2385,true,true
2386,true,false
2387,true,false
2388,true,false
2389,true,false
2390,false,false
2391,true,true
2392,true,false
2393,true,false
2394,true,false
2395,true,false
2396,true,false
2397,true,false
2398,true,false
2399,true,false
2400,true,false
2401,true,false
2402,false,false
2403,true,false
2404,true,true
2405,true,false
2406,true,false
2407,true,false
2408,false,false
2409,true,false
2410,false,false
2411,false,true
2412,true,false
2413,false,true
2414,true,false
2415,true,false
2416,true,false
2417,true,false
2418,true,false
2419,true,false
2420,true,false
2421,true,false
2422,true,false
2423,false,false
2424,true,false
2425,true,false
2426,true,false
2427,true,false
2428,true,true
2429,true,false
2430,false,false
2431,true,true
2432,true,false
2433,true,false
2434,false,false
2435,true,false
2436,true,false
2437,true,false
2438,true,false
2439,true,false
2440,true,false
2441,true,false
2442,true,false
2443,true,false
2444,true,false
2445,true,false
2446,true,false
2447,true,false
2448,true,false
2449,true,true
2450,true,true
2451,true,false
2452,true,false
2453,true,false
2454,true,false
2455,true,false
2456,true,false
2457,true,false
2458,true,false
2459,true,false
2460,true,false
2461,true,false
2462,true,false
2463,true,false
2464,true,false
2465,true,false
2466,true,false
2467,true,false
2468,false,false
2469,true,false
2470,true,false
2471,true,false
2472,true,false
2473,true,false
2474,true,false
2475,true,false
2476,true,true
2477,true,false
2478,true,false
2479,false,false
2480,true,false
2481,true,false
2482,true,false
2483,true,false
2484,true,false
2485,true,false
2486,true,true
2487,false,false
2488,true,false
2489,true,false
2490,true,false
2491,true,false
2492,true,false
2493,true,false
2494,true,false
2495,true,true
2496,true,false
2497,true,false
2498,true,false
2499,true,false
2500,false,false
2501,true,false
2502,true,false
2503,true,false
2504,true,true
2505,true,false
2506,true,false
2507,true,false
2508,true,false
2509,true,false
2510,true,false
2511,true,false
2512,true,false
2513,false,false
2514,true,false
2515,true,false
2516,true,false
2517,true,false
2518,true,false
2519,true,false
2520,true,false
2521,true,false
2522,true,false
2523,true,false
2524,true,false
2525,true,false
2526,true,false
2527,true,false
2528,true,false
2529,true,false
2530,true,false
2531,true,false
2532,true,false
2533,true,true
2534,false,false
2535,true,false
2536,true,true
2537,true,false
2538,true,false
2539,true,false
2540,true,false
2541,true,false
2542,true,false
2543,true,true
2544,true,false
2545,true,true
2546,true,false
2547,true,true
2548,true,false
2549,false,false
2550,true,true
2551,true,false
2552,true,false
2553,false,true
2554,true,false
2555,true,false
2556,true,false
2557,false,false
2558,true,false
2559,true,false
2560,true,false
2561,true,false
2562,true,false
2563,true,false
2564,true,false
2565,true,true
2566,true,false
2567,false,false
2568,true,false
2569,true,false
2570,false,false
2571,true,false
2572,true,false
2573,true,false
2574,false,false
2575,true,false
2576,true,false
2577,false,false
2578,true,false
2579,true,false
2580,true,false
2581,true,false
2582,true,false
2583,true,false
2584,true,true
2585,true,true
2586,true,false
2587,true,false
2588,true,false
2589,true,false
2590,true,false
2591,true,false
2592,true,false
2593,true,false
2594,true,false
2595,true,false
2596,true,false
2597,true,false
2598,true,false
2599,true,false
2600,true,false
2601,true,false
2602,true,false
2603,true,false
2604,true,true
2605,true,false
2606,true,false
2607,true,false
2608,true,false
2609,true,false
2610,true,false
2611,true,false
2612,true,false
2613,true,false
2614,true,false
2615,true,false
2616,true,false
2617,true,false
2618,true,false
2619,true,false
2620,false,false
2621,true,false
2622,true,false
2623,true,false
2624,true,false
2625,false,false
2626,true,false
2627,true,false
2628,true,false
2629,true,false
2630,true,true
2631,true,false
2632,true,false
2633,true,false
2634,true,false
2635,false,false
2636,true,false
2637,true,false
2638,true,false
2639,true,false
2640,true,false
2641,true,false
2642,true,true
2643,true,false
2644,true,false
2645,true,false
2646,true,false
2647,false,false
2648,false,false
2649,true,false
2650,true,false
2651,false,false
2652,true,false
2653,true,false
2654,true,false
2655,false,false
2656,false,false
2657,true,false
2658,true,false
2659,true,false
2660,true,false
2661,true,true
2662,true,false
2663,true,false
2664,false,false
2665,true,false
2666,true,false
2667,true,true
2668,true,false
2669,true,false
2670,true,false
2671,true,false
2672,true,false
2673,true,false
2674,true,false
2675,true,false
2676,true,false
2677,true,false
2678,true,true
2679,true,false
2680,true,false
2681,true,false
2682,false,false
2683,true,false
2684,true,false
2685,false,true
2686,true,false
2687,true,false
2688,false,false
2689,true,false
2690,false,false
2691,true,false
2692,true,false
2693,true,false
2694,true,false
2695,true,false
2696,true,false
2697,true,true
2698,true,false
2699,true,false
2700,false,false
2701,true,false
2702,true,false
2703,true,true
2704,true,true
2705,true,false
2706,false,false
2707,true,false
2708,true,false
2709,true,false
2710,true,false
2711,true,false
2712,false,false
2713,false,false
2714,true,false
2715,true,false
2716,false,false
2717,true,false
2718,true,false
2719,true,false
2720,true,false
2721,true,false
2722,true,false
2723,true,false
2724,true,true
2725,true,false
2726,true,false
2727,true,false
2728,true,false
2729,true,false
2730,true,false
2731,true,false
2732,true,false
2733,false,false
2734,true,false
2735,true,false
2736,true,false
2737,true,false
2738,true,false
2739,false,false
2740,true,false
2741,true,false
2742,true,false
2743,true,false
2744,true,false
2745,true,false
2746,true,false
2747,true,false
2748,false,true
2749,true,false
2750,true,false
2751,true,false
2752,true,false
2753,true,false
2754,true,false
2755,true,false
2756,true,false
2757,true,false
2758,false,false
2759,true,false
2760,false,true
2761,true,false
2762,true,true
2763,true,true
2764,true,false
2765,true,false
2766,true,false
2767,true,false
2768,true,false
2769,true,false
2770,false,false
2771,true,false
2772,true,false
2773,true,false
2774,true,false
2775,true,false
2776,true,false
2777,true,false
2778,true,false
2779,true,false
2780,true,false
2781,true,false
2782,true,true
2783,true,false
2784,true,true
2785,true,false
2786,true,true
2787,false,false
2788,true,false
2789,false,false
2790,true,false
2791,true,false
2792,true,false
2793,true,false
2794,true,false
2795,true,false
2796,true,true
2797,true,false
2798,true,false
2799,true,false
2800,true,true
2801,false,false
2802,false,false
2803,true,false
2804,true,false
2805,true,false
2806,true,false
2807,true,false
2808,true,false
2809,false,false
2810,true,false
2811,true,false
2812,true,false
2813,true,false
2814,true,false
2815,true,false
2816,true,true
2817,true,true
2818,true,false
2819,true,true
2820,true,false
2821,true,false
2822,false,false
2823,true,false
2824,false,false
2825,true,true
2826,true,false
2827,true,true
2828,true,true
2829,true,false
2830,true,false
2831,true,false
2832,true,false
2833,true,false
2834,true,false
2835,true,true
2836,true,false
2837,false,false
2838,true,false
2839,true,false
2840,true,false
2841,true,false
2842,true,false
2843,true,true
2844,true,false
2845,true,false
2846,true,false
2847,true,false
2848,true,true
2849,true,false
2850,true,false
2851,true,false
2852,true,false
2853,false,false
2854,false,false
2855,true,false
2856,true,true
2857,true,false
2858,true,false
2859,true,false
2860,false,true
2861,false,false
2862,true,false
2863,true,false
2864,true,false
2865,false,false
2866,true,false
2867,true,false
2868,true,false
2869,true,false
2870,true,false
2871,true,false
2872,true,false
2873,true,false
2874,true,false
2875,true,false
2876,true,false
2877,true,false
2878,true,false
2879,true,false
2880,true,false
2881,true,false
2882,true,false
2883,false,false
2884,true,false
2885,true,false
2886,true,true
2887,true,false
2888,true,false
2889,true,false
2890,true,false
2891,true,false
2892,true,false
2893,true,false
2894,false,false
2895,false,false
2896,true,false
2897,true,false
2898,true,true
2899,true,false
2900,true,false
2901,true,false
2902,false,false
2903,true,false
2904,true,false
2905,true,false
2906,true,false
2907,true,false
2908,true,false
2909,true,false
2910,true,false
2911,true,false
2912,true,false
2913,true,false
2914,true,false
2915,true,false
2916,true,true
2917,true,false
2918,true,false
2919,true,false
2920,true,true
2921,true,false
2922,true,false
2923,true,false
2924,false,false
2925,true,false
2926,true,false
2927,true,false
2928,true,false
2929,true,false
2930,true,false
2931,true,true
2932,true,false
2933,false,false
2934,true,false
2935,true,false
2936,true,false
2937,true,false
2938,true,false
2939,true,false
2940,false,false
2941,true,false
2942,true,false
2943,false,false
2944,true,false
2945,false,false
2946,true,false
2947,true,false
2948,true,false
2949,true,false
2950,true,false
2951,true,false
2952,true,false
2953,false,false
2954,true,false
2955,false,false
2956,true,false
2957,true,false
2958,true,false
2959,true,false
2960,true,false
2961,true,false
2962,true,false
2963,true,false
2964,true,false
2965,false,false
2966,true,false
2967,true,false
2968,true,false
2969,true,false
2970,true,false
2971,true,false
2972,true,true
2973,true,false
2974,true,false
2975,true,false
2976,true,true
2977,false,false
2978,true,true
2979,true,false
2980,true,false
2981,true,false
2982,true,false
2983,true,false
2984,true,false
2985,false,false
2986,true,false
2987,true,false
2988,true,false
2989,true,true
2990,false,false
2991,true,false
2992,true,false
2993,true,false
2994,false,false
2995,true,false
2996,true,false
2997,true,false
2998,true,false
2999,true,false
3000,true,false
3001,false,false
3002,true,false
3003,true,false
3004,true,false
3005,true,false
3006,true,false
3007,true,false
3008,true,false
3009,false,false
3010,true,false
3011,true,false
3012,true,false
3013,true,false
3014,true,false
3015,true,false
3016,true,false
3017,true,false
3018,true,false
3019,true,false
3020,true,true
3021,true,false
3022,true,false
3023,true,false
3024,true,false
3025,true,false
3026,true,true
3027,false,false
3028,true,false
3029,false,false
3030,true,false
3031,true,false
3032,false,false
3033,true,false
3034,true,false
3035,true,false
3036,true,false
3037,false,false
3038,true,false
3039,true,false
3040,false,false
3041,true,false
3042,true,false
3043,true,false
3044,true,false
3045,true,true
3046,true,false
3047,true,false
3048,true,false
3049,true,false
3050,true,false
3051,true,false
3052,true,false
3053,true,false
3054,true,false
3055,true,false
3056,true,false
3057,true,true
3058,true,false
3059,true,false
3060,true,false
3061,true,false
3062,true,false
3063,true,false
3064,false,false
3065,true,false
3066,true,false
3067,true,false
3068,true,true
3069,true,false
3070,true,false
3071,true,false
3072,false,false
3073,true,false
3074,true,false
3075,true,false
3076,true,false
3077,true,false
3078,true,false
3079,true,false
3080,true,false
3081,true,false
3082,true,false
3083,true,false
3084,true,false
3085,true,false
3086,true,false
3087,true,false
3088,true,false
3089,true,false
3090,true,false
3091,true,false
3092,true,false
3093,false,false
3094,true,false
3095,true,false
3096,true,false
3097,true,false
3098,true,false
3099,true,false
3100,true,false
3101,true,false
3102,true,false
3103,true,false
3104,true,false
3105,true,false
3106,true,false
3107,true,false
3108,true,true
3109,true,false
3110,true,false
3111,true,false
3112,true,false
3113,true,false
3114,true,false
3115,false,true
3116,true,false
3117,true,false
3118,true,false
3119,true,false
3120,true,true
3121,false,false
3122,true,false
3123,true,false
3124,true,false
3125,true,false
3126,true,false
3127,true,false
3128,true,true
3129,true,true
3130,true,false
3131,true,false
3132,true,false
3133,true,false
3134,true,false
3135,true,false
3136,true,false
3137,true,false
3138,true,false
3139,true,false
3140,true,false
3141,true,false
3142,true,false
3143,true,false
3144,true,false
3145,false,false
3146,true,false
3147,true,false
3148,true,false
3149,false,false
3150,true,false
3151,true,false
3152,false,false
3153,false,false
3154,true,false
3155,false,false
3156,true,false
3157,true,true
3158,true,false
3159,true,true
3160,true,false
3161,true,false
3162,true,false
3163,true,false
3164,false,false
3165,true,false
3166,true,true
3167,true,false
3168,true,false
3169,true,false
3170,true,false
3171,true,false
3172,true,false
3173,true,false
3174,true,false
3175,true,false
3176,false,false
3177,true,false
3178,true,false
3179,true,false
3180,true,false
3181,true,false
3182,true,false
3183,false,true
3184,true,false
3185,true,false
3186,true,false
3187,true,false
3188,true,false
3189,true,false
3190,true,true
3191,true,false
3192,false,false
3193,true,false
3194,true,false
3195,true,false
3196,false,false
3197,true,false
3198,true,false
3199,true,false
3200,true,false
3201,true,false
3202,true,false
3203,true,false
3204,true,false
3205,true,false
3206,true,false
3207,true,false
3208,true,false
3209,true,false
3210,true,false
3211,true,false
3212,true,false
3213,true,true
3214,true,false
3215,true,true
3216,true,false
3217,true,false
3218,true,false
3219,true,false
3220,false,false
3221,false,false
3222,true,false
3223,false,false
3224,true,false
3225,true,false
3226,true,false
3227,true,false
3228,true,false
3229,true,false
3230,true,true
3231,true,false
3232,true,false
3233,true,false
3234,true,false
3235,false,false
3236,true,false
3237,true,false
3238,true,false
3239,true,false
3240,true,false
3241,true,false
3242,true,false
3243,true,false
3244,true,false
3245,true,false
3246,true,false
3247,true,false
3248,true,false
3249,true,false
3250,true,false
3251,false,false
3252,true,true
3253,true,false
3254,true,false
3255,true,false
3256,true,false
3257,true,false
3258,true,false
3259,false,false
3260,true,false
3261,true,false
3262,true,false
3263,true,false
3264,true,false
3265,true,false
3266,true,true
3267,true,false
3268,true,false
3269,true,false
3270,true,false
3271,true,false
3272,true,false
3273,true,false
3274,true,false
3275,true,false
3276,true,false
3277,false,false
3278,false,false
3279,true,false
3280,true,false
3281,true,false
3282,true,false
3283,true,false
3284,true,false
3285,true,false
3286,true,false
3287,true,false
3288,true,false
3289,true,false
3290,true,false
3291,true,false
3292,false,false
3293,true,false
3294,true,false
3295,true,false
3296,false,false
3297,true,false
3298,true,false
3299,true,false
3300,true,false
3301,true,false
3302,false,false
3303,true,false
3304,true,false
3305,true,false
3306,true,false
3307,true,false
3308,true,false
3309,true,false
3310,true,false
3311,true,false
3312,true,false
3313,true,false
3314,true,false
3315,true,false
3316,true,false
3317,true,false
3318,true,false
3319,true,false
3320,true,false
3321,true,false
3322,true,false
3323,true,false
3324,true,true
3325,true,false
3326,true,false
3327,true,false
3328,true,false
3329,true,false
3330,true,false
3331,true,false
3332,true,false
3333,true,false
3334,true,false
3335,true,false
3336,true,true
3337,true,false
3338,false,false
3339,true,false
3340,true,false
3341,true,false
3342,true,false
3343,true,true
3344,true,false
3345,true,false
3346,false,false
3347,true,false
3348,true,false
3349,true,false
3350,true,false
3351,true,false
3352,true,true
3353,true,false
3354,true,false
3355,true,false
3356,true,false
3357,true,false
3358,false,true
3359,true,false
3360,true,false
3361,false,false
3362,true,false
3363,true,true
3364,true,false
3365,true,false
3366,true,false
3367,false,false
3368,true,false
3369,true,false
3370,true,false
3371,true,false
3372,true,false
3373,true,false
3374,true,false
3375,true,false
3376,true,true
3377,true,false
3378,true,false
3379,true,false
3380,true,false
3381,true,false
3382,true,false
3383,true,false
3384,true,true
3385,true,false
3386,true,true
3387,true,false
3388,true,false
3389,true,false
3390,true,false
3391,true,false
3392,true,false
3393,true,true
3394,true,false
3395,true,false
3396,true,true
3397,true,true
3398,true,false
3399,true,false
3400,true,false
3401,true,false
3402,false,false
3403,true,false
3404,true,false
3405,true,false
3406,true,true
3407,true,true
3408,false,false
3409,true,false
3410,true,false
3411,true,false
3412,false,true
3413,true,false
3414,true,false
3415,true,false
3416,false,false
3417,true,false
3418,true,false
3419,true,true
3420,true,false
3421,true,true
3422,true,false
3423,true,false
3424,false,false
3425,true,false
3426,true,false
3427,true,false
3428,false,false
3429,true,false
3430,true,false
3431,true,false
3432,true,false
3433,false,false
3434,true,false
3435,true,false
3436,true,false
3437,true,false
3438,true,false
3439,true,false
3440,true,false
3441,true,false
3442,true,false
3443,true,false
3444,true,false
3445,true,false
3446,true,false
3447,false,false
3448,true,false
3449,true,false
3450,true,false
3451,true,true
3452,true,false
3453,true,true
3454,true,false
3455,true,false
3456,true,false
3457,true,false
3458,true,false
3459,true,false
3460,true,false
3461,true,false
3462,false,false
3463,true,true
3464,false,false
3465,true,false
3466,true,false
3467,true,true
3468,true,false
3469,true,false
3470,true,false
3471,false,false
3472,true,false
3473,false,false
3474,true,false
3475,true,false
3476,false,false
3477,true,false
3478,true,false
3479,true,false
3480,true,true
3481,true,false
3482,true,false
3483,true,false
3484,true,false
3485,true,true
3486,true,false
3487,true,false
3488,true,false
3489,true,false
3490,true,false
3491,true,false
3492,true,false
3493,true,false
3494,true,false
3495,true,false
3496,true,false
3497,true,false
3498,true,false
3499,true,false
3500,true,false
3501,true,false
3502,true,false
3503,true,false
3504,false,true
3505,true,true
3506,false,false
3507,true,false
3508,true,false
3509,true,false
3510,true,true
3511,true,false
3512,true,false
3513,true,false
3514,true,false
3515,true,true
3516,true,false
3517,true,false
3518,true,false
3519,true,false
3520,true,false
3521,true,true
3522,true,false
3523,true,false
3524,true,false
3525,true,false
3526,true,true
3527,true,false
3528,true,true
3529,false,true
3530,true,false
3531,true,false
3532,true,false
3533,true,false
3534,true,false
3535,true,true
3536,true,false
3537,true,false
3538,true,true
3539,true,false
3540,false,false
3541,true,false
3542,true,false
3543,false,false
3544,true,false
3545,true,false
3546,true,true
3547,true,true
3548,true,true
3549,true,false
3550,true,true
3551,true,false
3552,true,false
3553,false,false
3554,true,false
3555,true,false
3556,true,false
3557,true,false
3558,true,false
3559,true,false
3560,true,false
3561,true,true
3562,true,false
3563,true,true
3564,true,true
3565,true,false
3566,true,false
3567,true,false
3568,true,false
3569,false,false
3570,false,false
3571,true,false
3572,true,false
3573,true,false
3574,true,false
3575,false,false
3576,true,false
3577,true,false
3578,true,false
3579,true,false
3580,true,false
3581,true,false
3582,true,true
3583,true,false
3584,true,true
3585,true,false
3586,true,false
3587,true,false
3588,true,false
3589,true,false
3590,true,false
3591,true,false
3592,false,false
3593,true,false
3594,true,false
3595,true,false
3596,true,true
3597,true,false
3598,false,false
3599,true,false
3600,true,true
3601,true,false
3602,true,false
3603,true,true
3604,true,true
3605,true,false
3606,true,false
3607,true,false
3608,false,false
3609,true,false
3610,true,false
3611,true,false
3612,true,false
3613,true,false
3614,true,false
3615,false,false
3616,true,false
3617,true,false
3618,true,true
3619,true,false
3620,true,false
3621,true,false
3622,false,false
3623,true,false
3624,true,false
3625,true,false
3626,false,false
3627,true,true
3628,true,false
3629,false,false
3630,true,false
3631,true,true
3632,true,false
3633,true,false
3634,true,false
3635,false,false
3636,true,false
3637,true,true
3638,true,false
3639,true,false
3640,true,false
3641,false,false
3642,true,false
3643,true,false
3644,false,false
3645,false,true
3646,true,false
3647,true,false
3648,true,false
3649,true,false
3650,true,false
3651,true,false
3652,true,false
3653,true,false
3654,true,false
3655,true,false
3656,true,false
3657,false,false
3658,false,false
3659,true,false
3660,false,false
3661,true,false
3662,false,false
3663,true,false
3664,true,false
3665,true,false
3666,false,false
3667,true,true
3668,true,true
3669,true,true
3670,false,false
3671,true,false
3672,true,false
3673,true,false
3674,true,true
3675,true,false
3676,true,false
3677,true,false
3678,true,true
3679,true,false
3680,true,false
3681,true,true
3682,true,false
3683,true,false
3684,true,false
3685,true,false
3686,true,false
3687,true,false
3688,true,false
3689,true,false
3690,true,false
3691,true,false
3692,true,true
3693,true,false
3694,true,false
3695,true,false
3696,true,false
3697,true,false
3698,true,false
3699,true,false
3700,true,false
3701,true,false
3702,true,false
3703,true,false
3704,true,false
3705,true,true
3706,true,true
3707,false,true
3708,true,true
3709,false,false
3710,true,true
3711,true,false
3712,true,false
3713,true,false
3714,true,false
3715,false,false
3716,true,true
3717,true,false
3718,true,false
3719,true,false
3720,true,false
3721,true,false
3722,true,false
3723,true,false
3724,true,true
3725,true,true
3726,true,true
3727,true,false
3728,true,false
3729,true,false
3730,true,false
3731,true,false
3732,true,false
3733,false,false
3734,true,false
3735,true,false
3736,true,true
3737,true,false
3738,true,false
3739,true,true
3740,false,false
3741,true,false
3742,false,false
3743,true,true
3744,true,false
3745,true,false
3746,true,false
3747,true,false
3748,true,true
3749,true,false
3750,false,false
3751,true,false
3752,true,false
3753,true,false
3754,true,false
3755,true,false
3756,true,false
3757,false,false
3758,true,false
3759,true,false
3760,true,false
3761,true,false
3762,true,false
3763,true,false
3764,true,false
3765,true,false
3766,true,false
3767,true,false
3768,true,false
3769,true,false
3770,true,true
3771,false,false
3772,true,false
3773,true,false
3774,false,false
3775,true,false
3776,true,false
3777,false,false
3778,true,false
3779,true,true
3780,true,true
3781,true,false
3782,true,false
3783,true,false
3784,true,false
3785,true,false
3786,true,false
3787,true,true
3788,true,false
3789,true,false
3790,true,false
3791,true,false
3792,true,false
3793,true,false
3794,true,false
3795,true,false
3796,true,false
3797,true,false
3798,true,false
3799,true,false
3800,true,false
3801,true,false
3802,false,false
3803,true,false
3804,true,false
3805,true,false
3806,true,false
3807,true,false
3808,true,false
3809,true,false
3810,true,false
3811,true,false
3812,true,false
3813,true,true
3814,true,false
3815,true,false
3816,true,false
3817,true,false
3818,false,false
3819,true,false
3820,true,false
3821,true,false
3822,true,false
3823,true,false
3824,false,false
3825,true,false
3826,true,false
3827,true,false
3828,true,true
3829,true,true
3830,true,false
3831,true,false
3832,true,false
3833,true,false
3834,true,false
3835,true,false
3836,true,true
3837,true,true
3838,true,false
3839,false,false
3840,true,false
3841,true,false
3842,false,false
3843,false,true
3844,true,false
3845,true,false
3846,true,true
3847,true,false
3848,true,false
3849,true,false
3850,true,false
3851,true,false
3852,false,false
3853,true,false
3854,true,false
3855,true,false
3856,true,true
3857,true,false
3858,false,false
3859,true,false
3860,false,false
3861,true,false
3862,true,false
3863,true,false
3864,true,false
3865,true,true
3866,true,false
3867,false,false
3868,true,false
3869,false,false
3870,true,false
3871,true,false
3872,true,false
3873,true,false
3874,true,false
3875,true,false
3876,true,false
3877,true,true
3878,true,false
3879,true,true
3880,true,false
3881,true,false
3882,true,false
3883,true,false
3884,true,false
3885,true,false
3886,true,false
3887,true,false
3888,true,false
3889,true,true
3890,true,false
3891,true,false
3892,true,false
3893,true,false
3894,true,false
3895,true,false
3896,true,false
3897,true,false
3898,true,false
3899,true,false
3900,true,false
3901,false,false
3902,true,true
3903,true,false
3904,true,false
3905,false,false
3906,true,false
3907,true,false
3908,true,false
3909,true,false
3910,true,false
3911,true,false
3912,true,false
3913,true,true
3914,true,false
3915,true,false
3916,true,false
3917,true,false
3918,true,false
3919,true,false
3920,true,false
3921,true,false
3922,true,false
3923,true,false
3924,true,false
3925,false,false
3926,true,false
3927,true,false
3928,true,false
3929,true,false
3930,false,false
3931,true,false
3932,true,false
3933,false,false
3934,true,false
3935,true,false
3936,true,false
3937,true,false
3938,true,false
3939,true,false
3940,true,false
3941,true,true
3942,true,false
3943,true,false
3944,true,false
3945,true,false
3946,true,false
3947,true,false
3948,true,false
3949,true,false
3950,true,false
3951,true,false
3952,true,false
3953,true,false
3954,true,true
3955,true,false
3956,true,false
3957,true,false
3958,true,false
3959,true,true
3960,true,false
3961,true,false
3962,true,false
3963,true,false
3964,true,true
3965,true,false
3966,true,false
3967,true,false
3968,true,false
3969,true,false
3970,true,false
3971,true,false
3972,true,false
3973,true,false
3974,true,false
3975,true,false
3976,true,false
3977,false,false
3978,true,true
3979,true,false
3980,true,false
3981,true,false
3982,false,false
3983,true,false
3984,false,false
3985,true,true
3986,true,false
3987,true,false
3988,true,false
3989,true,false
3990,true,false
3991,true,false
3992,true,false
3993,true,false
3994,true,false
3995,false,false
3996,true,false
3997,true,false
3998,true,true
3999,true,false
4000,true,false
4001,true,false
4002,true,false
4003,true,false
4004,true,false
4005,false,true
4006,true,false
4007,true,false
4008,true,false
4009,true,false
4010,false,false
4011,true,false
4012,true,false
4013,true,false
4014,true,false
4015,true,false
4016,true,false
4017,true,false
4018,true,false
4019,true,false
4020,false,false
4021,true,false
4022,true,false
4023,true,false
4024,true,false
4025,true,false
4026,true,false
4027,true,false
4028,true,false
4029,false,false
4030,true,false
4031,true,true
4032,true,true
4033,true,false
4034,true,false
4035,true,false
4036,true,false
4037,true,false
4038,true,false
4039,true,false
4040,false,false
4041,true,false
4042,true,false
4043,true,false
4044,false,false
4045,true,false
4046,true,false
4047,false,false
4048,true,false
4049,true,false
4050,true,false
4051,true,false
4052,true,false
4053,true,false
4054,true,false
4055,true,false
4056,true,false
4057,true,false
4058,true,false
4059,true,true
4060,false,false
4061,true,false
4062,true,false
4063,true,false
4064,true,false
4065,true,false
4066,true,false
4067,true,false
4068,true,false
4069,true,false
4070,true,false
4071,true,false
4072,true,false
4073,true,false
4074,true,false
4075,false,false
4076,true,false
4077,true,true
4078,true,false
4079,true,true
4080,true,false
4081,false,false
4082,true,false
4083,true,false
4084,false,true
4085,true,false
4086,true,false
4087,true,false
4088,false,false
4089,true,true
4090,true,false
4091,true,false
4092,true,false
4093,true,false
4094,true,false
4095,true,false
4096,true,false
4097,true,false
4098,true,false
4099,true,false
4100,true,false
4101,true,false
4102,true,true
4103,true,false
4104,true,false
4105,true,false
4106,true,false
4107,true,false
4108,false,false
4109,true,true
4110,false,false
4111,true,false
4112,false,false
4113,true,false
4114,true,false
4115,true,false
4116,true,false
4117,true,false
4118,true,false
4119,true,false
4120,true,false
4121,true,false
4122,false,true
4123,false,false
4124,true,false
4125,true,false
4126,false,false
4127,true,false
4128,true,false
4129,true,true
4130,true,false
4131,true,true
4132,true,false
4133,true,false
4134,true,false
4135,true,false
4136,true,false
4137,true,false
4138,true,false
4139,true,true
4140,true,false
4141,true,false
4142,true,true
4143,true,false
4144,true,false
4145,true,false
4146,true,false
4147,true,false
4148,true,true
4149,true,true
4150,true,false
4151,true,false
4152,true,true
4153,true,false
4154,true,false
4155,true,false
4156,true,true
4157,true,false
4158,true,false
4159,true,false
4160,true,false
4161,true,false
4162,true,false
4163,true,true
4164,false,false
4165,true,false
4166,false,false
4167,true,false
4168,true,false
4169,true,false
4170,true,false
4171,true,true
4172,true,false
4173,true,false
4174,true,false
4175,true,false
4176,true,false
4177,true,true
4178,true,false
4179,true,true
4180,false,false
4181,true,false
4182,true,false
4183,true,false
4184,true,false
4185,true,false
4186,true,false
4187,true,false
4188,true,false
4189,true,false
4190,true,false
4191,true,false
4192,true,false
4193,true,false
4194,false,false
4195,false,false
4196,true,false
4197,true,false
4198,true,false
4199,true,false
4200,true,false
4201,true,false
4202,false,false
4203,true,false
4204,true,false
4205,true,false
4206,true,false
4207,true,false
4208,true,false
4209,true,false
4210,true,false
4211,true,false
4212,true,false
4213,false,false
4214,true,false
4215,true,true
4216,false,false
4217,true,false
4218,true,false
4219,true,false
4220,true,false
4221,true,false
4222,true,false
4223,true,false
4224,false,true
4225,true,false
4226,false,false
4227,true,false
4228,true,false
4229,true,false
4230,true,false
4231,true,true
4232,true,false
4233,true,false
4234,true,false
4235,true,false
4236,true,true
4237,false,false
4238,true,false
4239,true,true
4240,true,false
4241,true,true
4242,true,false
4243,true,false
4244,true,false
4245,true,false
4246,true,false
4247,true,false
4248,true,false
4249,false,false
4250,true,false
4251,true,false
4252,true,false
4253,true,false
4254,false,false
4255,false,false
4256,true,false
4257,false,false
4258,true,false
4259,true,false
4260,true,false
4261,true,false
4262,true,false
4263,true,false
4264,true,false
4265,true,false
4266,true,false
4267,true,false
4268,true,false
4269,true,false
4270,true,false
4271,true,false
4272,true,false
4273,true,false
4274,true,false
4275,true,false
4276,true,false
4277,true,false
4278,true,false
4279,true,false
4280,true,false
4281,true,false
4282,true,false
4283,true,false
4284,true,false
4285,true,true
4286,false,false
4287,true,false
4288,false,false
4289,true,false
4290,true,false
4291,false,false
4292,true,false
4293,true,false
4294,true,false
4295,true,false
4296,true,false
4297,true,false
4298,true,false
4299,true,false
4300,true,false
4301,false,false
4302,true,false
4303,true,false
4304,true,true
4305,true,false
4306,false,false
4307,true,false
4308,true,false
4309,true,false
4310,true,false
4311,false,false
4312,true,false
4313,true,false
4314,true,false
4315,true,false
4316,true,false
4317,true,false
4318,true,false
4319,true,false
4320,true,false
4321,true,false
4322,true,true
4323,true,false
4324,true,false
4325,true,true
4326,true,false
4327,true,false
4328,true,false
4329,true,false
4330,true,true
4331,true,false
4332,true,false
4333,false,true
4334,true,false
4335,true,true
4336,true,false
4337,true,false
4338,true,false
4339,true,false
4340,true,false
4341,false,false
4342,true,false
4343,true,false
4344,true,false
4345,true,false
4346,true,false
4347,false,false
4348,true,false
4349,true,false
4350,true,false
4351,true,false
4352,false,false
4353,true,false
4354,true,false
4355,true,false
4356,true,false
4357,true,false
4358,true,false
4359,true,false
4360,true,false
4361,true,false
4362,true,false
4363,true,true
4364,true,false
4365,true,false
4366,true,false
4367,true,false
4368,true,false
4369,true,false
4370,true,false
4371,true,false
4372,true,false
4373,false,false
4374,true,false
4375,false,false
4376,true,false
4377,true,true
4378,true,false
4379,true,false
4380,true,false
4381,false,false
4382,true,false
4383,true,false
4384,true,false
4385,true,false
4386,true,false
4387,true,false
4388,true,false
4389,true,false
4390,true,false
4391,true,false
4392,true,false
4393,true,false
4394,false,true
4395,true,false
4396,true,false
4397,true,true
4398,true,false
4399,true,false
4400,true,false
4401,true,false
4402,true,false
4403,true,false
4404,true,false
4405,true,false
4406,true,false
4407,true,false
4408,true,false
4409,true,false
4410,false,false
4411,true,false
4412,true,false
4413,true,false
4414,true,false
4415,true,false
4416,true,false
4417,true,false
4418,true,false
4419,true,false
4420,true,false
4421,true,false
4422,true,true
4423,true,false
4424,true,false
4425,true,true
4426,true,false
4427,false,false
4428,true,false
4429,true,false
4430,true,false
4431,true,false
4432,true,false
4433,true,false
4434,true,false
4435,true,false
4436,true,false
4437,true,true
4438,true,false
4439,true,false
4440,false,false
4441,true,false
4442,true,false
4443,true,false
4444,true,false
4445,true,false
4446,true,false
4447,true,false
4448,true,true
4449,true,false
4450,true,false
4451,true,false
4452,false,false
4453,true,true
4454,true,false
4455,true,false
4456,true,false
4457,true,false
4458,true,false
4459,true,false
4460,true,false
4461,false,false
4462,true,false
4463,true,false
4464,true,false
4465,true,false
4466,true,false
4467,true,false
4468,true,false
4469,false,true
4470,true,false
4471,true,true
4472,true,false
4473,true,false
4474,true,false
4475,true,false
4476,true,false
4477,true,false
4478,true,false
4479,true,true
4480,true,false
4481,true,true
4482,true,false
4483,true,false
4484,true,false
4485,true,false
4486,true,false
4487,true,false
4488,true,false
4489,true,false
4490,false,false
4491,true,false
4492,true,false
4493,false,false
4494,false,false
4495,true,true
4496,true,false
4497,true,false
4498,true,false
4499,true,true
4500,true,false
4501,true,false
4502,true,false
4503,false,false
4504,true,false
4505,true,false
4506,true,false
4507,false,false
4508,true,false
4509,true,false
4510,true,false
4511,true,false
4512,true,false
4513,true,true
4514,true,true
4515,true,false
4516,true,false
4517,true,false
4518,true,false
4519,true,false
4520,true,false
4521,true,false
4522,true,false
4523,true,false
4524,true,false
4525,true,false
4526,true,false
4527,true,false
4528,true,false
4529,true,false
4530,true,false
4531,true,false
4532,true,false
4533,true,false
4534,true,false
4535,false,false
4536,true,false
4537,true,false
4538,true,false
4539,true,false
4540,true,false
4541,true,false
4542,true,false
4543,true,false
4544,true,false
4545,false,false
4546,true,false
4547,false,false
4548,true,false
4549,true,false
4550,true,false
4551,true,false
4552,true,false
4553,true,true
4554,true,false
4555,true,false
4556,true,false
4557,true,false
4558,true,false
4559,true,false
4560,true,false
4561,false,false
4562,true,false
4563,true,false
4564,true,false
4565,true,false
4566,true,false
4567,true,false
4568,false,false
4569,true,false
4570,true,false
4571,true,false
4572,true,false
4573,true,false
4574,true,false
4575,true,false
4576,true,true
4577,true,false
4578,true,false
4579,true,false
4580,true,true
4581,true,false
4582,true,false
4583,true,false
4584,true,false
4585,false,false
4586,true,false
4587,true,true
4588,true,false
4589,true,false
4590,true,false
4591,true,false
4592,true,false
4593,true,false
4594,true,true
4595,true,false
4596,true,false
4597,true,false
4598,true,false
4599,true,false
4600,false,false
4601,true,false
4602,false,true
4603,true,false
4604,false,false
4605,true,false
4606,true,false
4607,true,false
4608,true,false
4609,true,false
4610,true,false
4611,true,false
4612,true,false
4613,true,false
4614,true,false
4615,true,false
4616,true,false
4617,true,false
4618,true,false
4619,true,true
4620,true,false
4621,true,false
4622,true,false
4623,false,false
4624,true,false
4625,true,false
4626,true,false
4627,true,false
4628,true,false
4629,true,true
4630,false,false
4631,false,false
4632,true,false
4633,true,false
4634,true,false
4635,true,false
4636,true,false
4637,true,false
4638,true,false
4639,true,false
4640,true,false
4641,true,false
4642,true,false
4643,true,false
4644,true,false
4645,true,false
4646,false,false
4647,true,false
4648,true,false
4649,true,false
4650,true,false
4651,true,false
4652,true,true
4653,true,false
4654,false,false
4655,true,false
4656,true,false
4657,true,false
4658,true,false
4659,true,false
4660,true,false
4661,true,false
4662,true,false
4663,true,false
4664,true,false
4665,true,false
4666,true,false
4667,true,false
4668,true,false
4669,true,false
4670,true,false
4671,true,false
4672,true,false
4673,true,false
4674,true,false
4675,true,false
4676,true,false
4677,true,true
4678,true,false
4679,true,false
4680,true,false
4681,true,false
4682,true,false
4683,true,false
4684,true,false
4685,true,false
4686,true,false
4687,true,false
4688,true,false
4689,true,false
4690,true,false
4691,true,false
4692,true,false
4693,true,true
4694,true,false
4695,true,false
4696,true,false
4697,true,false
4698,true,false
4699,true,false
4700,true,false
4701,true,true
4702,true,false
4703,true,false
4704,true,false
4705,true,false
4706,true,false
4707,true,false
4708,false,true
4709,true,false
4710,true,false
4711,false,false
4712,true,false
4713,true,false
4714,true,false
4715,true,false
4716,true,false
4717,true,false
4718,true,false
4719,true,true
4720,true,false
4721,true,false
4722,true,false
4723,true,false
4724,true,false
4725,true,false
4726,true,false
4727,true,false
4728,true,false
4729,true,false
4730,true,false
4731,true,false
4732,true,false
4733,true,false
4734,true,false
4735,false,false
4736,true,false
4737,true,false
4738,true,false
4739,false,false
4740,true,false
4741,true,false
4742,true,true
4743,true,false
4744,true,false
4745,true,false
4746,true,false
4747,true,false
4748,false,false
4749,false,false
4750,true,false
4751,true,false
4752,true,false
4753,true,false
4754,true,false
4755,true,false
4756,true,false
4757,true,false
4758,true,false
4759,false,false
4760,true,false
4761,true,false
4762,true,false
4763,false,false
4764,true,false
4765,false,false
4766,true,false
4767,true,false
4768,true,false
4769,true,false
4770,true,false
4771,true,false
4772,true,false
4773,true,false
4774,true,false
4775,true,false
4776,true,false
4777,true,false
4778,true,false
4779,false,false
4780,true,false
4781,true,false
4782,true,false
4783,true,false
4784,true,false
4785,true,false
4786,true,false
4787,true,false
4788,true,false
4789,true,false
4790,true,true
4791,true,false
4792,true,false
4793,true,true
4794,true,false
4795,true,false
4796,true,true
4797,false,false
4798,true,false
4799,true,false
4800,true,false
4801,true,false
4802,true,false
4803,true,false
4804,true,false
4805,true,false
4806,true,false
4807,true,false
4808,true,false
4809,true,false
4810,true,false
4811,false,false
4812,true,false
4813,true,false
4814,true,false
4815,true,false
4816,true,false
4817,false,false
4818,false,false
4819,true,false
4820,true,false
4821,true,true
4822,true,false
4823,true,false
4824,true,false
4825,false,false
4826,true,true
4827,true,false
4828,true,false
4829,true,false
4830,true,false
4831,true,false
4832,true,false
4833,true,false
4834,true,false
4835,false,true
4836,true,false
4837,true,false
4838,true,false
4839,true,false
4840,true,true
4841,true,false
4842,true,false
4843,true,false
4844,true,false
4845,false,true
4846,true,false
4847,true,false
4848,false,false
4849,true,false
4850,true,false
4851,true,false
4852,false,false
4853,true,false
4854,true,false
4855,true,false
4856,true,false
4857,true,true
4858,true,false
4859,true,false
4860,false,false
4861,true,false
4862,true,false
4863,true,false
4864,true,false
4865,true,false
4866,true,false
4867,true,false
4868,true,false
4869,false,false
4870,true,true
4871,true,false
4872,true,false
4873,true,false
4874,true,false
4875,false,false
4876,true,false
4877,true,false
4878,false,false
4879,true,false
4880,true,false
4881,true,false
4882,true,false
4883,true,false
4884,true,false
4885,true,false
4886,true,false
4887,true,false
4888,true,false
4889,true,false
4890,true,false
4891,true,false
4892,true,false
4893,true,false
4894,true,false
4895,true,false
4896,true,false
4897,true,true
4898,true,false
4899,true,false
4900,true,false
4901,true,false
4902,true,false
4903,true,false
4904,true,false
4905,true,false
4906,true,false
4907,true,false
4908,true,true
4909,true,false
4910,true,false
4911,true,false
4912,true,false
4913,true,false
4914,true,false
4915,false,false
4916,true,false
4917,true,false
4918,true,false
4919,true,false
4920,true,false
4921,true,false
4922,true,false
4923,true,false
4924,true,false
4925,false,false
4926,true,true
4927,false,false
4928,true,false
4929,true,false
4930,true,false
4931,true,true
4932,true,true
4933,false,true
4934,true,false
4935,true,false
4936,true,false
4937,false,false
4938,true,false
4939,true,false
4940,true,false
4941,true,false
4942,true,true
4943,true,false
4944,true,false
4945,true,false
4946,true,false
4947,false,false
4948,true,false
4949,true,false
4950,true,false
4951,true,false
4952,true,false
4953,false,false
4954,true,false
4955,true,false
4956,true,false
4957,true,false
4958,true,true
4959,true,false
4960,true,false
4961,true,false
4962,true,false
4963,true,false
4964,true,false
4965,true,false
4966,true,false
4967,true,false
4968,true,false
4969,true,false
4970,true,false
4971,true,false
4972,true,true
4973,true,true
4974,true,false
4975,true,false
4976,true,false
4977,true,false
4978,true,false
4979,true,false
4980,true,false
4981,true,false
4982,true,false
4983,true,false
4984,true,false
4985,true,false
4986,true,true
4987,true,false
4988,true,false
4989,true,false
4990,true,false
4991,true,true
4992,true,false
4993,true,false
4994,true,true
4995,true,false
4996,true,false
4997,true,false
4998,false,false
4999,true,false
5000,true,false
5001,true,false
5002,false,false
5003,true,false
5004,true,false
5005,true,false
5006,true,false
5007,true,false
5008,true,false
5009,true,false
5010,true,false
5011,true,false
5012,true,false
5013,true,true
5014,true,false
5015,true,false
5016,true,false
5017,true,false
5018,true,false
5019,true,false
5020,true,false
5021,true,false
5022,true,false
5023,true,false
5024,true,false
5025,false,true
5026,false,true
5027,true,false
5028,true,false
5029,true,false
5030,true,false
5031,true,false
5032,true,false
5033,true,false
5034,true,false
5035,true,false
5036,true,false
5037,false,false
5038,true,true
5039,true,false
5040,true,false
5041,true,false
5042,true,false
5043,true,false
5044,true,false
5045,true,false
5046,true,false
5047,true,true
5048,true,false
5049,true,false
5050,true,false
5051,true,false
5052,true,false
5053,true,false
5054,true,false
5055,true,false
5056,true,false
5057,true,false
5058,true,false
5059,true,true
5060,false,false
5061,true,false
5062,true,false
5063,true,false
5064,true,false
5065,true,false
5066,true,true
5067,true,false
5068,true,false
5069,true,false
5070,false,false
5071,false,true
5072,true,true
5073,true,false
5074,true,false
5075,false,false
5076,true,false
5077,true,false
5078,true,false
5079,true,true
5080,true,false
5081,true,false
5082,true,false
5083,true,false
5084,true,true
5085,true,true
5086,true,false
5087,true,false
5088,true,false
5089,true,false
5090,true,false
5091,true,false
5092,true,false
5093,true,false
5094,true,false
5095,true,false
5096,true,false
5097,true,false
5098,true,false
5099,true,false
5100,true,false
5101,true,false
5102,true,false
5103,true,false
5104,true,false
5105,true,false
5106,true,false
5107,true,false
5108,true,false
5109,true,false
5110,true,false
5111,true,false
5112,true,false
5113,true,false
5114,true,false
5115,true,false
5116,false,false
5117,true,false
5118,true,false
5119,true,false
5120,true,false
5121,true,false
5122,true,false
5123,true,false
5124,true,false
5125,true,false
5126,true,false
5127,true,false
5128,true,false
5129,true,false
5130,true,false
5131,true,false
5132,true,false
5133,true,false
5134,true,false
5135,false,false
5136,true,false
5137,true,true
5138,true,false
5139,true,false
5140,true,false
5141,true,false
5142,true,true
5143,false,false
5144,false,true
5145,true,false
5146,true,true
5147,true,false
5148,true,false
5149,true,false
5150,true,true
5151,true,false
5152,true,false
5153,true,false
5154,true,false
5155,true,false
5156,true,false
5157,true,false
5158,true,false
5159,true,false
5160,true,false
5161,true,false
5162,true,false
5163,true,false
5164,true,false
5165,true,false
5166,true,false
5167,true,false
5168,true,false
5169,true,false
5170,true,false
5171,true,false
5172,true,false
5173,true,true
5174,true,false
5175,true,true
5176,true,false
5177,false,false
5178,true,true
5179,true,false
5180,true,true
5181,true,false
5182,false,false
5183,true,false
5184,true,false
5185,true,false
5186,true,false
5187,true,false
5188,true,false
5189,true,false
5190,true,false
5191,true,false
5192,true,false
5193,true,false
5194,false,false
5195,true,false
5196,true,false
5197,true,false
5198,false,false
5199,true,false
5200,false,false
5201,true,false
5202,true,true
5203,true,false
5204,true,true
5205,true,false
5206,true,false
5207,true,false
5208,true,false
5209,false,false
5210,true,false
5211,false,true
5212,true,true
5213,true,false
5214,true,true
5215,true,false
5216,true,false
5217,true,false
5218,true,false
5219,true,false
5220,true,false
5221,true,false
5222,true,false
5223,true,false
5224,true,false
5225,true,false
5226,true,false
5227,true,false
5228,true,false
5229,true,false
5230,true,false
5231,true,false
5232,true,true
5233,true,false
5234,true,false
5235,true,false
5236,true,false
5237,true,false
5238,true,false
5239,true,false
5240,true,false
5241,true,false
5242,true,false
5243,true,false
5244,true,false
5245,true,false
5246,true,false
5247,true,false
5248,true,false
5249,false,true
5250,true,false
5251,true,false
5252,true,false
5253,true,false
5254,true,false
5255,true,false
5256,true,false
5257,true,false
5258,false,false
5259,true,false
5260,true,false
5261,true,false
5262,true,false
5263,true,false
5264,true,false
5265,true,false
5266,true,false
5267,true,false
5268,true,false
5269,true,false
5270,true,false
5271,true,false
5272,true,true
5273,true,false
5274,true,false
5275,false,false
5276,true,false
5277,true,false
5278,true,false
5279,true,false
5280,false,false
5281,true,false
5282,true,false
5283,true,true
5284,true,false
5285,true,false
5286,true,false
5287,true,false
5288,true,false
5289,true,true
5290,true,false
5291,false,false
5292,true,false
5293,true,false
5294,true,false
5295,true,false
5296,true,false
5297,true,false
5298,true,false
5299,true,false
5300,true,true
5301,true,false
5302,true,false
5303,true,false
5304,true,false
5305,false,false
5306,true,false
5307,false,false
5308,true,false
5309,true,false
5310,true,false
5311,true,false
5312,false,false
5313,false,false
5314,true,false
5315,false,false
5316,true,true
5317,false,false
5318,true,false
5319,true,false
5320,true,false
5321,true,false
5322,true,false
5323,true,false
5324,true,false
5325,true,false
5326,true,false
5327,true,false
5328,true,false
5329,true,false
5330,true,false
5331,true,false
5332,false,false
5333,true,false
5334,true,false
5335,false,true
5336,true,false
5337,true,false
5338,true,false
5339,true,false
5340,true,false
5341,true,false
5342,true,false
5343,true,false
5344,true,false
5345,false,false
5346,true,false
5347,true,false
5348,true,false
5349,true,false
5350,true,false
5351,true,false
5352,true,false
5353,true,false
5354,true,false
5355,true,false
5356,true,false
5357,true,false
5358,true,true
5359,true,false
5360,true,true
5361,true,false
5362,true,false
5363,true,false
5364,true,false
5365,true,false
5366,true,false
5367,true,false
5368,true,false
5369,true,false
5370,true,true
5371,true,false
5372,false,false
5373,true,false
5374,true,false
5375,true,false
5376,true,false
5377,true,false
5378,true,false
5379,true,false
5380,true,false
5381,true,false
5382,false,false
5383,true,false
5384,true,true
5385,true,false
5386,true,false
5387,true,false
5388,true,false
5389,true,false
5390,true,false
5391,true,false
5392,true,false
5393,true,false
5394,true,false
5395,true,false
5396,true,false
5397,true,false
5398,true,false
5399,true,false
5400,true,false
5401,true,false
5402,true,false
5403,true,false
5404,true,true
5405,true,false
5406,true,false
5407,false,true
5408,false,false
5409,true,true
5410,true,true
5411,true,true
5412,true,false
5413,true,false
5414,true,false
5415,true,true
5416,true,false
5417,true,false
5418,true,false
5419,false,false
5420,true,true
5421,true,true
5422,true,true
5423,true,false
5424,true,false
5425,true,false
5426,true,false
5427,true,false
5428,true,false
5429,true,false
5430,true,false
5431,true,true
5432,true,false
5433,true,false
5434,true,false
5435,true,false
5436,false,false
5437,true,true
5438,true,false
5439,true,false
5440,true,false
5441,true,false
5442,true,false
5443,true,false
5444,true,false
5445,true,false
5446,true,false
5447,true,false
5448,true,false
5449,true,false
5450,false,false
5451,true,false
5452,true,false
5453,true,false
5454,true,true
5455,true,false
5456,true,true
5457,true,false
5458,true,false
5459,true,false
5460,true,false
5461,true,false
5462,true,false
5463,false,false
5464,false,false
5465,true,false
5466,true,false
5467,true,false
5468,true,false
5469,true,false
5470,true,false
5471,true,false
5472,true,false
5473,true,true
5474,true,false
5475,true,false
5476,true,false
5477,true,false
5478,true,false
5479,true,false
5480,true,false
5481,true,false
5482,true,false
5483,true,true
5484,false,false
5485,true,false
5486,true,false
5487,true,false
5488,true,false
5489,true,false
5490,true,false
5491,false,false
5492,true,false
5493,true,false
5494,true,false
5495,true,false
5496,true,false
5497,false,false
5498,true,false
5499,true,false
5500,true,false
5501,true,true
5502,true,false
5503,true,false
5504,true,false
5505,true,false
5506,true,false
5507,true,false
5508,true,false
5509,true,false
5510,true,false
5511,false,false
5512,true,false
5513,true,false
5514,true,false
5515,true,false
5516,true,false
5517,false,false
5518,true,false
5519,false,false
5520,true,false
5521,true,false
5522,true,false
5523,true,false
5524,true,true
5525,true,false
5526,false,false
5527,true,false
5528,true,false
5529,true,false
5530,true,false
5531,true,false
5532,true,false
5533,false,true
5534,true,false
5535,false,true
5536,true,false
5537,true,false
5538,true,false
5539,true,false
5540,true,false
5541,true,false
5542,true,false
5543,true,true
5544,false,true
5545,true,true
5546,true,false
5547,true,false
5548,true,false
5549,false,false
5550,true,false
5551,true,false
5552,true,false
5553,true,false
5554,true,false
5555,true,false
5556,true,false
5557,true,true
5558,true,false
5559,true,false
5560,true,false
5561,true,false
5562,true,false
5563,true,false
5564,true,true
5565,true,false
5566,true,false
5567,true,false
5568,true,false
5569,true,false
5570,true,false
5571,false,false
5572,true,false
5573,true,false
5574,true,false
5575,true,false
5576,true,false
5577,true,false
5578,true,false
5579,true,false
5580,true,false
5581,true,false
5582,true,false
5583,true,false
5584,true,true
5585,true,false
5586,true,false
5587,true,false
5588,true,false
5589,true,false
5590,true,false
5591,true,false
5592,true,false
5593,true,false
5594,true,false
5595,true,false
5596,true,false
5597,true,true
5598,true,false
5599,true,false
5600,true,false
5601,true,false
5602,true,false
5603,true,false
5604,true,false
5605,false,true
5606,true,false
5607,true,false
5608,true,false
5609,true,true
5610,true,false
5611,true,false
5612,true,false
5613,true,false
5614,true,false
5615,false,false
5616,false,false
5617,true,false
5618,true,false
5619,true,false
5620,true,false
5621,true,false
5622,true,false
5623,true,false
5624,true,false
5625,true,false
5626,true,false
5627,true,false
5628,true,true
5629,true,false
5630,true,false
5631,true,false
5632,true,true
5633,true,false
5634,true,false
5635,true,false
5636,true,false
5637,false,false
5638,true,false
5639,true,true
5640,true,false
5641,true,false
5642,false,false
5643,true,false
5644,true,false
5645,true,false
5646,true,false
5647,true,false
5648,true,false
5649,true,false
5650,true,true
5651,true,false
5652,true,false
5653,true,true
5654,true,false
5655,true,false
5656,true,false
5657,true,false
5658,true,false
5659,true,false
5660,true,false
5661,false,false
5662,true,false
5663,true,true
5664,true,false
5665,true,true
5666,true,false
5667,true,false
5668,true,false
5669,true,true
5670,true,false
5671,true,false
5672,true,false
5673,true,false
5674,true,false
5675,true,false
5676,true,false
5677,true,true
5678,true,false
5679,true,false
5680,true,false
5681,true,false
5682,true,true
5683,true,true
5684,true,false
5685,true,false
5686,true,true
5687,true,false
