ts,count
1700000005,886
1700000015,877
1700000020,462
1700000030,875
1700000090,194
1700000090,823
1700000100,487
1700003700,628
1700003700,96
1700003705,310
1700003705,92
1700003715,829
1700007315,42
1700007375,405
1700007380,669
1700007440,665
1700007440,638
1700007440,851
1700007450,64
1700007450,36
1700007450,900
1700007450,614
1700007450,796
1700007455,334
1700007460,605
1700007460,531
1700007460,655
1700007461,511
1700007461,678
1700007461,468
1700011061,284
1700011063,564
1700011063,724
1700011064,322
1700011064,525
1700011065,30
1700011065,576
1700011065,410
1700011065,866
1700011066,395
1700011066,981
1700011066,867
1700014666,0
1700014666,214
1700014666,481
1700014668,725
1700014670,429
1700014670,579
1700018270,203
1700021870,276
1700021871,89
1700021872,340
1700021872,987
1700021874,776
1700021874,137
1700021874,723
1700021874,11
1700021874,476
1700021879,181
1700025479,572
1700025479,458
1700025489,195
1700025489,429
1700029089,392
1700029089,404
1700029091,217
1700029091,276
1700029151,311
1700029151,215
1700029151,403
1700029211,657
1700029271,102
1700029271,149
1700029271,452
1700029272,9
1700029332,336
1700029333,395
1700029333,76
1700029333,213
1700029393,651
1700029393,15
1700029453,377
1700029454,637
1700029459,130
1700029519,495
1700029579,138
1700029581,187
1700033181,157
1700033182,930
1700033182,837
1700033242,255
1700033242,162
1700036842,962
1700036852,201
1700040452,972
1700040454,903
1700040459,618
1700040459,431
1700040459,106
1700040459,39
1700040469,985
1700040470,244
1700040472,263
1700040474,843
1700040534,502
1700040535,532
1700040535,951
1700040535,129
1700040535,490
1700040545,669
1700040605,629
1700040605,286
1700040605,939
1700040605,766
1700040605,70
1700040606,421
1700040611,255
1700040611,47
1700040611,288
1700040612,543
1700040672,996
1700040672,94
1700040673,141
1700040678,338
1700044278,750
1700044288,598
1700044288,604
1700044288,945
1700044288,486
1700044289,717
1700044290,985
1700044290,21
1700044350,651
1700044350,493
1700044350,748
1700044351,326
1700044351,74
1700044351,463
1700044361,376
1700044361,921
1700044361,812
1700044362,360
1700044362,701
1700044367,922
1700044367,892
1700044369,966
1700044369,884
1700044374,586
1700044374,639
1700047974,391
1700047976,596
1700047976,623
1700047976,82
1700047976,654
1700047976,263
1700047978,745
1700047979,397
1700048039,468
1700048044,473
1700048054,85
1700048064,768
1700048074,30
1700048075,615
1700048075,492
1700048075,235
1700048075,509
1700048135,675
1700048140,261
1700048140,376
1700048141,146
1700051741,626
1700051741,530
1700051741,771
1700051742,675
1700051747,510
1700051747,334
1700051749,681
1700051750,203
1700055350,441
1700055350,901
1700055350,393
1700055350,597
1700055351,214
1700055351,137
1700055356,359
1700055356,728
1700055356,972
1700055357,841
1700055357,115
1700055362,482
1700055363,947
1700055363,850
1700055365,391
1700058965,532
1700058970,688
1700058971,733
1700059031,463
1700059032,76
1700059032,284
1700059092,42
1700062692,725
1700062693,584
1700062694,316
1700066294,810
1700066354,19
1700069954,139
1700069956,465
1700069956,25
1700069957,243
1700069957,815
1700069957,644
1700069957,457
1700069957,645
1700069967,670
1700073567,826
1700073568,981
1700073568,700
1700073568,204
1700073573,262
1700073573,731
1700073573,773
1700073578,547
1700073578,183
1700073578,278
1700073579,552
1700073589,512
1700073649,774
1700073649,402
1700073649,89
1700073651,954
1700073653,133
1700073658,464
1700073658,640
1700073658,385
1700073668,582
1700077268,900
1700077278,815
1700077279,474
1700077280,666
1700077280,101
1700080880,946
1700080880,218
1700080880,921
1700080882,89
1700080883,549
1700080884,268
1700080884,356
1700080894,84
1700080894,451
1700080895,563
1700080897,786
1700080898,499
1700080898,223
1700080898,439
1700080898,177
1700080908,343
1700084508,806
1700084508,481
1700084508,528
1700084518,860
1700088118,705
1700088123,968
1700088128,592
1700088128,776
1700088128,449
1700088138,572
1700088139,851
1700088149,654
1700088149,535
1700088159,863
1700088169,262
1700088170,687
1700088172,977
1700088232,213
1700088233,871
1700088233,991
1700088243,536
1700088244,586
1700088249,205
1700088251,548
1700088251,515
1700088251,619
1700088253,28
1700088263,992
1700088263,528
1700088265,557
1700088325,124
1700088330,95
1700088330,67
1700088340,469
1700088342,942
1700088344,275
1700088344,484
1700088349,130
1700088350,444
1700088355,537
1700088356,111
1700088356,429
1700088416,30
1700088417,132
1700088417,36
1700088417,159
1700088417,12
1700092017,290
1700092018,740
1700092019,250
1700092079,510
1700092079,511
1700092139,125
1700092149,638
1700092150,734
1700092150,718
1700092160,899
1700092162,23
1700092164,648
1700092166,844
1700092176,630
1700092176,551
1700092176,884
1700095776,546
1700099376,223
1700099386,221
1700099396,626
1700099456,877
1700099456,238
1700103056,829
1700103057,924
1700103057,323
1700103117,322
1700103117,223
1700103117,908
1700103117,137
1700103117,135
1700103117,265
1700103119,99
1700103121,852
1700103123,556
1700103123,205
1700103125,643
1700106725,818
1700106725,98
1700106725,583
1700110325,366
1700110326,118
1700110336,649
1700110337,514
1700113937,852
1700113937,822
1700113937,493
1700113937,24
1700113937,780
1700113947,628
1700113957,926
1700114017,492
1700114017,194
1700114017,117
1700114017,176
1700114017,289
1700117617,97
1700117677,63
1700117677,974
1700121277,473
1700121277,783
1700121277,334
1700121279,478
1700121281,527
1700121282,440
1700121282,615
1700121283,13
1700124883,717
1700124883,864
1700124883,185
1700124885,464
1700124886,757
1700124887,415
1700124887,619
1700124887,97
1700124897,811
1700124897,331
1700124897,820
1700128497,962
1700128499,583
1700128559,195
1700128569,598
1700128570,824
1700128571,286
1700128571,762
1700128571,834
1700128573,136
1700128574,900
1700128584,711
1700128585,785
1700128587,783
1700128587,415
1700128587,739
1700128587,72
1700128588,308
1700128593,103
1700128593,909
1700128594,654
1700128654,50
1700128654,279
1700132254,306
1700132255,221
1700135855,415
1700135915,186
1700135925,78
1700135927,527
1700135932,657
1700135932,718
1700135932,780
1700135934,588
1700135934,117
1700135994,110
1700135994,262
1700135999,411
1700136009,51
1700136009,663
1700136011,11
1700136011,264
1700136012,282
1700136013,563
1700136023,520
1700136025,990
1700136035,581
1700136035,653
1700136040,828
1700139640,78
1700139650,611
1700143250,777
1700143250,395
1700143250,395
1700143255,993
1700143255,876
1700143260,554
1700143320,610
1700143320,439
1700143325,430
1700143326,539
1700143328,612
1700143329,374
1700143339,292
1700143344,670
1700143345,574
1700143346,679
1700143347,27
1700143347,791
1700143347,599
1700143347,648
1700143347,418
1700146947,399
1700146947,919
1700146948,766
1700146950,51
1700147010,740
1700147011,75
1700147011,439
1700147016,256
1700147016,46
1700147026,100
1700147031,147
1700147031,618
1700147031,51
1700147091,427
1700147096,120
1700147096,881
1700147096,365
1700147106,158
1700147106,372
1700147111,143
1700150711,426
1700150716,615
1700150717,654
1700150777,698
1700150779,372
1700150789,834
1700150789,975
1700150790,751
1700150790,244
1700150795,116
1700150805,914
1700150806,803
1700150816,639
1700150817,281
1700150818,624
1700154418,742
1700154478,715
1700154538,194
1700158138,285
1700158138,194
1700158138,514
1700161738,937
1700161738,899
1700165338,40
1700168938,62
1700168938,277
1700168939,435
1700168939,638
1700168939,104
1700168939,554
1700168940,74
1700168940,934
1700172540,164
1700172550,240
1700176150,382
1700176155,490
1700176156,215
1700176157,351
1700176162,762
1700176162,858
1700176162,821
1700176162,458
1700176222,858
1700176222,455
1700176224,765
1700176225,399
1700176225,377
1700176225,669
1700176285,333
1700176286,561
1700176286,437
1700179886,378
1700179946,99
1700179951,896
1700179952,80
1700179962,85
1700179964,577
1700180024,496
1700183624,474
1700183625,843
1700183625,77
1700183626,218
1700187226,618
1700187226,711
1700187227,506
1700187228,289
1700187228,224
1700187229,673
1700187230,375
1700187230,330
1700187235,582
1700187295,940
1700190895,935
1700190896,448
1700190906,822
1700190907,469
1700190908,226
1700190910,990
1700190920,254
1700190920,370
1700190921,24
1700190922,693
1700190924,598
1700190926,815
1700190926,756
1700190986,377
1700190988,553
1700190988,856
1700191048,576
1700191048,180
1700191048,777
1700191053,902
1700191054,831
1700191054,226
1700191064,59
1700191074,162
1700191134,302
1700191134,666
1700191136,65
1700191196,559
1700191197,806
1700191207,86
1700191208,83
1700191209,754
1700191209,920
1700191210,86
1700191210,649
1700194810,147
1700194810,763
1700198410,432
1700198410,729
1700198410,500
1700198420,346
1700198425,403
1700198426,345
1700198427,688
1700198427,505
1700198432,550
1700198432,725
1700198492,936
1700198492,420
1700202092,357
1700202092,825
1700202094,853
1700202094,909
1700202099,980
1700202109,655
1700202109,536
1700202110,727
1700202110,821
1700202110,431
1700202112,937
1700202112,251
1700202112,650
1700202114,700
1700202114,328
1700202114,398
1700202116,541
1700202117,280
1700202117,482
1700202118,748
1700202118,310
1700205718,159
1700205718,934
1700205718,771
1700205723,17
1700205783,492
1700205783,320
1700205783,202
1700205783,367
1700205783,602
1700205783,614
1700205788,609
1700205798,229
1700205803,189
1700205804,412
1700205804,932
1700205805,641
1700205815,964
1700205825,490
1700205826,496
1700205828,936
1700205829,676
1700205839,790
1700205839,494
1700205839,409
1700205839,222
1700205839,820
1700205841,999
1700205851,813
1700205861,792
1700205862,806
1700205862,673
1700205862,913
1700205862,895
1700205867,926
1700205868,460
1700205868,730
1700205870,620
1700205870,425
1700205870,790
1700205871,148
1700205872,929
1700205882,134
1700209482,759
1700209542,272
1700209552,547
1700209552,154
1700209612,788
1700209612,1
1700209612,841
1700209612,841
1700209612,84
1700209613,276
1700209673,733
1700209683,99
1700209688,710
1700209693,84
1700209753,556
1700209763,310
1700209763,808
1700209763,426
1700209763,938
1700213363,93
1700213368,213
1700213368,556
1700213370,538
1700213375,161
1700213376,323
1700213377,415
1700213377,569
1700213378,478
1700216978,732
1700216978,368
1700216978,703
1700216978,108
1700220578,403
1700224178,472
1700224178,669
1700224183,12
1700224185,728
1700224190,243
1700224191,577
1700224191,469
1700224191,876
1700224191,923
1700224251,155
1700224252,642
1700224254,959
1700224264,767
1700224265,976
1700224266,773
1700224268,568
1700227868,89
1700227869,193
1700227869,385
1700227869,337
1700227870,967
1700227871,576
1700227876,741
1700231476,339
1700231481,846
1700231483,94
1700231483,144
1700231543,96
1700231543,693
1700235143,725
1700235143,184
1700235143,411
1700235143,857
1700235148,606
1700235148,102
1700235148,33
1700235148,127
1700235150,416
1700235150,349
1700235152,949
1700235162,142
1700238762,210
1700238762,840
1700238764,494
1700238765,943
1700238767,637
1700238767,744
1700238769,627
1700238770,807
1700238770,676
1700238830,542
1700238830,266
1700238831,193
1700238832,314
1700242432,451
1700242432,570
1700242434,209
1700242444,340
1700242445,844
1700242445,626
1700242445,259
1700242455,924
1700242456,561
1700242456,361
1700242516,512
1700242526,145
1700242586,730
1700242586,955
1700242596,732
1700242596,580
1700242596,642
1700246196,202
1700246196,139
1700246196,489
1700246256,427
1700246257,337
1700246257,951
1700246258,272
1700246263,904
1700246263,463
1700246263,244
1700246323,556
1700246333,574
1700246333,573
1700246334,172
1700246335,615
1700246335,125
1700246335,295
1700249935,918
1700249936,246
1700249996,371
1700249996,190
1700250056,561
1700250056,465
1700250056,413
1700250056,801
1700253656,141
1700253657,774
1700257257,867
1700257259,629
1700257319,655
1700257319,162
1700257319,421
1700257324,33
1700257324,540
1700257326,121
1700257386,415
1700257386,344
1700257396,134
1700257397,249
1700257457,954
1700257458,54
1700261058,802
1700261058,738
1700264658,806
1700264658,412
1700264663,614
1700264663,481
1700264664,421
1700264724,934
1700264784,776
1700264786,769
1700264787,497
1700264792,858
1700264794,844
1700264796,120
1700264856,117
1700264866,338
1700264876,533
1700264878,430
1700264878,328
1700264878,303
1700264938,921
1700264940,749
1700264942,611
1700264943,769
1700264944,903
1700265004,898
1700265004,250
1700265004,864
1700265009,248
1700265019,894
1700265021,995
1700265021,487
1700265021,538
1700265021,558
1700265022,672
1700265024,962
1700265024,900
1700265024,933
1700268624,377
1700268634,431
1700268694,824
1700268694,227
1700272294,764
1700272296,580
1700272296,925
1700272296,100
1700272306,811
1700272306,126
1700272316,589
1700272321,0
1700272322,249
1700272323,24
1700272324,176
1700272324,451
1700272329,835
1700272339,406
1700272339,365
1700272399,236
1700272399,313
1700272399,465
1700272400,315
1700272401,510
1700272401,956
1700272406,899
1700272406,207
1700272407,879
1700272407,200
1700272408,858
1700272409,920
1700272414,16
1700272414,650
1700272424,206
1700272434,647
1700272434,196
1700272434,665
1700272434,313
1700272435,984
1700272436,890
1700272438,730
1700272438,342
1700272443,425
1700272443,173
1700272443,882
1700272444,123
1700272444,275
1700272444,737
1700272444,513
1700276044,302
1700276045,381
1700279645,536
1700279645,604
1700279655,234
1700279656,916
1700279656,683
1700279656,283
1700279656,655
1700283256,92
1700283261,78
1700283266,939
1700283276,75
1700283286,929
1700283286,7
1700283346,600
1700283347,550
1700283348,433
1700283408,89
1700283408,291
1700283408,251
1700283408,285
1700283418,29
1700283418,809
1700283418,919
1700283418,636
1700283423,938
1700283483,393
1700283483,951
1700283488,61
1700283488,65
1700283498,795
1700287098,931
1700287099,328
1700290699,495
1700290699,529
1700290700,517
1700294300,700
1700294310,762
1700294320,178
1700294380,798
1700294380,114
1700294440,446
1700294440,684
1700294445,560
1700294446,805
1700294446,265
1700294451,557
1700294451,873
1700294511,617
1700294516,267
1700294516,207
1700294576,993
1700294576,586
1700294581,893
1700294581,332
1700294581,622
1700294581,623
1700294586,825
1700294588,515
1700294593,740
1700294594,877
1700294594,74
1700294594,929
1700294594,582
1700298194,556
1700298254,810
1700298254,638
1700298254,55
1700298255,435
1700298255,712
1700298256,839
1700298316,756
1700298326,799
1700298327,783
1700298387,510
1700298387,665
1700298397,175
1700298399,260
1700298399,163
1700298404,707
1700302004,850
1700302064,805
1700302069,62
1700302070,420
1700302075,373
1700302075,720
1700302075,131
1700302080,773
1700302140,137
1700302140,762
1700302145,534
1700302145,3
1700302145,419
1700302155,144
1700302155,402
1700302165,305
1700302170,434
1700302170,994
1700302170,696
1700302230,235
1700302231,259
1700302231,565
1700302231,428
1700302236,88
1700302236,372
1700302237,345
1700302297,223
1700302297,164
1700302299,599
1700305899,59
1700305900,581
1700305960,946
1700305960,473
1700305962,957
1700305962,390
1700305964,800
1700305964,220
1700305966,355
1700305966,188
1700305976,823
1700305976,491
1700305976,409
1700305976,608
1700305981,777
1700305982,483
1700305987,501
1700309587,695
1700309587,883
1700309592,209
1700309602,392
1700309604,74
1700309604,707
1700309605,371
1700309606,635
1700309606,531
1700309606,759
1700309607,524
1700309609,580
1700313209,732
1700313209,275
1700313209,369
1700313209,157
1700313210,140
1700313210,740
1700313210,20
1700313211,858
1700313213,460
1700313213,875
1700313215,333
1700313216,789
1700313226,685
1700313226,309
1700313228,622
1700313228,500
1700313228,192
1700313228,526
1700313288,130
1700313288,213
1700313289,420
1700313291,490
1700313301,710
1700313301,529
1700313311,266
1700313312,742
1700313317,682
1700313319,150
1700313319,854
1700313320,547
1700313325,415
1700313325,395
1700313335,886
1700313336,231
1700313336,299
1700313337,353
1700313397,220
1700313397,41
1700313397,765
1700316997,494
1700317057,11
1700317058,676
1700320658,68
1700320658,571
1700320659,682
1700320659,978
1700320660,240
1700324260,265
1700324260,818
1700324262,122
1700324264,504
1700324264,501
1700324266,953
1700324267,291
1700324272,720
1700324273,226
1700324273,947
1700324275,206
1700324280,786
1700324280,359
1700327880,729
1700327880,532
1700327880,760
1700327881,929
1700327883,823
1700327883,489
1700327943,263
1700327953,315
1700327953,924
1700327955,123
1700327956,931
1700327956,934
1700327958,278
1700327958,386
1700327963,867
1700328023,307
1700328028,736
1700328029,907
1700328030,74
1700328030,36
1700328031,331
1700328032,579
1700328033,268
1700331633,908
1700331633,657
1700331638,393
1700331698,349
1700331699,31
1700331759,724
1700331759,789
1700331759,642
1700331759,635
1700331769,420
1700331829,425
1700331829,282
1700331829,849
1700331834,900
1700331839,391
1700331841,39
1700331841,699
1700331851,279
1700331852,506
1700331853,484
1700331853,153
1700331913,197
1700331914,233
1700331915,696
1700331915,240
1700331925,0
1700331935,403
1700331935,245
1700331945,505
1700335545,783
1700335555,80
1700335615,843
1700335625,905
1700335626,270
1700335627,106
1700335627,320
1700335627,712
1700335629,703
1700335629,987
1700335629,844
1700335629,163
1700335630,636
1700335635,824
1700335695,300
1700335696,424
1700335697,375
1700339297,546
1700339302,242
1700342902,255
1700342903,332
1700342903,939
1700342913,755
1700342913,898
1700342913,70
1700342913,906
1700342914,115
1700342919,524
1700346519,492
1700346519,166
1700346579,887
1700346581,890
1700346586,54
1700346587,259
1700346589,519
1700346591,259
1700350191,257
1700350192,732
1700353792,334
1700353792,341
1700353792,862
1700353852,848
1700353852,581
1700353854,656
1700353854,637
1700353855,820
1700353855,128
1700353855,385
1700353915,685
1700353916,236
1700357516,189
1700357516,483
1700357576,710
1700357576,274
1700357577,429
1700357578,646
1700361178,406
1700361180,955
1700364780,142
1700364780,161
1700364780,891
1700364780,198
1700364781,365
1700364791,820
1700364791,414
1700364792,926
1700364792,852
1700364802,876
1700364807,175
1700364808,68
1700364809,449
1700368409,290
1700368409,401
1700368469,417
1700368469,590
1700368471,691
1700368471,559
1700368472,819
1700368472,452
1700368472,853
1700368472,569
1700368473,901
1700368478,443
1700368478,155
1700368479,905
1700368479,276
1700368539,582
1700368539,280
1700372139,409
1700372140,329
1700372140,82
1700372145,205
1700372146,564
1700372147,572
1700372147,155
1700372147,7
1700372148,686
1700372148,4
1700372148,344
1700372153,143
1700372153,888
1700372155,495
1700372155,424
1700372156,826
1700372166,405
1700372176,59
1700372176,563
1700372236,672
1700372296,258
1700372297,193
1700372298,885
1700372298,824
1700372303,584
1700372303,180
1700372303,967
1700372303,551
1700372303,691
1700372303,277
1700372304,24
1700372314,317
1700372314,526
1700372319,10
1700372319,65
1700372320,11
1700372330,271
1700372330,811
1700372335,408
1700372336,822
1700372346,847
1700375946,786
1700375946,958
1700375951,411
1700375953,256
1700376013,24
1700376013,590
1700376013,232
1700376014,397
1700376015,518
1700379615,283
1700379616,641
1700383216,460
1700383217,319
1700383218,68
1700386818,329
1700386878,96
1700386879,342
1700386879,759
1700386879,216
1700386879,761
1700386879,559
1700386880,696
1700386880,181
1700386881,108
1700386881,146
1700386882,358
1700386882,441
1700386882,9
1700386884,514
1700386884,413
1700386884,329
1700386894,860
1700386894,21
1700386894,328
1700386894,772
1700386954,110
1700387014,329
1700387016,484
1700387016,511
1700387018,799
1700387018,832
1700387019,71
1700390619,399
1700390620,902
1700390620,796
1700390621,537
1700390621,151
1700394221,678
1700394223,932
1700397823,56
1700397823,631
1700397883,352
1700397888,876
1700401488,434
1700401498,992
1700401558,947
1700401558,124
1700401563,446
1700405163,478
1700405165,856
1700405167,513
1700405167,384
1700405227,554
1700405287,43
1700405297,942
1700405297,540
1700408897,462
1700408902,290
1700408962,47
1700409022,55
1700409023,155
1700409033,479
1700409034,262
1700409094,320
1700409094,754
1700409099,564
1700409101,53
1700409101,770
1700409106,113
1700409106,191
1700412706,808
1700412706,849
1700412706,816
1700412706,523
1700412707,267
1700412707,189
1700412707,728
1700412708,256
1700412718,826
1700412719,464
1700412719,549
1700412719,886
1700412721,200
1700412726,286
1700416326,244
1700416326,109
1700416336,451
1700416341,897
1700416341,73
1700416346,875
1700416346,789
1700416356,996
1700416356,815
1700416356,831
1700416357,182
1700416357,341
1700416357,951
1700416358,978
1700416358,853
1700416359,120
1700416361,186
1700416421,397
1700416421,869
1700420021,631
1700420026,923
1700420031,73
1700420031,664
1700420031,545
1700423631,323
1700423631,573
1700427231,441
1700427233,15
1700427234,716
1700427235,864
1700430835,968
1700430836,674
1700430896,213
1700430896,185
1700430896,175
1700430956,477
1700430956,132
1700430957,118
1700430958,963
1700430959,624
1700431019,366
1700431020,200
1700431020,70
1700431020,753
1700431021,891
1700431022,788
1700431024,204
1700431024,73
1700434624,272
1700434626,383
1700434686,418
1700434687,467
1700434687,518
1700434687,964
1700434687,354
1700434697,720
1700434699,240
1700434704,593
1700434704,291
1700434704,893
1700434705,974
1700434705,692
1700438305,465
1700438305,956
1700438310,396
1700438310,761
1700438312,615
1700438312,459
1700441912,65
1700441913,429
1700441914,288
1700441974,451
1700445574,977
1700445575,299
1700449175,711
1700449175,688
1700449235,250
1700449235,421
1700449236,135
1700449296,916
1700449297,397
1700449299,285
1700449300,104
1700449360,106
1700449370,673
1700449370,464
1700449370,90
1700449371,16
1700449372,30
1700449432,685
1700449433,919
1700449433,684
1700453033,159
1700453038,74
1700453039,174
1700453044,517
1700453045,491
1700456645,667
1700456705,62
1700456705,999
1700456705,808
1700456707,443
1700456707,665
1700456717,717
1700456717,58
1700456717,473
1700460317,410
1700463917,954
1700463917,530
1700463977,214
1700463982,378
1700463982,527
1700463984,98
1700463984,3
1700463984,981
1700467584,712
1700467644,805
1700467645,679
1700467650,794
1700467650,443
1700467655,159
1700467655,379
1700467656,967
1700467656,111
1700467657,422
1700467667,574
1700467677,997
1700467677,794
1700467677,308
1700467687,577
1700467687,69
1700467747,243
1700467747,678
1700467747,521
1700467757,315
1700467758,361
1700467758,252
1700467818,423
1700467823,55
1700467823,603
1700467828,174
1700467838,107
1700467843,140
1700467843,829
1700467853,158
1700467853,993
1700467913,537
1700467913,416
1700467973,626
1700467973,423
1700467973,234
1700467973,816
1700467973,752
1700467975,160
1700467976,543
1700468036,29
1700468038,112
1700468043,307
1700468053,658
1700468053,399
1700468055,306
1700468055,219
1700468056,549
1700468056,672
1700468058,336
1700468063,208
1700471663,907
1700471673,969
1700471673,581
1700471683,949
1700471683,403
1700475283,306
1700475284,757
1700475344,264
1700475344,376
1700475344,439
1700475349,393
1700475350,664
1700475352,341
1700475357,119
1700475357,318
1700475367,63
1700475367,540
1700475369,560
1700475370,409
1700475370,691
1700475370,730
1700475371,33
1700475372,368
1700475377,973
1700475377,532
1700475387,499
1700475387,382
1700475389,607
1700475389,7
1700475449,365
1700475449,374
1700475509,710
1700475510,860
1700475511,214
1700475571,780
1700475631,57
1700475632,188
1700475637,120
1700475647,776
1700475648,54
1700475648,218
1700475649,603
1700475650,827
1700475652,662
1700475653,411
1700475653,292
1700475713,696
1700475713,87
1700475715,230
1700475716,336
1700475716,324
1700475716,839
1700475716,807
1700475717,657
1700475718,58
1700475723,49
1700475725,639
1700475725,565
1700475725,949
1700475726,654
1700475726,631
1700479326,770
1700479326,593
1700479336,5
1700479341,428
1700479342,695
1700482942,935
1700482942,176
1700482942,451
1700486542,769
1700486542,386
1700486547,693
1700486549,820
1700486549,455
1700486550,918
1700486550,855
1700486550,979
1700486551,682
1700486561,729
1700486561,719
1700486561,406
1700486562,707
1700490162,573
1700490162,944
1700490162,99
1700490164,331
1700490174,143
1700490174,158
1700490175,483
1700490177,32
1700490179,952
1700490181,205
1700493781,719
1700493786,505
1700493788,706
1700493790,523
1700493795,107
1700493805,760
1700493805,791
1700493865,331
1700493865,15
1700493866,843
1700493866,667
1700493867,386
1700493927,822
1700493937,700
1700493939,463
1700493999,602
1700494004,366
1700494064,151
1700494069,720
1700494071,335
1700494071,714
1700494076,239
1700497676,267
1700497677,747
1700497679,588
1700497679,263
1700497679,821
1700497680,386
1700497680,733
1700497680,443
1700497740,66
1700497750,184
1700497752,931
1700497762,466
1700497764,498
1700497764,236
1700497764,771
1700497824,104
1700501424,313
1700501434,867
1700501434,35
1700501435,581
1700501435,564
1700501440,341
1700501445,155
1700501450,973
1700501451,825
1700501452,100
1700501452,802
1700501452,223
1700501452,881
1700501462,755
1700501522,352
1700501522,167
1700501522,596
1700501522,920
1700501523,705
1700501524,372
1700501524,973
1700501525,622
1700501526,113
1700501526,366
1700501526,176
1700501536,910
1700501537,683
1700501538,293
1700501539,574
1700501539,268
1700501544,77
1700501545,29
1700501546,812
1700501547,966
1700501557,155
1700501559,163
1700501569,875
1700501569,624
1700501569,556
1700501569,547
1700505169,719
1700505229,793
1700508829,266
1700508830,55
1700508832,959
1700508833,667
1700508843,239
1700508848,463
1700512448,379
1700512449,746
1700512449,966
1700516049,517
1700516050,579
1700516051,906
1700516051,77
1700516061,112
1700516121,963
1700519721,760
1700519721,309
1700519721,104
1700519781,984
1700519781,199
1700519782,316
1700519783,893
1700519783,62
1700523383,680
1700523383,144
1700523383,423
1700523443,146
1700527043,997
1700527053,555
1700527053,447
1700527063,695
1700527063,88
1700527073,711
1700527074,627
1700527079,947
1700527079,900
1700527079,427
1700527079,497
1700527079,80
1700527084,30
1700527094,962
1700527104,91
1700527104,920
1700527105,262
1700527106,224
1700527107,961
1700527107,999
1700527117,972
1700527117,879
1700527119,957
1700527119,623
1700527124,814
1700527184,702
1700527244,627
1700527304,323
1700527304,88
1700527314,160
1700527314,111
1700527314,305
1700527315,980
1700527315,424
1700527315,152
1700527315,704
1700527375,532
1700527435,785
1700531035,827
1700531035,0
1700531036,69
1700531036,998
1700531038,853
1700531038,417
1700531039,343
1700531039,355
1700531041,15
1700531041,268
1700531041,599
1700531042,538
1700531043,533
1700534643,360
1700534648,667
1700534648,953
1700534650,179
1700534650,153
1700534650,259
1700534655,490
1700534655,802
1700534656,189
1700534656,694
1700538256,624
1700538257,609
1700538267,588
1700538268,587
1700538268,188
1700538269,237
1700538269,308
1700538279,337
1700538279,690
1700538279,809
1700538279,553
1700538279,80
1700541879,781
1700541889,250
1700541894,223
1700541894,424
1700541904,141
1700541905,685
1700541906,71
1700541906,855
1700541908,138
1700541910,808
1700545510,801
1700545510,346
1700545510,388
1700545511,575
1700545571,966
1700545571,487
1700545571,53
1700545576,33
1700545578,977
1700545578,435
1700545578,146
1700545578,210
1700545578,899
1700545583,983
1700545583,953
1700545584,350
1700545584,953
1700545584,145
1700545585,968
1700545585,197
1700545585,138
1700549185,242
1700552785,464
1700552786,381
1700552786,945
1700552787,149
1700552787,189
1700552788,692
1700552788,126
1700552789,328
1700552789,596
1700552789,280
1700552799,534
1700552809,835
1700552869,453
1700552879,268
1700552879,83
1700556479,228
1700556479,78
1700556480,998
1700560080,515
1700560080,164
1700560081,653
1700560141,107
1700560142,495
1700560202,470
1700560203,617
1700560208,476
1700560208,195
1700560208,966
1700560213,694
1700560213,449
1700560273,410
1700560283,53
1700560284,166
1700560284,177
1700560286,754
1700560286,984
1700560286,24
1700560286,434
1700560291,626
1700563891,64
1700563896,25
1700563896,350
1700563896,170
1700563897,995
1700563897,344
1700563898,868
1700563958,575
1700563959,704
1700563964,256
1700564024,760
1700564025,170
1700564026,147
1700564086,594
1700564146,426
1700564148,553
1700564208,471
1700564209,340
1700564214,238
1700567814,958
1700567874,873
1700571474,166
1700571479,521
1700571489,941
1700571490,783
1700571490,956
1700571491,240
1700571501,597
1700571503,161
1700571504,290
1700575104,99
1700578704,703
1700578704,355
1700578709,572
1700578709,509
1700578719,666
1700578721,702
1700578721,678
1700578726,410
1700578727,509
1700578787,867
1700582387,582
1700582392,57
1700582392,327
1700582397,654
1700582402,63
1700586002,146
1700586002,286
1700586012,453
1700586012,86
1700586013,819
1700586013,240
1700586073,848
1700586075,817
1700586075,260
1700586075,924
1700589675,516
1700589675,436
1700589676,568
1700589676,968
1700589676,501
1700589681,155
1700589682,323
1700593282,515
1700593292,350
1700593292,662
1700593292,706
1700593297,822
1700593298,683
1700593298,701
1700593298,816
1700593299,829
1700593300,820
1700593300,120
1700593305,310
1700593305,45
1700593305,979
1700593315,673
1700593316,482
1700596916,625
1700600516,932
1700600518,954
1700604118,886
1700604118,999
1700607718,163
1700607718,265
1700607719,892
1700607721,318
1700607722,190
1700607782,710
1700607783,725
1700607843,664
1700607843,767
1700611443,59
1700611445,888
1700611447,787
1700611449,804
1700611449,582
1700611450,966
1700611455,654
1700611460,230
1700611462,728
1700611463,40
1700611463,904
1700611463,511
1700611463,236
1700615063,633
1700615063,711
1700615063,528
1700615065,323
1700615070,279
1700615070,27
1700618670,273
1700622270,790
1700622270,338
1700622271,949
1700622271,933
1700622271,297
1700622281,974
1700622341,634
1700622342,985
1700622347,792
1700622347,341
1700622347,286
1700622347,535
1700622352,67
1700622352,98
1700622362,51
1700622367,774
1700622377,255
1700622378,204
1700622438,372
1700622438,444
1700622439,407
1700622439,347
1700622439,981
1700622440,302
1700622450,880
1700626050,544
1700626052,220
1700626054,942
1700626054,808
1700626059,938
1700626059,124
1700626061,443
1700626066,702
1700626068,780
1700629668,568
1700633268,946
1700633278,924
1700633279,600
1700633289,429
1700633289,540
1700633289,193
1700633289,784
1700633289,629
1700633289,188
1700633299,992
1700633300,806
1700633360,744
1700633361,274
1700636961,42
1700636961,467
1700636961,442
1700636961,974
1700636966,198
1700636967,909
1700636967,563
1700636967,2
1700636968,475
1700637028,448
1700637028,435
1700637033,586
1700637033,412
1700640633,245
1700644233,884
1700644293,418
1700644293,89
1700644353,131
1700644353,56
1700644413,485
1700644415,17
1700644417,74
1700644419,747
1700644424,633
1700644424,212
1700644424,872
1700644429,601
1700644430,948
1700648030,122
1700648031,311
1700648031,226
1700648041,590
1700648043,756
1700648045,890
1700648045,263
1700648045,810
1700648045,725
1700648046,459
1700648046,374
1700651646,447
1700651646,463
1700651648,323
1700651648,638
1700651648,421
1700651649,636
1700651649,466
1700651654,640
1700651664,465
1700655264,385
1700658864,919
1700658874,999
1700658876,907
1700662476,76
1700662476,303
1700662476,741
1700662536,972
1700662596,671
1700666196,465
1700666198,217
1700669798,305
1700669798,615
1700669798,552
1700669858,744
1700669859,576
1700669861,17
1700669863,352
1700669865,265
1700669865,628
1700669867,226
1700669869,306
1700669869,765
1700669871,61
1700669876,596
1700669876,840
1700669876,857
1700673476,400
1700673476,604
1700673477,764
1700673478,592
1700673483,257
1700673484,722
1700677084,574
1700677086,557
1700677086,25
1700677086,770
1700677146,332
1700677156,973
1700677156,281
1700677216,351
1700677226,976
1700677231,334
1700677231,944
1700680831,812
1700680836,679
1700680841,296
1700680843,692
1700680843,100
1700680903,49
1700680908,473
1700680918,570
1700680923,583
1700680923,976
1700680924,361
