idx,a_int,b_drift,c_small,d_count
0,100,1000,1,30
1,107,1000,4,38
2,114,1001,7,13
3,121,1001,10,92
4,128,1002,13,50
5,135,1002,1,61
6,142,1003,4,19
7,149,1003,7,11
8,156,1004,10,8
9,163,1004,13,2
10,170,1005,1,51
11,177,1005,4,70
12,184,1006,7,37
13,191,1006,10,97
14,198,1007,13,7
15,205,1007,1,28
16,212,1008,4,66
17,219,1008,7,68
18,226,1009,10,46
19,233,1009,13,35
20,240,1010,1,99
21,247,1010,4,22
22,254,1011,7,13
23,261,1011,10,33
24,268,1012,13,27
25,275,1012,1,3
26,282,1013,4,82
27,289,1013,7,33
28,296,1014,10,34
29,303,1014,13,24
30,310,1015,1,21
31,317,1015,4,39
32,324,1016,7,37
33,331,1016,10,80
34,338,1017,13,93
35,345,1017,1,47
36,352,1018,4,11
37,359,1018,7,77
38,366,1019,10,43
39,373,1019,13,85
40,380,1020,1,49
41,387,1020,4,64
42,394,1021,7,31
43,401,1021,10,22
44,408,1022,13,31
45,415,1022,1,60
46,422,1023,4,35
47,429,1023,7,11
48,436,1024,10,70
49,443,1024,13,38
50,450,1025,1,0
51,457,1025,4,37
52,464,1026,7,73
53,471,1026,10,90
54,478,1027,13,39
55,485,1027,1,97
56,492,1028,4,65
57,499,1028,7,24
58,506,1029,10,52
59,513,1029,13,54
60,520,1030,1,76
61,527,1030,4,36
62,534,1031,7,55
63,541,1031,10,57
64,548,1032,13,20
65,555,1032,1,29
66,562,1033,4,39
67,569,1033,7,33
68,576,1034,10,5
69,583,1034,13,10
70,590,1035,1,5
71,597,1035,4,59
72,604,1036,7,80
73,611,1036,10,35
74,618,1037,13,66
75,625,1037,1,68
76,632,1038,4,82
77,639,1038,7,60
78,646,1039,10,89
79,653,1039,13,43
80,660,1040,1,18
81,667,1040,4,86
82,674,1041,7,25
83,681,1041,10,8
84,688,1042,13,52
85,695,1042,1,25
86,702,1043,4,81
87,709,1043,7,80
88,716,1044,10,56
89,723,1044,13,35
90,730,1045,1,23
91,737,1045,4,45
92,744,1046,7,55
93,751,1046,10,95
94,758,1047,13,75
95,765,1047,1,41
96,772,1048,4,81
97,779,1048,7,71
98,786,1049,10,25
99,793,1049,13,41
100,800,1050,1,12
101,807,1050,4,7
102,814,1051,7,90
103,821,1051,10,29
104,828,1052,13,35
105,835,1052,1,97
106,842,1053,4,74
107,849,1053,7,78
108,856,1054,10,30
109,863,1054,13,15
110,870,1055,1,42
111,877,1055,4,22
112,884,1056,7,37
113,891,1056,10,58
114,898,1057,13,3
115,905,1057,1,5
116,912,1058,4,45
117,919,1058,7,89
118,926,1059,10,10
119,933,1059,13,36
120,940,1060,1,94
121,947,1060,4,86
122,954,1061,7,41
123,961,1061,10,2
124,968,1062,13,41
125,975,1062,1,36
126,982,1063,4,41
127,989,1063,7,19
128,996,1064,10,99
129,1003,1064,13,83
130,1010,1065,1,52
131,1017,1065,4,79
132,1024,1066,7,87
133,1031,1066,10,9
134,1038,1067,13,37
135,1045,1067,1,79
136,1052,1068,4,24
137,1059,1068,7,56
138,1066,1069,10,37
139,1073,1069,13,17
140,1080,1070,1,32
141,1087,1070,4,48
142,1094,1071,7,76
143,1101,1071,10,20
144,1108,1072,13,42
145,1115,1072,1,73
146,1122,1073,4,1
147,1129,1073,7,46
148,1136,1074,10,5
149,1143,1074,13,58
150,1150,1075,1,21
151,1157,1075,4,46
152,1164,1076,7,100
153,1171,1076,10,46
154,1178,1077,13,37
155,1185,1077,1,73
156,1192,1078,4,12
157,1199,1078,7,56
158,1206,1079,10,26
159,1213,1079,13,54
160,1220,1080,1,26
161,1227,1080,4,14
162,1234,1081,7,7
163,1241,1081,10,7
164,1248,1082,13,7
165,1255,1082,1,94
166,1262,1083,4,21
167,1269,1083,7,76
168,1276,1084,10,86
169,1283,1084,13,19
170,1290,1085,1,77
171,1297,1085,4,5
172,1304,1086,7,69
173,1311,1086,10,62
174,1318,1087,13,74
175,1325,1087,1,31
176,1332,1088,4,41
177,1339,1088,7,4
178,1346,1089,10,15
179,1353,1089,13,67
180,1360,1090,1,37
181,1367,1090,4,99
182,1374,1091,7,52
183,1381,1091,10,83
184,1388,1092,13,25
185,1395,1092,1,61
186,1402,1093,4,25
187,1409,1093,7,30
188,1416,1094,10,56
189,1423,1094,13,52
190,1430,1095,1,62
191,1437,1095,4,4
192,1444,1096,7,28
193,1451,1096,10,53
194,1458,1097,13,56
195,1465,1097,1,31
196,1472,1098,4,82
197,1479,1098,7,54
198,1486,1099,10,27
199,1493,1099,13,63
200,1500,1100,1,24
201,1507,1100,4,4
202,1514,1101,7,4
203,1521,1101,10,32
204,1528,1102,13,32
205,1535,1102,1,31
206,1542,1103,4,67
207,1549,1103,7,26
208,1556,1104,10,98
209,1563,1104,13,29
210,1570,1105,1,53
211,1577,1105,4,33
212,1584,1106,7,18
213,1591,1106,10,41
214,1598,1107,13,6
215,1605,1107,1,40
216,1612,1108,4,72
217,1619,1108,7,14
218,1626,1109,10,72
219,1633,1109,13,51
220,1640,1110,1,83
221,1647,1110,4,83
222,1654,1111,7,91
223,1661,1111,10,95
224,1668,1112,13,5
225,1675,1112,1,63
226,1682,1113,4,49
227,1689,1113,7,11
228,1696,1114,10,55
229,1703,1114,13,26
230,1710,1115,1,73
231,1717,1115,4,21
232,1724,1116,7,43
233,1731,1116,10,37
234,1738,1117,13,84
235,1745,1117,1,60
236,1752,1118,4,82
237,1759,1118,7,40
238,1766,1119,10,53
239,1773,1119,13,67
240,1780,1120,1,27
241,1787,1120,4,83
242,1794,1121,7,87
243,1801,1121,10,34
244,1808,1122,13,43
245,1815,1122,1,50
246,1822,1123,4,63
247,1829,1123,7,9
248,1836,1124,10,35
249,1843,1124,13,80
250,1850,1125,1,85
251,1857,1125,4,24
252,1864,1126,7,5
253,1871,1126,10,50
254,1878,1127,13,79
255,1885,1127,1,16
256,1892,1128,4,98
257,1899,1128,7,34
258,1906,1129,10,85
259,1913,1129,13,7
260,1920,1130,1,21
261,1927,1130,4,88
262,1934,1131,7,81
263,1941,1131,10,59
264,1948,1132,13,72
265,1955,1132,1,60
266,1962,1133,4,95
267,1969,1133,7,51
268,1976,1134,10,49
269,1983,1134,13,27
270,1990,1135,1,0
271,1997,1135,4,27
272,2004,1136,7,20
273,2011,1136,10,1
274,2018,1137,13,78
275,2025,1137,1,32
276,2032,1138,4,14
277,2039,1138,7,50
278,2046,1139,10,98
279,2053,1139,13,100
280,2060,1140,1,48
281,2067,1140,4,28
282,2074,1141,7,70
283,2081,1141,10,6
284,2088,1142,13,25
285,2095,1142,1,20
286,2102,1143,4,85
287,2109,1143,7,77
288,2116,1144,10,42
289,2123,1144,13,71
290,2130,1145,1,99
291,2137,1145,4,100
292,2144,1146,7,60
293,2151,1146,10,67
294,2158,1147,13,56
295,2165,1147,1,3
296,2172,1148,4,10
297,2179,1148,7,4
298,2186,1149,10,89
299,2193,1149,13,76
300,2200,1150,1,14
301,2207,1150,4,62
302,2214,1151,7,71
303,2221,1151,10,32
304,2228,1152,13,77
305,2235,1152,1,99
306,2242,1153,4,17
307,2249,1153,7,5
308,2256,1154,10,46
309,2263,1154,13,10
310,2270,1155,1,98
311,2277,1155,4,66
312,2284,1156,7,1
313,2291,1156,10,38
314,2298,1157,13,44
315,2305,1157,1,9
316,2312,1158,4,10
317,2319,1158,7,69
318,2326,1159,10,58
319,2333,1159,13,48
320,2340,1160,1,26
321,2347,1160,4,100
322,2354,1161,7,39
323,2361,1161,10,49
324,2368,1162,13,29
325,2375,1162,1,97
326,2382,1163,4,62
327,2389,1163,7,51
328,2396,1164,10,12
329,2403,1164,13,9
330,2410,1165,1,14
331,2417,1165,4,79
332,2424,1166,7,46
333,2431,1166,10,65
334,2438,1167,13,55
335,2445,1167,1,53
336,2452,1168,4,91
337,2459,1168,7,99
338,2466,1169,10,56
339,2473,1169,13,8
340,2480,1170,1,80
341,2487,1170,4,25
342,2494,1171,7,81
343,2501,1171,10,38
344,2508,1172,13,61
345,2515,1172,1,54
346,2522,1173,4,15
347,2529,1173,7,71
348,2536,1174,10,21
349,2543,1174,13,47
350,2550,1175,1,20
351,2557,1175,4,22
352,2564,1176,7,90
353,2571,1176,10,19
354,2578,1177,13,41
355,2585,1177,1,63
356,2592,1178,4,43
357,2599,1178,7,33
358,2606,1179,10,69
359,2613,1179,13,0
360,2620,1180,1,90
361,2627,1180,4,21
362,2634,1181,7,0
363,2641,1181,10,82
364,2648,1182,13,39
365,2655,1182,1,15
366,2662,1183,4,69
367,2669,1183,7,14
368,2676,1184,10,62
369,2683,1184,13,100
370,2690,1185,1,91
371,2697,1185,4,76
372,2704,1186,7,61
373,2711,1186,10,67
374,2718,1187,13,9
375,2725,1187,1,66
376,2732,1188,4,31
377,2739,1188,7,52
378,2746,1189,10,37
379,2753,1189,13,45
380,2760,1190,1,29
381,2767,1190,4,98
382,2774,1191,7,23
383,2781,1191,10,80
384,2788,1192,13,0
385,2795,1192,1,86
386,2802,1193,4,6
387,2809,1193,7,78
388,2816,1194,10,40
389,2823,1194,13,69
390,2830,1195,1,59
391,2837,1195,4,100
392,2844,1196,7,72
393,2851,1196,10,39
394,2858,1197,13,64
395,2865,1197,1,100
396,2872,1198,4,56
397,2879,1198,7,78
398,2886,1199,10,79
399,2893,1199,13,56
400,2900,1200,1,50
401,2907,1200,4,18
402,2914,1201,7,32
403,2921,1201,10,98
404,2928,1202,13,76
405,2935,1202,1,46
406,2942,1203,4,84
407,2949,1203,7,43
408,2956,1204,10,17
409,2963,1204,13,55
410,2970,1205,1,10
411,2977,1205,4,77
412,2984,1206,7,18
413,2991,1206,10,86
414,2998,1207,13,79
415,3005,1207,1,22
416,3012,1208,4,36
417,3019,1208,7,47
418,3026,1209,10,25
419,3033,1209,13,73
420,3040,1210,1,44
421,3047,1210,4,86
422,3054,1211,7,79
423,3061,1211,10,11
424,3068,1212,13,9
425,3075,1212,1,51
426,3082,1213,4,82
427,3089,1213,7,22
428,3096,1214,10,42
429,3103,1214,13,83
430,3110,1215,1,47
431,3117,1215,4,41
432,3124,1216,7,22
433,3131,1216,10,38
434,3138,1217,13,2
435,3145,1217,1,77
436,3152,1218,4,2
437,3159,1218,7,67
438,3166,1219,10,96
439,3173,1219,13,11
440,3180,1220,1,45
441,3187,1220,4,12
442,3194,1221,7,20
443,3201,1221,10,23
444,3208,1222,13,74
445,3215,1222,1,63
446,3222,1223,4,84
447,3229,1223,7,73
448,3236,1224,10,9
449,3243,1224,13,97
450,3250,1225,1,14
451,3257,1225,4,22
452,3264,1226,7,83
453,3271,1226,10,61
454,3278,1227,13,86
455,3285,1227,1,95
456,3292,1228,4,28
457,3299,1228,7,79
458,3306,1229,10,100
459,3313,1229,13,84
460,3320,1230,1,38
461,3327,1230,4,88
462,3334,1231,7,51
463,3341,1231,10,76
464,3348,1232,13,30
465,3355,1232,1,62
466,3362,1233,4,90
467,3369,1233,7,28
468,3376,1234,10,39
469,3383,1234,13,47
470,3390,1235,1,29
471,3397,1235,4,95
472,3404,1236,7,41
473,3411,1236,10,68
474,3418,1237,13,80
475,3425,1237,1,67
476,3432,1238,4,57
477,3439,1238,7,51
478,3446,1239,10,64
479,3453,1239,13,51
480,3460,1240,1,40
481,3467,1240,4,36
482,3474,1241,7,56
483,3481,1241,10,52
484,3488,1242,13,75
485,3495,1242,1,1
486,3502,1243,4,32
487,3509,1243,7,23
488,3516,1244,10,69
489,3523,1244,13,58
490,3530,1245,1,88
491,3537,1245,4,71
492,3544,1246,7,78
493,3551,1246,10,46
494,3558,1247,13,51
495,3565,1247,1,49
496,3572,1248,4,79
497,3579,1248,7,3
498,3586,1249,10,19
499,3593,1249,13,65
500,3600,1250,1,8
501,3607,1250,4,58
502,3614,1251,7,80
503,3621,1251,10,44
504,3628,1252,13,77
505,3635,1252,1,39
506,3642,1253,4,11
507,3649,1253,7,96
508,3656,1254,10,33
509,3663,1254,13,61
510,3670,1255,1,28
511,3677,1255,4,81
512,3684,1256,7,61
513,3691,1256,10,77
514,3698,1257,13,99
515,3705,1257,1,8
516,3712,1258,4,19
517,3719,1258,7,30
518,3726,1259,10,8
519,3733,1259,13,38
520,3740,1260,1,16
521,3747,1260,4,6
522,3754,1261,7,20
523,3761,1261,10,50
524,3768,1262,13,74
525,3775,1262,1,87
526,3782,1263,4,79
527,3789,1263,7,70
528,3796,1264,10,91
529,3803,1264,13,68
530,3810,1265,1,33
531,3817,1265,4,2
532,3824,1266,7,67
533,3831,1266,10,31
534,3838,1267,13,20
535,3845,1267,1,96
536,3852,1268,4,12
537,3859,1268,7,26
538,3866,1269,10,4
539,3873,1269,13,40
540,3880,1270,1,10
541,3887,1270,4,15
542,3894,1271,7,34
543,3901,1271,10,7
544,3908,1272,13,82
545,3915,1272,1,36
546,3922,1273,4,78
547,3929,1273,7,80
548,3936,1274,10,89
549,3943,1274,13,22
550,3950,1275,1,93
551,3957,1275,4,19
552,3964,1276,7,83
553,3971,1276,10,53
554,3978,1277,13,16
555,3985,1277,1,90
556,3992,1278,4,92
557,3999,1278,7,10
558,4006,1279,10,71
559,4013,1279,13,46
560,4020,1280,1,88
561,4027,1280,4,0
562,4034,1281,7,92
563,4041,1281,10,70
564,4048,1282,13,19
565,4055,1282,1,64
566,4062,1283,4,52
567,4069,1283,7,19
568,4076,1284,10,27
569,4083,1284,13,38
570,4090,1285,1,61
571,4097,1285,4,64
572,4104,1286,7,8
573,4111,1286,10,48
574,4118,1287,13,21
575,4125,1287,1,20
576,4132,1288,4,32
577,4139,1288,7,65
578,4146,1289,10,50
579,4153,1289,13,68
580,4160,1290,1,87
581,4167,1290,4,38
582,4174,1291,7,51
583,4181,1291,10,42
584,4188,1292,13,21
585,4195,1292,1,49
586,4202,1293,4,7
587,4209,1293,7,54
588,4216,1294,10,3
589,4223,1294,13,35
590,4230,1295,1,86
591,4237,1295,4,2
592,4244,1296,7,38
593,4251,1296,10,19
594,4258,1297,13,10
595,4265,1297,1,20
596,4272,1298,4,14
597,4279,1298,7,77
598,4286,1299,10,1
599,4293,1299,13,29
600,4300,1300,1,29
601,4307,1300,4,70
602,4314,1301,7,1
603,4321,1301,10,61
604,4328,1302,13,91
605,4335,1302,1,68
606,4342,1303,4,23
607,4349,1303,7,57
608,4356,1304,10,93
609,4363,1304,13,90
610,4370,1305,1,87
611,4377,1305,4,89
612,4384,1306,7,48
613,4391,1306,10,43
614,4398,1307,13,22
615,4405,1307,1,67
616,4412,1308,4,75
617,4419,1308,7,24
618,4426,1309,10,13
619,4433,1309,13,60
620,4440,1310,1,79
621,4447,1310,4,45
622,4454,1311,7,39
623,4461,1311,10,82
624,4468,1312,13,52
625,4475,1312,1,76
626,4482,1313,4,94
627,4489,1313,7,4
628,4496,1314,10,80
629,4503,1314,13,27
630,4510,1315,1,32
631,4517,1315,4,74
632,4524,1316,7,84
633,4531,1316,10,75
634,4538,1317,13,39
635,4545,1317,1,100
636,4552,1318,4,61
637,4559,1318,7,80
638,4566,1319,10,43
639,4573,1319,13,10
640,4580,1320,1,30
641,4587,1320,4,40
642,4594,1321,7,13
643,4601,1321,10,84
644,4608,1322,13,89
645,4615,1322,1,4
646,4622,1323,4,77
647,4629,1323,7,41
648,4636,1324,10,67
649,4643,1324,13,60
650,4650,1325,1,45
651,4657,1325,4,10
652,4664,1326,7,22
653,4671,1326,10,91
654,4678,1327,13,5
655,4685,1327,1,63
656,4692,1328,4,66
657,4699,1328,7,69
658,4706,1329,10,76
659,4713,1329,13,91
660,4720,1330,1,31
661,4727,1330,4,4
662,4734,1331,7,25
663,4741,1331,10,86
664,4748,1332,13,9
665,4755,1332,1,43
666,4762,1333,4,100
667,4769,1333,7,77
668,4776,1334,10,17
669,4783,1334,13,89
670,4790,1335,1,39
671,4797,1335,4,14
672,4804,1336,7,64
673,4811,1336,10,65
674,4818,1337,13,0
675,4825,1337,1,9
676,4832,1338,4,28
677,4839,1338,7,79
678,4846,1339,10,35
679,4853,1339,13,79
680,4860,1340,1,2
681,4867,1340,4,93
682,4874,1341,7,4
683,4881,1341,10,1
684,4888,1342,13,61
685,4895,1342,1,89
686,4902,1343,4,18
687,4909,1343,7,27
688,4916,1344,10,46
689,4923,1344,13,31
690,4930,1345,1,94
691,4937,1345,4,95
692,4944,1346,7,44
693,4951,1346,10,38
694,4958,1347,13,49
695,4965,1347,1,80
696,4972,1348,4,77
697,4979,1348,7,51
698,4986,1349,10,4
699,4993,1349,13,22
700,5000,1350,1,52
701,5007,1350,4,63
702,5014,1351,7,8
703,5021,1351,10,96
704,5028,1352,13,65
705,5035,1352,1,65
706,5042,1353,4,38
707,5049,1353,7,71
708,5056,1354,10,88
709,5063,1354,13,36
710,5070,1355,1,100
711,5077,1355,4,26
712,5084,1356,7,90
713,5091,1356,10,90
714,5098,1357,13,55
715,5105,1357,1,41
716,5112,1358,4,22
717,5119,1358,7,27
718,5126,1359,10,2
719,5133,1359,13,61
720,5140,1360,1,55
721,5147,1360,4,35
722,5154,1361,7,42
723,5161,1361,10,96
724,5168,1362,13,52
725,5175,1362,1,80
726,5182,1363,4,52
727,5189,1363,7,41
728,5196,1364,10,96
729,5203,1364,13,79
730,5210,1365,1,26
731,5217,1365,4,32
732,5224,1366,7,35
733,5231,1366,10,65
734,5238,1367,13,11
735,5245,1367,1,3
736,5252,1368,4,51
737,5259,1368,7,33
738,5266,1369,10,77
739,5273,1369,13,36
740,5280,1370,1,86
741,5287,1370,4,82
742,5294,1371,7,16
743,5301,1371,10,78
744,5308,1372,13,97
745,5315,1372,1,40
746,5322,1373,4,11
747,5329,1373,7,100
748,5336,1374,10,21
749,5343,1374,13,79
750,5350,1375,1,11
751,5357,1375,4,89
752,5364,1376,7,27
753,5371,1376,10,32
754,5378,1377,13,85
755,5385,1377,1,27
756,5392,1378,4,82
757,5399,1378,7,63
758,5406,1379,10,97
759,5413,1379,13,14
760,5420,1380,1,82
761,5427,1380,4,43
762,5434,1381,7,1
763,5441,1381,10,58
764,5448,1382,13,72
765,5455,1382,1,26
766,5462,1383,4,21
767,5469,1383,7,11
768,5476,1384,10,31
769,5483,1384,13,66
770,5490,1385,1,12
771,5497,1385,4,14
772,5504,1386,7,40
773,5511,1386,10,37
774,5518,1387,13,72
775,5525,1387,1,74
776,5532,1388,4,84
777,5539,1388,7,19
778,5546,1389,10,95
779,5553,1389,13,9
780,5560,1390,1,84
781,5567,1390,4,22
782,5574,1391,7,91
783,5581,1391,10,95
784,5588,1392,13,3
785,5595,1392,1,96
786,5602,1393,4,98
787,5609,1393,7,23
788,5616,1394,10,86
789,5623,1394,13,26
790,5630,1395,1,33
791,5637,1395,4,4
792,5644,1396,7,75
793,5651,1396,10,41
794,5658,1397,13,80
795,5665,1397,1,42
796,5672,1398,4,94
797,5679,1398,7,98
798,5686,1399,10,77
799,5693,1399,13,46
800,5700,1400,1,20
801,5707,1400,4,21
802,5714,1401,7,96
803,5721,1401,10,27
804,5728,1402,13,6
805,5735,1402,1,6
806,5742,1403,4,20
807,5749,1403,7,87
808,5756,1404,10,7
809,5763,1404,13,86
810,5770,1405,1,33
811,5777,1405,4,90
812,5784,1406,7,85
813,5791,1406,10,85
814,5798,1407,13,63
815,5805,1407,1,13
816,5812,1408,4,25
817,5819,1408,7,17
818,5826,1409,10,50
819,5833,1409,13,61
820,5840,1410,1,76
821,5847,1410,4,69
822,5854,1411,7,63
823,5861,1411,10,69
824,5868,1412,13,41
825,5875,1412,1,46
826,5882,1413,4,55
827,5889,1413,7,95
828,5896,1414,10,51
829,5903,1414,13,4
830,5910,1415,1,97
831,5917,1415,4,4
832,5924,1416,7,23
833,5931,1416,10,19
834,5938,1417,13,45
835,5945,1417,1,28
836,5952,1418,4,37
837,5959,1418,7,30
838,5966,1419,10,46
839,5973,1419,13,73
840,5980,1420,1,24
841,5987,1420,4,79
842,5994,1421,7,86
843,6001,1421,10,44
844,6008,1422,13,49
845,6015,1422,1,46
846,6022,1423,4,68
847,6029,1423,7,90
848,6036,1424,10,14
849,6043,1424,13,28
850,6050,1425,1,24
851,6057,1425,4,44
852,6064,1426,7,23
853,6071,1426,10,68
854,6078,1427,13,27
855,6085,1427,1,2
856,6092,1428,4,3
857,6099,1428,7,15
858,6106,1429,10,24
859,6113,1429,13,37
860,6120,1430,1,88
861,6127,1430,4,93
862,6134,1431,7,41
863,6141,1431,10,69
864,6148,1432,13,63
865,6155,1432,1,5
866,6162,1433,4,39
867,6169,1433,7,92
868,6176,1434,10,50
869,6183,1434,13,20
870,6190,1435,1,17
871,6197,1435,4,48
872,6204,1436,7,79
873,6211,1436,10,59
874,6218,1437,13,44
875,6225,1437,1,45
876,6232,1438,4,0
877,6239,1438,7,57
878,6246,1439,10,89
879,6253,1439,13,17
880,6260,1440,1,57
881,6267,1440,4,3
882,6274,1441,7,95
883,6281,1441,10,100
884,6288,1442,13,93
885,6295,1442,1,91
886,6302,1443,4,53
887,6309,1443,7,27
888,6316,1444,10,14
889,6323,1444,13,42
890,6330,1445,1,37
891,6337,1445,4,76
892,6344,1446,7,71
893,6351,1446,10,6
894,6358,1447,13,10
895,6365,1447,1,61
896,6372,1448,4,20
897,6379,1448,7,86
898,6386,1449,10,67
899,6393,1449,13,7
900,6400,1450,1,23
901,6407,1450,4,78
902,6414,1451,7,30
903,6421,1451,10,76
904,6428,1452,13,42
905,6435,1452,1,76
906,6442,1453,4,2
907,6449,1453,7,92
908,6456,1454,10,84
909,6463,1454,13,2
910,6470,1455,1,48
911,6477,1455,4,55
912,6484,1456,7,29
913,6491,1456,10,74
914,6498,1457,13,17
915,6505,1457,1,79
916,6512,1458,4,5
917,6519,1458,7,17
918,6526,1459,10,23
919,6533,1459,13,77
920,6540,1460,1,36
921,6547,1460,4,29
922,6554,1461,7,55
923,6561,1461,10,94
924,6568,1462,13,40
925,6575,1462,1,69
926,6582,1463,4,81
927,6589,1463,7,47
928,6596,1464,10,21
929,6603,1464,13,93
930,6610,1465,1,44
931,6617,1465,4,86
932,6624,1466,7,69
933,6631,1466,10,84
934,6638,1467,13,73
935,6645,1467,1,44
936,6652,1468,4,33
937,6659,1468,7,76
938,6666,1469,10,42
939,6673,1469,13,68
940,6680,1470,1,4
941,6687,1470,4,69
942,6694,1471,7,19
943,6701,1471,10,46
944,6708,1472,13,73
945,6715,1472,1,25
946,6722,1473,4,63
947,6729,1473,7,60
948,6736,1474,10,15
949,6743,1474,13,9
950,6750,1475,1,80
951,6757,1475,4,76
952,6764,1476,7,25
953,6771,1476,10,20
954,6778,1477,13,18
955,6785,1477,1,70
956,6792,1478,4,91
957,6799,1478,7,17
958,6806,1479,10,76
959,6813,1479,13,6
960,6820,1480,1,68
961,6827,1480,4,44
962,6834,1481,7,10
963,6841,1481,10,90
964,6848,1482,13,6
965,6855,1482,1,100
966,6862,1483,4,77
967,6869,1483,7,19
968,6876,1484,10,69
969,6883,1484,13,22
970,6890,1485,1,33
971,6897,1485,4,79
972,6904,1486,7,7
973,6911,1486,10,37
974,6918,1487,13,60
975,6925,1487,1,35
976,6932,1488,4,26
977,6939,1488,7,82
978,6946,1489,10,60
979,6953,1489,13,97
980,6960,1490,1,36
981,6967,1490,4,67
982,6974,1491,7,88
983,6981,1491,10,96
984,6988,1492,13,7
985,6995,1492,1,17
986,7002,1493,4,36
987,7009,1493,7,53
988,7016,1494,10,5
989,7023,1494,13,0
990,7030,1495,1,44
991,7037,1495,4,67
992,7044,1496,7,77
993,7051,1496,10,46
994,7058,1497,13,9
995,7065,1497,1,25
996,7072,1498,4,55
997,7079,1498,7,86
998,7086,1499,10,10
999,7093,1499,13,54
1000,7100,1500,1,100
1001,7107,1500,4,4
1002,7114,1501,7,36
1003,7121,1501,10,25
1004,7128,1502,13,86
1005,7135,1502,1,25
1006,7142,1503,4,22
1007,7149,1503,7,25
1008,7156,1504,10,91
1009,7163,1504,13,95
1010,7170,1505,1,10
1011,7177,1505,4,11
1012,7184,1506,7,1
1013,7191,1506,10,0
1014,7198,1507,13,37
1015,7205,1507,1,66
1016,7212,1508,4,66
1017,7219,1508,7,67
1018,7226,1509,10,54
1019,7233,1509,13,8
1020,7240,1510,1,11
1021,7247,1510,4,66
1022,7254,1511,7,81
1023,7261,1511,10,43
1024,7268,1512,13,85
1025,7275,1512,1,21
1026,7282,1513,4,80
1027,7289,1513,7,25
1028,7296,1514,10,65
1029,7303,1514,13,88
1030,7310,1515,1,70
1031,7317,1515,4,7
1032,7324,1516,7,88
1033,7331,1516,10,7
1034,7338,1517,13,8
1035,7345,1517,1,17
1036,7352,1518,4,55
1037,7359,1518,7,17
1038,7366,1519,10,13
1039,7373,1519,13,97
1040,7380,1520,1,66
1041,7387,1520,4,41
1042,7394,1521,7,65
1043,7401,1521,10,43
1044,7408,1522,13,85
1045,7415,1522,1,35
1046,7422,1523,4,17
1047,7429,1523,7,75
1048,7436,1524,10,74
1049,7443,1524,13,15
1050,7450,1525,1,74
1051,7457,1525,4,82
1052,7464,1526,7,79
1053,7471,1526,10,9
1054,7478,1527,13,77
1055,7485,1527,1,0
1056,7492,1528,4,20
1057,7499,1528,7,5
1058,7506,1529,10,98
1059,7513,1529,13,34
1060,7520,1530,1,69
1061,7527,1530,4,82
1062,7534,1531,7,54
1063,7541,1531,10,99
1064,7548,1532,13,38
1065,7555,1532,1,75
1066,7562,1533,4,45
1067,7569,1533,7,97
1068,7576,1534,10,19
1069,7583,1534,13,67
1070,7590,1535,1,46
1071,7597,1535,4,68
1072,7604,1536,7,58
1073,7611,1536,10,31
1074,7618,1537,13,79
1075,7625,1537,1,57
1076,7632,1538,4,21
1077,7639,1538,7,61
1078,7646,1539,10,83
1079,7653,1539,13,74
1080,7660,1540,1,69
1081,7667,1540,4,3
1082,7674,1541,7,74
1083,7681,1541,10,71
1084,7688,1542,13,72
1085,7695,1542,1,24
1086,7702,1543,4,33
1087,7709,1543,7,75
1088,7716,1544,10,87
1089,7723,1544,13,73
1090,7730,1545,1,92
1091,7737,1545,4,76
1092,7744,1546,7,89
1093,7751,1546,10,57
1094,7758,1547,13,42
1095,7765,1547,1,20
1096,7772,1548,4,38
1097,7779,1548,7,20
1098,7786,1549,10,40
1099,7793,1549,13,38
1100,7800,1550,1,40
1101,7807,1550,4,90
1102,7814,1551,7,26
1103,7821,1551,10,68
1104,7828,1552,13,61
1105,7835,1552,1,79
1106,7842,1553,4,37
1107,7849,1553,7,34
1108,7856,1554,10,47
1109,7863,1554,13,84
1110,7870,1555,1,21
1111,7877,1555,4,40
1112,7884,1556,7,12
1113,7891,1556,10,29
1114,7898,1557,13,42
1115,7905,1557,1,81
1116,7912,1558,4,24
1117,7919,1558,7,22
1118,7926,1559,10,56
1119,7933,1559,13,12
1120,7940,1560,1,39
1121,7947,1560,4,4
1122,7954,1561,7,66
1123,7961,1561,10,0
1124,7968,1562,13,5
1125,7975,1562,1,0
1126,7982,1563,4,83
1127,7989,1563,7,87
1128,7996,1564,10,71
1129,8003,1564,13,22
1130,8010,1565,1,28
1131,8017,1565,4,31
1132,8024,1566,7,47
1133,8031,1566,10,82
1134,8038,1567,13,50
1135,8045,1567,1,49
1136,8052,1568,4,30
1137,8059,1568,7,80
1138,8066,1569,10,56
1139,8073,1569,13,93
1140,8080,1570,1,55
1141,8087,1570,4,37
1142,8094,1571,7,64
1143,8101,1571,10,11
1144,8108,1572,13,43
1145,8115,1572,1,5
1146,8122,1573,4,12
1147,8129,1573,7,23
1148,8136,1574,10,7
1149,8143,1574,13,52
1150,8150,1575,1,0
1151,8157,1575,4,50
1152,8164,1576,7,20
1153,8171,1576,10,55
1154,8178,1577,13,87
1155,8185,1577,1,94
1156,8192,1578,4,5
1157,8199,1578,7,71
1158,8206,1579,10,28
1159,8213,1579,13,47
1160,8220,1580,1,43
1161,8227,1580,4,65
1162,8234,1581,7,44
1163,8241,1581,10,87
1164,8248,1582,13,16
1165,8255,1582,1,0
1166,8262,1583,4,44
1167,8269,1583,7,46
1168,8276,1584,10,12
1169,8283,1584,13,97
1170,8290,1585,1,48
1171,8297,1585,4,73
1172,8304,1586,7,27
1173,8311,1586,10,62
1174,8318,1587,13,45
1175,8325,1587,1,73
1176,8332,1588,4,55
1177,8339,1588,7,70
1178,8346,1589,10,93
1179,8353,1589,13,11
1180,8360,1590,1,50
1181,8367,1590,4,20
1182,8374,1591,7,11
1183,8381,1591,10,57
1184,8388,1592,13,49
1185,8395,1592,1,67
1186,8402,1593,4,26
1187,8409,1593,7,96
1188,8416,1594,10,3
1189,8423,1594,13,11
1190,8430,1595,1,36
1191,8437,1595,4,12
1192,8444,1596,7,16
1193,8451,1596,10,16
1194,8458,1597,13,58
1195,8465,1597,1,56
1196,8472,1598,4,94
1197,8479,1598,7,44
1198,8486,1599,10,97
1199,8493,1599,13,52
1200,8500,1600,1,40
1201,8507,1600,4,51
1202,8514,1601,7,85
1203,8521,1601,10,39
1204,8528,1602,13,100
1205,8535,1602,1,50
1206,8542,1603,4,93
1207,8549,1603,7,13
1208,8556,1604,10,43
1209,8563,1604,13,48
1210,8570,1605,1,65
1211,8577,1605,4,9
1212,8584,1606,7,90
1213,8591,1606,10,62
1214,8598,1607,13,55
1215,8605,1607,1,91
1216,8612,1608,4,47
1217,8619,1608,7,29
1218,8626,1609,10,73
1219,8633,1609,13,79
1220,8640,1610,1,20
1221,8647,1610,4,54
1222,8654,1611,7,36
1223,8661,1611,10,15
1224,8668,1612,13,42
1225,8675,1612,1,68
1226,8682,1613,4,4
1227,8689,1613,7,66
1228,8696,1614,10,99
1229,8703,1614,13,80
1230,8710,1615,1,86
1231,8717,1615,4,87
1232,8724,1616,7,30
1233,8731,1616,10,78
1234,8738,1617,13,23
1235,8745,1617,1,99
1236,8752,1618,4,61
1237,8759,1618,7,29
1238,8766,1619,10,66
1239,8773,1619,13,45
1240,8780,1620,1,54
1241,8787,1620,4,56
1242,8794,1621,7,53
1243,8801,1621,10,68
1244,8808,1622,13,85
1245,8815,1622,1,15
1246,8822,1623,4,63
1247,8829,1623,7,1
1248,8836,1624,10,89
1249,8843,1624,13,55
1250,8850,1625,1,97
1251,8857,1625,4,45
1252,8864,1626,7,60
1253,8871,1626,10,94
1254,8878,1627,13,95
1255,8885,1627,1,35
1256,8892,1628,4,25
1257,8899,1628,7,18
1258,8906,1629,10,42
1259,8913,1629,13,46
1260,8920,1630,1,19
1261,8927,1630,4,33
1262,8934,1631,7,69
1263,8941,1631,10,91
1264,8948,1632,13,72
1265,8955,1632,1,84
1266,8962,1633,4,61
1267,8969,1633,7,98
1268,8976,1634,10,76
1269,8983,1634,13,17
1270,8990,1635,1,62
1271,8997,1635,4,49
1272,9004,1636,7,94
1273,9011,1636,10,61
1274,9018,1637,13,44
1275,9025,1637,1,79
1276,9032,1638,4,65
1277,9039,1638,7,96
1278,9046,1639,10,100
1279,9053,1639,13,4
1280,9060,1640,1,95
1281,9067,1640,4,85
1282,9074,1641,7,55
1283,9081,1641,10,32
1284,9088,1642,13,75
1285,9095,1642,1,79
1286,9102,1643,4,88
1287,9109,1643,7,23
1288,9116,1644,10,82
1289,9123,1644,13,68
1290,9130,1645,1,22
1291,9137,1645,4,2
1292,9144,1646,7,58
1293,9151,1646,10,87
1294,9158,1647,13,73
1295,9165,1647,1,39
1296,9172,1648,4,16
1297,9179,1648,7,5
1298,9186,1649,10,0
1299,9193,1649,13,29
1300,9200,1650,1,98
1301,9207,1650,4,43
1302,9214,1651,7,19
1303,9221,1651,10,40
1304,9228,1652,13,41
1305,9235,1652,1,57
1306,9242,1653,4,73
1307,9249,1653,7,29
1308,9256,1654,10,35
1309,9263,1654,13,7
1310,9270,1655,1,85
1311,9277,1655,4,8
1312,9284,1656,7,4
1313,9291,1656,10,56
1314,9298,1657,13,14
1315,9305,1657,1,92
1316,9312,1658,4,94
1317,9319,1658,7,81
1318,9326,1659,10,31
1319,9333,1659,13,28
1320,9340,1660,1,60
1321,9347,1660,4,68
1322,9354,1661,7,8
1323,9361,1661,10,69
1324,9368,1662,13,78
1325,9375,1662,1,20
1326,9382,1663,4,22
1327,9389,1663,7,25
1328,9396,1664,10,0
1329,9403,1664,13,24
1330,9410,1665,1,65
1331,9417,1665,4,24
1332,9424,1666,7,28
1333,9431,1666,10,1
1334,9438,1667,13,64
1335,9445,1667,1,61
1336,9452,1668,4,41
1337,9459,1668,7,44
1338,9466,1669,10,33
1339,9473,1669,13,73
1340,9480,1670,1,51
1341,9487,1670,4,73
1342,9494,1671,7,16
1343,9501,1671,10,90
1344,9508,1672,13,96
1345,9515,1672,1,43
1346,9522,1673,4,84
1347,9529,1673,7,81
1348,9536,1674,10,89
1349,9543,1674,13,15
1350,9550,1675,1,78
1351,9557,1675,4,32
1352,9564,1676,7,33
1353,9571,1676,10,12
1354,9578,1677,13,7
1355,9585,1677,1,43
1356,9592,1678,4,90
1357,9599,1678,7,7
1358,9606,1679,10,99
1359,9613,1679,13,49
1360,9620,1680,1,8
1361,9627,1680,4,26
1362,9634,1681,7,91
1363,9641,1681,10,31
1364,9648,1682,13,6
1365,9655,1682,1,62
1366,9662,1683,4,93
1367,9669,1683,7,49
1368,9676,1684,10,46
1369,9683,1684,13,8
1370,9690,1685,1,97
1371,9697,1685,4,81
1372,9704,1686,7,91
1373,9711,1686,10,10
1374,9718,1687,13,18
1375,9725,1687,1,92
1376,9732,1688,4,57
1377,9739,1688,7,90
1378,9746,1689,10,93
1379,9753,1689,13,54
1380,9760,1690,1,65
1381,9767,1690,4,48
1382,9774,1691,7,89
1383,9781,1691,10,13
1384,9788,1692,13,21
1385,9795,1692,1,18
1386,9802,1693,4,4
1387,9809,1693,7,21
1388,9816,1694,10,80
1389,9823,1694,13,58
1390,9830,1695,1,68
1391,9837,1695,4,67
1392,9844,1696,7,60
1393,9851,1696,10,56
1394,9858,1697,13,46
1395,9865,1697,1,72
1396,9872,1698,4,55
1397,9879,1698,7,31
1398,9886,1699,10,81
1399,9893,1699,13,32
1400,9900,1700,1,34
1401,9907,1700,4,73
1402,9914,1701,7,0
1403,9921,1701,10,34
1404,9928,1702,13,50
1405,9935,1702,1,88
1406,9942,1703,4,72
1407,9949,1703,7,42
1408,9956,1704,10,89
1409,9963,1704,13,36
1410,9970,1705,1,100
1411,9977,1705,4,90
1412,9984,1706,7,15
1413,9991,1706,10,20
1414,9998,1707,13,65
1415,10005,1707,1,99
1416,10012,1708,4,24
1417,10019,1708,7,20
1418,10026,1709,10,88
1419,10033,1709,13,99
1420,10040,1710,1,49
1421,10047,1710,4,84
1422,10054,1711,7,69
1423,10061,1711,10,16
1424,10068,1712,13,83
1425,10075,1712,1,23
1426,10082,1713,4,78
1427,10089,1713,7,24
1428,10096,1714,10,71
1429,10103,1714,13,9
1430,10110,1715,1,69
1431,10117,1715,4,95
1432,10124,1716,7,9
1433,10131,1716,10,39
1434,10138,1717,13,3
1435,10145,1717,1,10
1436,10152,1718,4,64
1437,10159,1718,7,58
1438,10166,1719,10,86
1439,10173,1719,13,12
1440,10180,1720,1,82
1441,10187,1720,4,67
1442,10194,1721,7,0
1443,10201,1721,10,35
1444,10208,1722,13,33
1445,10215,1722,1,25
1446,10222,1723,4,98
1447,10229,1723,7,97
1448,10236,1724,10,24
1449,10243,1724,13,14
1450,10250,1725,1,32
1451,10257,1725,4,74
1452,10264,1726,7,51
1453,10271,1726,10,34
1454,10278,1727,13,67
1455,10285,1727,1,34
1456,10292,1728,4,0
1457,10299,1728,7,13
1458,10306,1729,10,51
1459,10313,1729,13,46
1460,10320,1730,1,76
1461,10327,1730,4,20
1462,10334,1731,7,94
1463,10341,1731,10,62
1464,10348,1732,13,76
1465,10355,1732,1,92
1466,10362,1733,4,43
1467,10369,1733,7,90
1468,10376,1734,10,95
1469,10383,1734,13,24
1470,10390,1735,1,62
1471,10397,1735,4,31
1472,10404,1736,7,21
1473,10411,1736,10,97
1474,10418,1737,13,21
1475,10425,1737,1,42
1476,10432,1738,4,93
1477,10439,1738,7,4
1478,10446,1739,10,26
1479,10453,1739,13,24
1480,10460,1740,1,93
1481,10467,1740,4,68
1482,10474,1741,7,59
1483,10481,1741,10,67
1484,10488,1742,13,41
1485,10495,1742,1,16
1486,10502,1743,4,78
1487,10509,1743,7,21
1488,10516,1744,10,46
1489,10523,1744,13,74
1490,10530,1745,1,65
1491,10537,1745,4,55
1492,10544,1746,7,95
1493,10551,1746,10,57
1494,10558,1747,13,46
1495,10565,1747,1,41
1496,10572,1748,4,88
1497,10579,1748,7,97
1498,10586,1749,10,96
1499,10593,1749,13,9
1500,10600,1750,1,58
1501,10607,1750,4,62
1502,10614,1751,7,34
1503,10621,1751,10,33
1504,10628,1752,13,19
1505,10635,1752,1,14
1506,10642,1753,4,90
1507,10649,1753,7,84
1508,10656,1754,10,32
1509,10663,1754,13,95
1510,10670,1755,1,56
1511,10677,1755,4,76
1512,10684,1756,7,64
1513,10691,1756,10,83
1514,10698,1757,13,62
1515,10705,1757,1,89
1516,10712,1758,4,58
1517,10719,1758,7,10
1518,10726,1759,10,34
1519,10733,1759,13,47
1520,10740,1760,1,95
1521,10747,1760,4,69
1522,10754,1761,7,12
1523,10761,1761,10,77
1524,10768,1762,13,38
1525,10775,1762,1,78
1526,10782,1763,4,1
1527,10789,1763,7,20
1528,10796,1764,10,49
1529,10803,1764,13,65
1530,10810,1765,1,22
1531,10817,1765,4,86
1532,10824,1766,7,49
1533,10831,1766,10,61
1534,10838,1767,13,22
1535,10845,1767,1,4
1536,10852,1768,4,40
1537,10859,1768,7,28
1538,10866,1769,10,80
1539,10873,1769,13,31
1540,10880,1770,1,51
1541,10887,1770,4,68
1542,10894,1771,7,21
1543,10901,1771,10,24
1544,10908,1772,13,60
1545,10915,1772,1,91
1546,10922,1773,4,85
1547,10929,1773,7,58
1548,10936,1774,10,38
1549,10943,1774,13,49
1550,10950,1775,1,34
1551,10957,1775,4,42
1552,10964,1776,7,55
1553,10971,1776,10,26
1554,10978,1777,13,89
1555,10985,1777,1,82
1556,10992,1778,4,4
1557,10999,1778,7,94
1558,11006,1779,10,86
1559,11013,1779,13,73
1560,11020,1780,1,7
1561,11027,1780,4,99
1562,11034,1781,7,70
1563,11041,1781,10,24
1564,11048,1782,13,95
1565,11055,1782,1,4
1566,11062,1783,4,67
1567,11069,1783,7,63
1568,11076,1784,10,42
1569,11083,1784,13,32
1570,11090,1785,1,97
1571,11097,1785,4,99
1572,11104,1786,7,98
1573,11111,1786,10,7
1574,11118,1787,13,16
1575,11125,1787,1,47
1576,11132,1788,4,6
1577,11139,1788,7,90
1578,11146,1789,10,93
1579,11153,1789,13,51
1580,11160,1790,1,53
1581,11167,1790,4,47
1582,11174,1791,7,31
1583,11181,1791,10,44
1584,11188,1792,13,56
1585,11195,1792,1,46
1586,11202,1793,4,50
1587,11209,1793,7,73
1588,11216,1794,10,3
1589,11223,1794,13,49
1590,11230,1795,1,94
1591,11237,1795,4,16
1592,11244,1796,7,17
1593,11251,1796,10,60
1594,11258,1797,13,52
1595,11265,1797,1,32
1596,11272,1798,4,98
1597,11279,1798,7,21
1598,11286,1799,10,91
1599,11293,1799,13,93
1600,11300,1800,1,56
1601,11307,1800,4,67
1602,11314,1801,7,46
1603,11321,1801,10,47
1604,11328,1802,13,72
1605,11335,1802,1,13
1606,11342,1803,4,98
1607,11349,1803,7,23
1608,11356,1804,10,18
1609,11363,1804,13,38
1610,11370,1805,1,79
1611,11377,1805,4,65
1612,11384,1806,7,84
1613,11391,1806,10,98
1614,11398,1807,13,19
1615,11405,1807,1,8
1616,11412,1808,4,63
1617,11419,1808,7,85
1618,11426,1809,10,90
1619,11433,1809,13,71
1620,11440,1810,1,4
1621,11447,1810,4,87
1622,11454,1811,7,91
1623,11461,1811,10,35
1624,11468,1812,13,79
1625,11475,1812,1,95
1626,11482,1813,4,25
1627,11489,1813,7,98
1628,11496,1814,10,0
1629,11503,1814,13,55
1630,11510,1815,1,52
1631,11517,1815,4,34
1632,11524,1816,7,63
1633,11531,1816,10,21
1634,11538,1817,13,3
1635,11545,1817,1,13
1636,11552,1818,4,17
1637,11559,1818,7,52
1638,11566,1819,10,35
1639,11573,1819,13,71
1640,11580,1820,1,57
1641,11587,1820,4,99
1642,11594,1821,7,9
1643,11601,1821,10,81
1644,11608,1822,13,41
1645,11615,1822,1,33
1646,11622,1823,4,69
1647,11629,1823,7,94
1648,11636,1824,10,91
1649,11643,1824,13,56
1650,11650,1825,1,21
1651,11657,1825,4,2
1652,11664,1826,7,43
1653,11671,1826,10,32
1654,11678,1827,13,32
1655,11685,1827,1,33
1656,11692,1828,4,49
1657,11699,1828,7,43
1658,11706,1829,10,7
1659,11713,1829,13,73
1660,11720,1830,1,78
1661,11727,1830,4,22
1662,11734,1831,7,54
1663,11741,1831,10,33
1664,11748,1832,13,72
1665,11755,1832,1,12
1666,11762,1833,4,30
1667,11769,1833,7,73
1668,11776,1834,10,13
1669,11783,1834,13,12
1670,11790,1835,1,63
1671,11797,1835,4,76
1672,11804,1836,7,35
1673,11811,1836,10,52
1674,11818,1837,13,93
1675,11825,1837,1,15
1676,11832,1838,4,49
1677,11839,1838,7,55
1678,11846,1839,10,99
1679,11853,1839,13,59
1680,11860,1840,1,66
1681,11867,1840,4,80
1682,11874,1841,7,57
1683,11881,1841,10,73
1684,11888,1842,13,20
1685,11895,1842,1,86
1686,11902,1843,4,60
1687,11909,1843,7,65
1688,11916,1844,10,22
1689,11923,1844,13,36
1690,11930,1845,1,44
1691,11937,1845,4,35
1692,11944,1846,7,86
1693,11951,1846,10,80
1694,11958,1847,13,9
1695,11965,1847,1,56
1696,11972,1848,4,87
1697,11979,1848,7,66
1698,11986,1849,10,76
1699,11993,1849,13,83
1700,12000,1850,1,93
1701,12007,1850,4,67
1702,12014,1851,7,89
1703,12021,1851,10,24
1704,12028,1852,13,37
1705,12035,1852,1,85
1706,12042,1853,4,90
1707,12049,1853,7,88
1708,12056,1854,10,68
1709,12063,1854,13,49
1710,12070,1855,1,33
1711,12077,1855,4,68
1712,12084,1856,7,59
1713,12091,1856,10,96
1714,12098,1857,13,67
1715,12105,1857,1,42
1716,12112,1858,4,7
1717,12119,1858,7,41
1718,12126,1859,10,100
1719,12133,1859,13,79
1720,12140,1860,1,59
1721,12147,1860,4,47
1722,12154,1861,7,70
1723,12161,1861,10,44
1724,12168,1862,13,18
1725,12175,1862,1,28
1726,12182,1863,4,29
1727,12189,1863,7,78
1728,12196,1864,10,47
1729,12203,1864,13,76
1730,12210,1865,1,9
1731,12217,1865,4,33
1732,12224,1866,7,53
1733,12231,1866,10,57
1734,12238,1867,13,36
1735,12245,1867,1,83
1736,12252,1868,4,53
1737,12259,1868,7,64
1738,12266,1869,10,21
1739,12273,1869,13,75
1740,12280,1870,1,91
1741,12287,1870,4,51
1742,12294,1871,7,28
1743,12301,1871,10,49
1744,12308,1872,13,36
1745,12315,1872,1,40
1746,12322,1873,4,95
1747,12329,1873,7,17
1748,12336,1874,10,32
1749,12343,1874,13,56
1750,12350,1875,1,27
1751,12357,1875,4,25
1752,12364,1876,7,61
1753,12371,1876,10,12
1754,12378,1877,13,82
1755,12385,1877,1,63
1756,12392,1878,4,75
1757,12399,1878,7,20
1758,12406,1879,10,8
1759,12413,1879,13,32
1760,12420,1880,1,77
1761,12427,1880,4,2
1762,12434,1881,7,19
1763,12441,1881,10,40
1764,12448,1882,13,50
1765,12455,1882,1,42
1766,12462,1883,4,46
1767,12469,1883,7,95
1768,12476,1884,10,17
1769,12483,1884,13,10
1770,12490,1885,1,76
1771,12497,1885,4,65
1772,12504,1886,7,7
1773,12511,1886,10,59
1774,12518,1887,13,47
1775,12525,1887,1,20
1776,12532,1888,4,92
1777,12539,1888,7,44
1778,12546,1889,10,95
1779,12553,1889,13,46
1780,12560,1890,1,11
1781,12567,1890,4,45
1782,12574,1891,7,65
1783,12581,1891,10,71
1784,12588,1892,13,13
1785,12595,1892,1,71
1786,12602,1893,4,59
1787,12609,1893,7,85
1788,12616,1894,10,56
1789,12623,1894,13,64
1790,12630,1895,1,77
1791,12637,1895,4,88
1792,12644,1896,7,62
1793,12651,1896,10,23
1794,12658,1897,13,16
1795,12665,1897,1,95
1796,12672,1898,4,83
1797,12679,1898,7,40
1798,12686,1899,10,52
1799,12693,1899,13,16
1800,12700,1900,1,69
1801,12707,1900,4,38
1802,12714,1901,7,59
1803,12721,1901,10,80
1804,12728,1902,13,90
1805,12735,1902,1,83
1806,12742,1903,4,73
1807,12749,1903,7,21
1808,12756,1904,10,22
1809,12763,1904,13,28
1810,12770,1905,1,92
1811,12777,1905,4,56
1812,12784,1906,7,24
1813,12791,1906,10,81
1814,12798,1907,13,52
1815,12805,1907,1,16
1816,12812,1908,4,69
1817,12819,1908,7,3
1818,12826,1909,10,39
1819,12833,1909,13,20
1820,12840,1910,1,69
1821,12847,1910,4,30
1822,12854,1911,7,76
1823,12861,1911,10,42
1824,12868,1912,13,19
1825,12875,1912,1,64
1826,12882,1913,4,84
1827,12889,1913,7,29
1828,12896,1914,10,40
1829,12903,1914,13,88
1830,12910,1915,1,54
1831,12917,1915,4,94
1832,12924,1916,7,12
1833,12931,1916,10,5
1834,12938,1917,13,44
1835,12945,1917,1,65
1836,12952,1918,4,38
1837,12959,1918,7,21
1838,12966,1919,10,56
1839,12973,1919,13,12
1840,12980,1920,1,93
1841,12987,1920,4,36
1842,12994,1921,7,93
1843,13001,1921,10,26
1844,13008,1922,13,80
1845,13015,1922,1,21
1846,13022,1923,4,78
1847,13029,1923,7,8
1848,13036,1924,10,67
1849,13043,1924,13,94
1850,13050,1925,1,87
1851,13057,1925,4,40
1852,13064,1926,7,11
1853,13071,1926,10,3
1854,13078,1927,13,17
1855,13085,1927,1,17
1856,13092,1928,4,78
1857,13099,1928,7,9
1858,13106,1929,10,22
1859,13113,1929,13,73
1860,13120,1930,1,33
1861,13127,1930,4,21
1862,13134,1931,7,6
1863,13141,1931,10,87
1864,13148,1932,13,43
1865,13155,1932,1,40
1866,13162,1933,4,82
1867,13169,1933,7,34
1868,13176,1934,10,59
1869,13183,1934,13,60
1870,13190,1935,1,19
1871,13197,1935,4,94
1872,13204,1936,7,14
1873,13211,1936,10,64
1874,13218,1937,13,40
1875,13225,1937,1,37
1876,13232,1938,4,76
1877,13239,1938,7,32
1878,13246,1939,10,84
1879,13253,1939,13,83
1880,13260,1940,1,39
1881,13267,1940,4,7
1882,13274,1941,7,66
1883,13281,1941,10,0
1884,13288,1942,13,68
1885,13295,1942,1,56
1886,13302,1943,4,85
1887,13309,1943,7,33
1888,13316,1944,10,0
1889,13323,1944,13,67
1890,13330,1945,1,46
1891,13337,1945,4,8
1892,13344,1946,7,90
1893,13351,1946,10,33
1894,13358,1947,13,82
1895,13365,1947,1,76
1896,13372,1948,4,7
1897,13379,1948,7,93
1898,13386,1949,10,68
1899,13393,1949,13,99
1900,13400,1950,1,71
1901,13407,1950,4,56
1902,13414,1951,7,100
1903,13421,1951,10,85
1904,13428,1952,13,8
1905,13435,1952,1,61
1906,13442,1953,4,53
1907,13449,1953,7,59
1908,13456,1954,10,64
1909,13463,1954,13,60
1910,13470,1955,1,71
1911,13477,1955,4,95
1912,13484,1956,7,62
1913,13491,1956,10,41
1914,13498,1957,13,72
1915,13505,1957,1,5
1916,13512,1958,4,66
1917,13519,1958,7,27
1918,13526,1959,10,86
1919,13533,1959,13,84
1920,13540,1960,1,74
1921,13547,1960,4,21
1922,13554,1961,7,50
1923,13561,1961,10,74
1924,13568,1962,13,36
1925,13575,1962,1,77
1926,13582,1963,4,45
1927,13589,1963,7,62
1928,13596,1964,10,91
1929,13603,1964,13,4
1930,13610,1965,1,34
1931,13617,1965,4,18
1932,13624,1966,7,53
1933,13631,1966,10,27
1934,13638,1967,13,68
1935,13645,1967,1,53
1936,13652,1968,4,47
1937,13659,1968,7,13
1938,13666,1969,10,27
1939,13673,1969,13,93
1940,13680,1970,1,53
1941,13687,1970,4,33
1942,13694,1971,7,90
1943,13701,1971,10,31
1944,13708,1972,13,74
1945,13715,1972,1,95
1946,13722,1973,4,74
1947,13729,1973,7,57
1948,13736,1974,10,15
1949,13743,1974,13,23
1950,13750,1975,1,14
1951,13757,1975,4,85
1952,13764,1976,7,92
1953,13771,1976,10,91
1954,13778,1977,13,84
1955,13785,1977,1,86
1956,13792,1978,4,92
1957,13799,1978,7,9
1958,13806,1979,10,93
1959,13813,1979,13,61
1960,13820,1980,1,18
1961,13827,1980,4,51
1962,13834,1981,7,72
1963,13841,1981,10,12
1964,13848,1982,13,29
1965,13855,1982,1,29
1966,13862,1983,4,72
1967,13869,1983,7,71
1968,13876,1984,10,21
1969,13883,1984,13,95
1970,13890,1985,1,21
1971,13897,1985,4,21
1972,13904,1986,7,8
1973,13911,1986,10,34
1974,13918,1987,13,16
1975,13925,1987,1,96
1976,13932,1988,4,90
1977,13939,1988,7,33
1978,13946,1989,10,27
1979,13953,1989,13,38
1980,13960,1990,1,10
1981,13967,1990,4,100
1982,13974,1991,7,72
1983,13981,1991,10,91
1984,13988,1992,13,11
1985,13995,1992,1,54
1986,14002,1993,4,50
1987,14009,1993,7,58
1988,14016,1994,10,36
1989,14023,1994,13,66
1990,14030,1995,1,50
1991,14037,1995,4,27
1992,14044,1996,7,9
1993,14051,1996,10,49
1994,14058,1997,13,56
1995,14065,1997,1,58
1996,14072,1998,4,80
1997,14079,1998,7,96
1998,14086,1999,10,100
1999,14093,1999,13,65
2000,14100,2000,1,61
2001,14107,2000,4,89
2002,14114,2001,7,35
2003,14121,2001,10,38
2004,14128,2002,13,95
2005,14135,2002,1,45
2006,14142,2003,4,24
2007,14149,2003,7,34
2008,14156,2004,10,24
2009,14163,2004,13,62
2010,14170,2005,1,28
2011,14177,2005,4,93
2012,14184,2006,7,70
2013,14191,2006,10,24
2014,14198,2007,13,62
2015,14205,2007,1,41
2016,14212,2008,4,55
2017,14219,2008,7,18
2018,14226,2009,10,47
2019,14233,2009,13,63
2020,14240,2010,1,28
2021,14247,2010,4,33
2022,14254,2011,7,30
2023,14261,2011,10,60
2024,14268,2012,13,3
2025,14275,2012,1,70
2026,14282,2013,4,19
2027,14289,2013,7,76
2028,14296,2014,10,81
2029,14303,2014,13,30
2030,14310,2015,1,67
2031,14317,2015,4,67
2032,14324,2016,7,7
2033,14331,2016,10,79
2034,14338,2017,13,80
2035,14345,2017,1,44
2036,14352,2018,4,59
2037,14359,2018,7,84
2038,14366,2019,10,99
2039,14373,2019,13,50
2040,14380,2020,1,66
2041,14387,2020,4,74
2042,14394,2021,7,3
2043,14401,2021,10,91
2044,14408,2022,13,79
2045,14415,2022,1,39
2046,14422,2023,4,29
2047,14429,2023,7,97
2048,14436,2024,10,19
2049,14443,2024,13,8
2050,14450,2025,1,24
2051,14457,2025,4,54
2052,14464,2026,7,25
2053,14471,2026,10,20
2054,14478,2027,13,21
2055,14485,2027,1,14
2056,14492,2028,4,60
2057,14499,2028,7,99
2058,14506,2029,10,37
2059,14513,2029,13,16
2060,14520,2030,1,4
2061,14527,2030,4,18
2062,14534,2031,7,96
2063,14541,2031,10,65
2064,14548,2032,13,26
2065,14555,2032,1,44
2066,14562,2033,4,91
2067,14569,2033,7,83
2068,14576,2034,10,73
2069,14583,2034,13,48
2070,14590,2035,1,34
2071,14597,2035,4,2
2072,14604,2036,7,42
2073,14611,2036,10,48
2074,14618,2037,13,27
2075,14625,2037,1,50
2076,14632,2038,4,38
2077,14639,2038,7,17
2078,14646,2039,10,54
2079,14653,2039,13,20
2080,14660,2040,1,38
2081,14667,2040,4,15
2082,14674,2041,7,13
2083,14681,2041,10,30
2084,14688,2042,13,12
2085,14695,2042,1,33
2086,14702,2043,4,50
2087,14709,2043,7,50
2088,14716,2044,10,96
2089,14723,2044,13,92
2090,14730,2045,1,34
2091,14737,2045,4,24
2092,14744,2046,7,23
2093,14751,2046,10,40
2094,14758,2047,13,93
2095,14765,2047,1,8
2096,14772,2048,4,32
2097,14779,2048,7,72
2098,14786,2049,10,95
2099,14793,2049,13,81
2100,14800,2050,1,65
2101,14807,2050,4,76
2102,14814,2051,7,93
2103,14821,2051,10,3
2104,14828,2052,13,36
2105,14835,2052,1,58
2106,14842,2053,4,81
2107,14849,2053,7,58
2108,14856,2054,10,46
2109,14863,2054,13,65
2110,14870,2055,1,97
2111,14877,2055,4,28
2112,14884,2056,7,92
2113,14891,2056,10,50
2114,14898,2057,13,93
2115,14905,2057,1,86
2116,14912,2058,4,37
2117,14919,2058,7,87
2118,14926,2059,10,55
2119,14933,2059,13,62
2120,14940,2060,1,43
2121,14947,2060,4,8
2122,14954,2061,7,55
2123,14961,2061,10,51
2124,14968,2062,13,94
2125,14975,2062,1,76
2126,14982,2063,4,80
2127,14989,2063,7,81
2128,14996,2064,10,85
2129,15003,2064,13,3
2130,15010,2065,1,99
2131,15017,2065,4,16
2132,15024,2066,7,2
2133,15031,2066,10,63
2134,15038,2067,13,68
2135,15045,2067,1,45
2136,15052,2068,4,41
2137,15059,2068,7,16
2138,15066,2069,10,77
2139,15073,2069,13,77
2140,15080,2070,1,53
2141,15087,2070,4,28
2142,15094,2071,7,37
2143,15101,2071,10,46
2144,15108,2072,13,61
2145,15115,2072,1,69
2146,15122,2073,4,26
2147,15129,2073,7,29
2148,15136,2074,10,49
2149,15143,2074,13,9
2150,15150,2075,1,18
2151,15157,2075,4,44
2152,15164,2076,7,25
2153,15171,2076,10,71
2154,15178,2077,13,31
2155,15185,2077,1,92
2156,15192,2078,4,34
2157,15199,2078,7,12
2158,15206,2079,10,17
2159,15213,2079,13,34
2160,15220,2080,1,77
2161,15227,2080,4,53
2162,15234,2081,7,94
2163,15241,2081,10,61
2164,15248,2082,13,23
2165,15255,2082,1,13
2166,15262,2083,4,83
2167,15269,2083,7,1
2168,15276,2084,10,13
2169,15283,2084,13,14
2170,15290,2085,1,64
2171,15297,2085,4,12
2172,15304,2086,7,100
2173,15311,2086,10,54
2174,15318,2087,13,10
2175,15325,2087,1,84
2176,15332,2088,4,93
2177,15339,2088,7,16
2178,15346,2089,10,26
2179,15353,2089,13,38
2180,15360,2090,1,55
2181,15367,2090,4,12
2182,15374,2091,7,88
2183,15381,2091,10,16
2184,15388,2092,13,47
2185,15395,2092,1,85
2186,15402,2093,4,20
2187,15409,2093,7,88
2188,15416,2094,10,91
2189,15423,2094,13,72
2190,15430,2095,1,58
2191,15437,2095,4,3
2192,15444,2096,7,72
2193,15451,2096,10,63
2194,15458,2097,13,74
2195,15465,2097,1,36
2196,15472,2098,4,52
2197,15479,2098,7,28
2198,15486,2099,10,62
2199,15493,2099,13,22
2200,15500,2100,1,76
2201,15507,2100,4,88
2202,15514,2101,7,49
2203,15521,2101,10,80
2204,15528,2102,13,60
2205,15535,2102,1,67
2206,15542,2103,4,1
2207,15549,2103,7,93
2208,15556,2104,10,28
2209,15563,2104,13,32
2210,15570,2105,1,34
2211,15577,2105,4,96
2212,15584,2106,7,77
2213,15591,2106,10,62
2214,15598,2107,13,72
2215,15605,2107,1,22
2216,15612,2108,4,14
2217,15619,2108,7,7
2218,15626,2109,10,100
2219,15633,2109,13,8
2220,15640,2110,1,91
2221,15647,2110,4,43
2222,15654,2111,7,30
2223,15661,2111,10,100
2224,15668,2112,13,65
2225,15675,2112,1,73
2226,15682,2113,4,100
2227,15689,2113,7,97
2228,15696,2114,10,67
2229,15703,2114,13,20
2230,15710,2115,1,54
2231,15717,2115,4,96
2232,15724,2116,7,68
2233,15731,2116,10,85
2234,15738,2117,13,18
2235,15745,2117,1,60
2236,15752,2118,4,56
2237,15759,2118,7,81
2238,15766,2119,10,86
2239,15773,2119,13,100
2240,15780,2120,1,52
2241,15787,2120,4,67
2242,15794,2121,7,37
2243,15801,2121,10,12
2244,15808,2122,13,41
2245,15815,2122,1,16
2246,15822,2123,4,62
2247,15829,2123,7,85
2248,15836,2124,10,98
2249,15843,2124,13,87
2250,15850,2125,1,56
2251,15857,2125,4,17
2252,15864,2126,7,89
2253,15871,2126,10,23
2254,15878,2127,13,27
2255,15885,2127,1,12
2256,15892,2128,4,50
2257,15899,2128,7,28
2258,15906,2129,10,48
2259,15913,2129,13,96
2260,15920,2130,1,95
2261,15927,2130,4,32
2262,15934,2131,7,35
2263,15941,2131,10,96
2264,15948,2132,13,12
2265,15955,2132,1,7
2266,15962,2133,4,47
2267,15969,2133,7,56
2268,15976,2134,10,81
2269,15983,2134,13,0
2270,15990,2135,1,7
2271,15997,2135,4,43
2272,16004,2136,7,98
2273,16011,2136,10,60
2274,16018,2137,13,63
2275,16025,2137,1,84
2276,16032,2138,4,72
2277,16039,2138,7,54
2278,16046,2139,10,22
2279,16053,2139,13,72
2280,16060,2140,1,93
2281,16067,2140,4,21
2282,16074,2141,7,96
2283,16081,2141,10,53
2284,16088,2142,13,19
2285,16095,2142,1,87
2286,16102,2143,4,44
2287,16109,2143,7,99
2288,16116,2144,10,64
2289,16123,2144,13,64
2290,16130,2145,1,86
2291,16137,2145,4,35
2292,16144,2146,7,37
2293,16151,2146,10,76
2294,16158,2147,13,86
2295,16165,2147,1,78
2296,16172,2148,4,63
2297,16179,2148,7,65
2298,16186,2149,10,53
2299,16193,2149,13,97
2300,16200,2150,1,50
2301,16207,2150,4,80
2302,16214,2151,7,95
2303,16221,2151,10,85
2304,16228,2152,13,53
2305,16235,2152,1,20
2306,16242,2153,4,85
2307,16249,2153,7,21
2308,16256,2154,10,12
2309,16263,2154,13,26
2310,16270,2155,1,57
2311,16277,2155,4,19
2312,16284,2156,7,44
2313,16291,2156,10,74
2314,16298,2157,13,86
2315,16305,2157,1,88
2316,16312,2158,4,46
2317,16319,2158,7,6
2318,16326,2159,10,65
2319,16333,2159,13,58
2320,16340,2160,1,1
2321,16347,2160,4,67
2322,16354,2161,7,90
2323,16361,2161,10,46
2324,16368,2162,13,67
2325,16375,2162,1,54
2326,16382,2163,4,95
2327,16389,2163,7,98
2328,16396,2164,10,25
2329,16403,2164,13,97
2330,16410,2165,1,86
2331,16417,2165,4,78
2332,16424,2166,7,48
2333,16431,2166,10,67
2334,16438,2167,13,38
2335,16445,2167,1,78
2336,16452,2168,4,18
2337,16459,2168,7,0
2338,16466,2169,10,49
2339,16473,2169,13,67
2340,16480,2170,1,17
2341,16487,2170,4,16
2342,16494,2171,7,12
2343,16501,2171,10,75
2344,16508,2172,13,91
2345,16515,2172,1,42
2346,16522,2173,4,37
2347,16529,2173,7,6
2348,16536,2174,10,63
2349,16543,2174,13,82
2350,16550,2175,1,7
2351,16557,2175,4,65
2352,16564,2176,7,37
2353,16571,2176,10,61
2354,16578,2177,13,67
2355,16585,2177,1,38
2356,16592,2178,4,55
2357,16599,2178,7,71
2358,16606,2179,10,56
2359,16613,2179,13,25
2360,16620,2180,1,15
2361,16627,2180,4,91
2362,16634,2181,7,3
2363,16641,2181,10,22
2364,16648,2182,13,30
2365,16655,2182,1,40
2366,16662,2183,4,74
2367,16669,2183,7,27
2368,16676,2184,10,16
2369,16683,2184,13,61
2370,16690,2185,1,66
2371,16697,2185,4,8
2372,16704,2186,7,38
2373,16711,2186,10,32
2374,16718,2187,13,37
2375,16725,2187,1,27
2376,16732,2188,4,76
2377,16739,2188,7,6
2378,16746,2189,10,80
2379,16753,2189,13,74
2380,16760,2190,1,71
2381,16767,2190,4,27
2382,16774,2191,7,72
2383,16781,2191,10,71
2384,16788,2192,13,28
2385,16795,2192,1,64
2386,16802,2193,4,4
2387,16809,2193,7,88
2388,16816,2194,10,5
2389,16823,2194,13,31
2390,16830,2195,1,41
2391,16837,2195,4,29
2392,16844,2196,7,73
2393,16851,2196,10,4
2394,16858,2197,13,87
2395,16865,2197,1,22
2396,16872,2198,4,96
2397,16879,2198,7,76
2398,16886,2199,10,43
2399,16893,2199,13,16
2400,16900,2200,1,74
2401,16907,2200,4,20
2402,16914,2201,7,48
2403,16921,2201,10,42
2404,16928,2202,13,87
2405,16935,2202,1,36
2406,16942,2203,4,6
2407,16949,2203,7,62
2408,16956,2204,10,58
2409,16963,2204,13,33
2410,16970,2205,1,89
2411,16977,2205,4,23
2412,16984,2206,7,63
2413,16991,2206,10,34
2414,16998,2207,13,47
2415,17005,2207,1,81
2416,17012,2208,4,2
2417,17019,2208,7,26
2418,17026,2209,10,30
2419,17033,2209,13,65
2420,17040,2210,1,22
2421,17047,2210,4,43
2422,17054,2211,7,9
2423,17061,2211,10,78
2424,17068,2212,13,29
2425,17075,2212,1,3
2426,17082,2213,4,99
2427,17089,2213,7,10
2428,17096,2214,10,5
2429,17103,2214,13,82
2430,17110,2215,1,92
2431,17117,2215,4,99
2432,17124,2216,7,19
2433,17131,2216,10,92
2434,17138,2217,13,58
2435,17145,2217,1,37
2436,17152,2218,4,45
2437,17159,2218,7,90
2438,17166,2219,10,23
2439,17173,2219,13,81
2440,17180,2220,1,69
2441,17187,2220,4,75
2442,17194,2221,7,100
2443,17201,2221,10,17
2444,17208,2222,13,62
2445,17215,2222,1,4
2446,17222,2223,4,55
2447,17229,2223,7,24
2448,17236,2224,10,94
2449,17243,2224,13,84
2450,17250,2225,1,83
2451,17257,2225,4,80
2452,17264,2226,7,41
2453,17271,2226,10,32
2454,17278,2227,13,40
2455,17285,2227,1,100
2456,17292,2228,4,7
2457,17299,2228,7,86
2458,17306,2229,10,16
2459,17313,2229,13,97
2460,17320,2230,1,91
2461,17327,2230,4,51
2462,17334,2231,7,14
2463,17341,2231,10,98
2464,17348,2232,13,99
2465,17355,2232,1,1
2466,17362,2233,4,68
2467,17369,2233,7,21
2468,17376,2234,10,40
2469,17383,2234,13,26
2470,17390,2235,1,24
2471,17397,2235,4,8
2472,17404,2236,7,24
2473,17411,2236,10,73
2474,17418,2237,13,5
2475,17425,2237,1,61
2476,17432,2238,4,97
2477,17439,2238,7,78
2478,17446,2239,10,1
2479,17453,2239,13,40
2480,17460,2240,1,51
2481,17467,2240,4,35
2482,17474,2241,7,52
2483,17481,2241,10,63
2484,17488,2242,13,81
2485,17495,2242,1,3
2486,17502,2243,4,55
2487,17509,2243,7,48
2488,17516,2244,10,93
2489,17523,2244,13,64
2490,17530,2245,1,7
2491,17537,2245,4,37
2492,17544,2246,7,24
2493,17551,2246,10,97
2494,17558,2247,13,16
2495,17565,2247,1,16
2496,17572,2248,4,82
2497,17579,2248,7,48
2498,17586,2249,10,63
2499,17593,2249,13,9
2500,17600,2250,1,66
2501,17607,2250,4,55
2502,17614,2251,7,77
2503,17621,2251,10,59
2504,17628,2252,13,88
2505,17635,2252,1,57
2506,17642,2253,4,18
2507,17649,2253,7,55
2508,17656,2254,10,67
2509,17663,2254,13,31
2510,17670,2255,1,25
2511,17677,2255,4,35
2512,17684,2256,7,10
2513,17691,2256,10,46
2514,17698,2257,13,86
2515,17705,2257,1,8
2516,17712,2258,4,59
2517,17719,2258,7,23
2518,17726,2259,10,99
2519,17733,2259,13,66
2520,17740,2260,1,66
2521,17747,2260,4,16
2522,17754,2261,7,12
2523,17761,2261,10,46
2524,17768,2262,13,47
2525,17775,2262,1,40
2526,17782,2263,4,66
2527,17789,2263,7,22
2528,17796,2264,10,84
2529,17803,2264,13,95
2530,17810,2265,1,37
2531,17817,2265,4,80
2532,17824,2266,7,84
2533,17831,2266,10,33
2534,17838,2267,13,32
2535,17845,2267,1,32
2536,17852,2268,4,74
2537,17859,2268,7,37
2538,17866,2269,10,2
2539,17873,2269,13,72
2540,17880,2270,1,86
2541,17887,2270,4,10
2542,17894,2271,7,86
2543,17901,2271,10,64
2544,17908,2272,13,27
2545,17915,2272,1,73
2546,17922,2273,4,29
2547,17929,2273,7,55
2548,17936,2274,10,31
2549,17943,2274,13,94
2550,17950,2275,1,85
2551,17957,2275,4,18
2552,17964,2276,7,74
2553,17971,2276,10,33
2554,17978,2277,13,89
2555,17985,2277,1,18
2556,17992,2278,4,53
2557,17999,2278,7,22
2558,18006,2279,10,8
2559,18013,2279,13,36
2560,18020,2280,1,16
2561,18027,2280,4,22
2562,18034,2281,7,75
2563,18041,2281,10,19
2564,18048,2282,13,15
2565,18055,2282,1,50
2566,18062,2283,4,7
2567,18069,2283,7,75
2568,18076,2284,10,26
2569,18083,2284,13,98
2570,18090,2285,1,10
2571,18097,2285,4,87
2572,18104,2286,7,27
2573,18111,2286,10,1
2574,18118,2287,13,48
2575,18125,2287,1,41
2576,18132,2288,4,19
2577,18139,2288,7,33
2578,18146,2289,10,67
2579,18153,2289,13,47
2580,18160,2290,1,72
2581,18167,2290,4,15
2582,18174,2291,7,33
2583,18181,2291,10,6
2584,18188,2292,13,19
2585,18195,2292,1,100
2586,18202,2293,4,90
2587,18209,2293,7,40
2588,18216,2294,10,9
2589,18223,2294,13,72
2590,18230,2295,1,79
2591,18237,2295,4,60
2592,18244,2296,7,6
2593,18251,2296,10,89
2594,18258,2297,13,74
2595,18265,2297,1,84
2596,18272,2298,4,68
2597,18279,2298,7,33
2598,18286,2299,10,90
2599,18293,2299,13,11
2600,18300,2300,1,92
2601,18307,2300,4,77
2602,18314,2301,7,61
2603,18321,2301,10,33
2604,18328,2302,13,54
2605,18335,2302,1,22
2606,18342,2303,4,23
2607,18349,2303,7,30
2608,18356,2304,10,73
2609,18363,2304,13,46
2610,18370,2305,1,60
2611,18377,2305,4,97
2612,18384,2306,7,49
2613,18391,2306,10,61
2614,18398,2307,13,15
2615,18405,2307,1,74
2616,18412,2308,4,28
2617,18419,2308,7,53
2618,18426,2309,10,78
2619,18433,2309,13,51
2620,18440,2310,1,51
2621,18447,2310,4,4
2622,18454,2311,7,23
2623,18461,2311,10,54
2624,18468,2312,13,60
2625,18475,2312,1,69
2626,18482,2313,4,61
2627,18489,2313,7,44
2628,18496,2314,10,23
2629,18503,2314,13,68
2630,18510,2315,1,19
2631,18517,2315,4,22
2632,18524,2316,7,61
2633,18531,2316,10,19
2634,18538,2317,13,33
2635,18545,2317,1,0
2636,18552,2318,4,99
2637,18559,2318,7,9
2638,18566,2319,10,17
2639,18573,2319,13,91
2640,18580,2320,1,86
2641,18587,2320,4,16
2642,18594,2321,7,64
2643,18601,2321,10,92
2644,18608,2322,13,39
2645,18615,2322,1,100
2646,18622,2323,4,62
2647,18629,2323,7,39
2648,18636,2324,10,17
2649,18643,2324,13,67
2650,18650,2325,1,59
2651,18657,2325,4,41
2652,18664,2326,7,72
2653,18671,2326,10,20
2654,18678,2327,13,46
2655,18685,2327,1,78
2656,18692,2328,4,73
2657,18699,2328,7,97
2658,18706,2329,10,4
2659,18713,2329,13,56
2660,18720,2330,1,64
2661,18727,2330,4,23
2662,18734,2331,7,72
2663,18741,2331,10,27
2664,18748,2332,13,85
2665,18755,2332,1,41
2666,18762,2333,4,40
2667,18769,2333,7,20
2668,18776,2334,10,90
2669,18783,2334,13,92
2670,18790,2335,1,94
2671,18797,2335,4,16
2672,18804,2336,7,72
2673,18811,2336,10,67
2674,18818,2337,13,29
2675,18825,2337,1,77
2676,18832,2338,4,40
2677,18839,2338,7,2
2678,18846,2339,10,72
2679,18853,2339,13,8
2680,18860,2340,1,76
2681,18867,2340,4,91
2682,18874,2341,7,46
2683,18881,2341,10,95
2684,18888,2342,13,82
2685,18895,2342,1,41
2686,18902,2343,4,69
2687,18909,2343,7,75
2688,18916,2344,10,76
2689,18923,2344,13,1
2690,18930,2345,1,68
2691,18937,2345,4,31
2692,18944,2346,7,41
2693,18951,2346,10,42
2694,18958,2347,13,79
2695,18965,2347,1,53
2696,18972,2348,4,64
2697,18979,2348,7,50
2698,18986,2349,10,10
2699,18993,2349,13,70
2700,19000,2350,1,20
2701,19007,2350,4,95
2702,19014,2351,7,23
2703,19021,2351,10,7
2704,19028,2352,13,95
2705,19035,2352,1,23
2706,19042,2353,4,81
2707,19049,2353,7,76
2708,19056,2354,10,42
2709,19063,2354,13,52
2710,19070,2355,1,0
2711,19077,2355,4,65
2712,19084,2356,7,32
2713,19091,2356,10,45
2714,19098,2357,13,71
2715,19105,2357,1,18
2716,19112,2358,4,39
2717,19119,2358,7,19
2718,19126,2359,10,80
2719,19133,2359,13,52
2720,19140,2360,1,12
2721,19147,2360,4,99
2722,19154,2361,7,17
2723,19161,2361,10,83
2724,19168,2362,13,28
2725,19175,2362,1,97
2726,19182,2363,4,8
2727,19189,2363,7,77
2728,19196,2364,10,9
2729,19203,2364,13,1
2730,19210,2365,1,42
2731,19217,2365,4,98
2732,19224,2366,7,70
2733,19231,2366,10,0
2734,19238,2367,13,34
2735,19245,2367,1,13
2736,19252,2368,4,22
2737,19259,2368,7,85
2738,19266,2369,10,93
2739,19273,2369,13,29
2740,19280,2370,1,36
2741,19287,2370,4,5
2742,19294,2371,7,25
2743,19301,2371,10,97
2744,19308,2372,13,9
2745,19315,2372,1,6
2746,19322,2373,4,95
2747,19329,2373,7,6
2748,19336,2374,10,19
2749,19343,2374,13,60
2750,19350,2375,1,98
2751,19357,2375,4,43
2752,19364,2376,7,86
2753,19371,2376,10,27
2754,19378,2377,13,71
2755,19385,2377,1,55
2756,19392,2378,4,53
2757,19399,2378,7,87
2758,19406,2379,10,71
2759,19413,2379,13,69
2760,19420,2380,1,41
2761,19427,2380,4,5
2762,19434,2381,7,22
2763,19441,2381,10,67
2764,19448,2382,13,39
2765,19455,2382,1,32
2766,19462,2383,4,94
2767,19469,2383,7,7
2768,19476,2384,10,98
2769,19483,2384,13,99
2770,19490,2385,1,71
2771,19497,2385,4,37
2772,19504,2386,7,37
2773,19511,2386,10,43
2774,19518,2387,13,12
2775,19525,2387,1,57
2776,19532,2388,4,59
2777,19539,2388,7,41
2778,19546,2389,10,74
2779,19553,2389,13,29
2780,19560,2390,1,6
2781,19567,2390,4,99
2782,19574,2391,7,97
2783,19581,2391,10,56
2784,19588,2392,13,1
2785,19595,2392,1,27
2786,19602,2393,4,33
2787,19609,2393,7,60
2788,19616,2394,10,25
2789,19623,2394,13,84
2790,19630,2395,1,45
2791,19637,2395,4,86
2792,19644,2396,7,46
2793,19651,2396,10,30
2794,19658,2397,13,55
2795,19665,2397,1,41
2796,19672,2398,4,43
2797,19679,2398,7,35
2798,19686,2399,10,21
2799,19693,2399,13,13
2800,19700,2400,1,79
2801,19707,2400,4,67
2802,19714,2401,7,29
2803,19721,2401,10,48
2804,19728,2402,13,80
2805,19735,2402,1,57
2806,19742,2403,4,12
2807,19749,2403,7,27
2808,19756,2404,10,37
2809,19763,2404,13,79
2810,19770,2405,1,45
2811,19777,2405,4,63
2812,19784,2406,7,61
2813,19791,2406,10,89
2814,19798,2407,13,56
2815,19805,2407,1,73
2816,19812,2408,4,52
2817,19819,2408,7,77
2818,19826,2409,10,72
2819,19833,2409,13,99
2820,19840,2410,1,40
2821,19847,2410,4,62
2822,19854,2411,7,86
2823,19861,2411,10,39
2824,19868,2412,13,46
2825,19875,2412,1,2
2826,19882,2413,4,57
2827,19889,2413,7,9
2828,19896,2414,10,40
2829,19903,2414,13,6
2830,19910,2415,1,15
2831,19917,2415,4,50
2832,19924,2416,7,43
2833,19931,2416,10,28
2834,19938,2417,13,97
2835,19945,2417,1,72
2836,19952,2418,4,64
2837,19959,2418,7,94
2838,19966,2419,10,51
2839,19973,2419,13,57
2840,19980,2420,1,58
2841,19987,2420,4,93
2842,19994,2421,7,100
2843,20001,2421,10,38
2844,20008,2422,13,67
2845,20015,2422,1,24
2846,20022,2423,4,7
2847,20029,2423,7,71
2848,20036,2424,10,27
2849,20043,2424,13,36
2850,20050,2425,1,45
2851,20057,2425,4,87
2852,20064,2426,7,34
2853,20071,2426,10,7
2854,20078,2427,13,9
2855,20085,2427,1,8
2856,20092,2428,4,14
2857,20099,2428,7,0
2858,20106,2429,10,44
2859,20113,2429,13,68
2860,20120,2430,1,71
2861,20127,2430,4,15
2862,20134,2431,7,25
2863,20141,2431,10,35
2864,20148,2432,13,50
2865,20155,2432,1,77
2866,20162,2433,4,89
2867,20169,2433,7,95
2868,20176,2434,10,28
2869,20183,2434,13,28
2870,20190,2435,1,93
2871,20197,2435,4,74
2872,20204,2436,7,98
2873,20211,2436,10,24
2874,20218,2437,13,39
2875,20225,2437,1,92
2876,20232,2438,4,30
2877,20239,2438,7,23
2878,20246,2439,10,75
2879,20253,2439,13,5
2880,20260,2440,1,63
2881,20267,2440,4,18
2882,20274,2441,7,68
2883,20281,2441,10,88
2884,20288,2442,13,17
2885,20295,2442,1,47
2886,20302,2443,4,33
2887,20309,2443,7,75
2888,20316,2444,10,34
2889,20323,2444,13,80
2890,20330,2445,1,8
2891,20337,2445,4,20
2892,20344,2446,7,29
2893,20351,2446,10,78
2894,20358,2447,13,40
2895,20365,2447,1,56
2896,20372,2448,4,74
2897,20379,2448,7,34
2898,20386,2449,10,99
2899,20393,2449,13,49
2900,20400,2450,1,65
2901,20407,2450,4,51
2902,20414,2451,7,9
2903,20421,2451,10,95
2904,20428,2452,13,56
2905,20435,2452,1,16
2906,20442,2453,4,98
2907,20449,2453,7,65
2908,20456,2454,10,39
2909,20463,2454,13,11
2910,20470,2455,1,72
2911,20477,2455,4,50
2912,20484,2456,7,41
2913,20491,2456,10,64
2914,20498,2457,13,93
2915,20505,2457,1,93
2916,20512,2458,4,78
2917,20519,2458,7,6
2918,20526,2459,10,21
2919,20533,2459,13,63
2920,20540,2460,1,83
2921,20547,2460,4,53
2922,20554,2461,7,53
2923,20561,2461,10,64
2924,20568,2462,13,60
2925,20575,2462,1,63
2926,20582,2463,4,48
2927,20589,2463,7,11
2928,20596,2464,10,4
2929,20603,2464,13,67
2930,20610,2465,1,56
2931,20617,2465,4,88
2932,20624,2466,7,24
2933,20631,2466,10,39
2934,20638,2467,13,78
2935,20645,2467,1,92
2936,20652,2468,4,41
2937,20659,2468,7,91
2938,20666,2469,10,16
2939,20673,2469,13,71
2940,20680,2470,1,74
2941,20687,2470,4,100
2942,20694,2471,7,2
2943,20701,2471,10,89
2944,20708,2472,13,72
2945,20715,2472,1,33
2946,20722,2473,4,38
2947,20729,2473,7,45
2948,20736,2474,10,74
2949,20743,2474,13,5
2950,20750,2475,1,1
2951,20757,2475,4,17
2952,20764,2476,7,92
2953,20771,2476,10,76
2954,20778,2477,13,6
2955,20785,2477,1,35
2956,20792,2478,4,45
2957,20799,2478,7,72
2958,20806,2479,10,84
2959,20813,2479,13,17
2960,20820,2480,1,11
2961,20827,2480,4,42
2962,20834,2481,7,22
2963,20841,2481,10,70
2964,20848,2482,13,7
2965,20855,2482,1,13
2966,20862,2483,4,6
2967,20869,2483,7,90
2968,20876,2484,10,77
2969,20883,2484,13,54
2970,20890,2485,1,79
2971,20897,2485,4,83
2972,20904,2486,7,87
2973,20911,2486,10,8
2974,20918,2487,13,76
2975,20925,2487,1,63
2976,20932,2488,4,50
2977,20939,2488,7,55
2978,20946,2489,10,95
2979,20953,2489,13,5
2980,20960,2490,1,3
2981,20967,2490,4,84
2982,20974,2491,7,95
2983,20981,2491,10,95
2984,20988,2492,13,12
2985,20995,2492,1,8
2986,21002,2493,4,81
2987,21009,2493,7,25
2988,21016,2494,10,74
2989,21023,2494,13,77
2990,21030,2495,1,57
2991,21037,2495,4,40
2992,21044,2496,7,6
2993,21051,2496,10,52
2994,21058,2497,13,85
2995,21065,2497,1,11
2996,21072,2498,4,20
2997,21079,2498,7,81
2998,21086,2499,10,82
2999,21093,2499,13,62
3000,21100,2500,1,47
3001,21107,2500,4,4
3002,21114,2501,7,80
3003,21121,2501,10,18
3004,21128,2502,13,90
3005,21135,2502,1,13
3006,21142,2503,4,91
3007,21149,2503,7,1
3008,21156,2504,10,70
3009,21163,2504,13,82
3010,21170,2505,1,92
3011,21177,2505,4,65
3012,21184,2506,7,5
3013,21191,2506,10,10
3014,21198,2507,13,79
3015,21205,2507,1,93
3016,21212,2508,4,41
3017,21219,2508,7,64
3018,21226,2509,10,43
3019,21233,2509,13,37
3020,21240,2510,1,7
3021,21247,2510,4,20
3022,21254,2511,7,28
3023,21261,2511,10,60
3024,21268,2512,13,49
3025,21275,2512,1,60
3026,21282,2513,4,1
3027,21289,2513,7,68
3028,21296,2514,10,34
3029,21303,2514,13,82
3030,21310,2515,1,4
3031,21317,2515,4,48
3032,21324,2516,7,3
3033,21331,2516,10,97
3034,21338,2517,13,23
3035,21345,2517,1,92
3036,21352,2518,4,10
3037,21359,2518,7,2
3038,21366,2519,10,27
3039,21373,2519,13,81
3040,21380,2520,1,73
3041,21387,2520,4,3
3042,21394,2521,7,93
3043,21401,2521,10,64
3044,21408,2522,13,17
3045,21415,2522,1,1
3046,21422,2523,4,24
3047,21429,2523,7,38
3048,21436,2524,10,17
3049,21443,2524,13,41
3050,21450,2525,1,22
3051,21457,2525,4,94
3052,21464,2526,7,89
3053,21471,2526,10,12
3054,21478,2527,13,97
3055,21485,2527,1,54
3056,21492,2528,4,5
3057,21499,2528,7,75
3058,21506,2529,10,33
3059,21513,2529,13,76
3060,21520,2530,1,68
3061,21527,2530,4,37
3062,21534,2531,7,10
3063,21541,2531,10,21
3064,21548,2532,13,65
3065,21555,2532,1,59
3066,21562,2533,4,22
3067,21569,2533,7,76
3068,21576,2534,10,96
3069,21583,2534,13,95
3070,21590,2535,1,85
3071,21597,2535,4,79
3072,21604,2536,7,43
3073,21611,2536,10,38
3074,21618,2537,13,77
3075,21625,2537,1,10
3076,21632,2538,4,18
3077,21639,2538,7,36
3078,21646,2539,10,90
3079,21653,2539,13,13
3080,21660,2540,1,14
3081,21667,2540,4,80
3082,21674,2541,7,69
3083,21681,2541,10,10
3084,21688,2542,13,43
3085,21695,2542,1,11
3086,21702,2543,4,82
3087,21709,2543,7,80
3088,21716,2544,10,15
3089,21723,2544,13,100
3090,21730,2545,1,83
3091,21737,2545,4,48
3092,21744,2546,7,82
3093,21751,2546,10,88
3094,21758,2547,13,9
3095,21765,2547,1,66
3096,21772,2548,4,80
3097,21779,2548,7,89
3098,21786,2549,10,90
3099,21793,2549,13,49
3100,21800,2550,1,89
3101,21807,2550,4,9
3102,21814,2551,7,3
3103,21821,2551,10,98
3104,21828,2552,13,34
3105,21835,2552,1,28
3106,21842,2553,4,99
3107,21849,2553,7,100
3108,21856,2554,10,50
3109,21863,2554,13,74
3110,21870,2555,1,14
3111,21877,2555,4,47
3112,21884,2556,7,50
3113,21891,2556,10,57
3114,21898,2557,13,36
3115,21905,2557,1,15
3116,21912,2558,4,65
3117,21919,2558,7,44
3118,21926,2559,10,52
3119,21933,2559,13,72
3120,21940,2560,1,49
3121,21947,2560,4,28
3122,21954,2561,7,88
3123,21961,2561,10,23
3124,21968,2562,13,54
3125,21975,2562,1,71
3126,21982,2563,4,29
3127,21989,2563,7,70
3128,21996,2564,10,65
3129,22003,2564,13,30
3130,22010,2565,1,17
3131,22017,2565,4,23
3132,22024,2566,7,27
3133,22031,2566,10,90
3134,22038,2567,13,3
3135,22045,2567,1,73
3136,22052,2568,4,5
3137,22059,2568,7,10
3138,22066,2569,10,92
3139,22073,2569,13,13
3140,22080,2570,1,7
3141,22087,2570,4,39
3142,22094,2571,7,98
3143,22101,2571,10,70
3144,22108,2572,13,26
3145,22115,2572,1,56
3146,22122,2573,4,37
3147,22129,2573,7,31
3148,22136,2574,10,30
3149,22143,2574,13,75
3150,22150,2575,1,33
3151,22157,2575,4,100
3152,22164,2576,7,53
3153,22171,2576,10,47
3154,22178,2577,13,90
3155,22185,2577,1,58
3156,22192,2578,4,47
3157,22199,2578,7,89
3158,22206,2579,10,61
3159,22213,2579,13,46
3160,22220,2580,1,90
3161,22227,2580,4,99
3162,22234,2581,7,15
3163,22241,2581,10,0
3164,22248,2582,13,4
3165,22255,2582,1,33
3166,22262,2583,4,93
3167,22269,2583,7,73
3168,22276,2584,10,55
3169,22283,2584,13,14
3170,22290,2585,1,68
3171,22297,2585,4,5
3172,22304,2586,7,59
3173,22311,2586,10,79
3174,22318,2587,13,71
3175,22325,2587,1,85
3176,22332,2588,4,83
3177,22339,2588,7,57
3178,22346,2589,10,46
3179,22353,2589,13,41
3180,22360,2590,1,79
3181,22367,2590,4,48
3182,22374,2591,7,34
3183,22381,2591,10,98
3184,22388,2592,13,39
3185,22395,2592,1,19
3186,22402,2593,4,8
3187,22409,2593,7,33
3188,22416,2594,10,99
3189,22423,2594,13,61
3190,22430,2595,1,24
3191,22437,2595,4,55
3192,22444,2596,7,7
3193,22451,2596,10,15
3194,22458,2597,13,92
3195,22465,2597,1,85
3196,22472,2598,4,89
3197,22479,2598,7,4
3198,22486,2599,10,85
3199,22493,2599,13,80
3200,22500,2600,1,13
3201,22507,2600,4,3
3202,22514,2601,7,91
3203,22521,2601,10,31
3204,22528,2602,13,75
3205,22535,2602,1,63
3206,22542,2603,4,70
3207,22549,2603,7,86
3208,22556,2604,10,84
3209,22563,2604,13,44
3210,22570,2605,1,45
3211,22577,2605,4,67
3212,22584,2606,7,83
3213,22591,2606,10,22
3214,22598,2607,13,95
3215,22605,2607,1,6
3216,22612,2608,4,91
3217,22619,2608,7,99
3218,22626,2609,10,83
3219,22633,2609,13,23
3220,22640,2610,1,41
3221,22647,2610,4,15
3222,22654,2611,7,83
3223,22661,2611,10,28
3224,22668,2612,13,100
3225,22675,2612,1,5
3226,22682,2613,4,81
3227,22689,2613,7,55
3228,22696,2614,10,64
3229,22703,2614,13,68
3230,22710,2615,1,77
3231,22717,2615,4,55
3232,22724,2616,7,27
3233,22731,2616,10,15
3234,22738,2617,13,47
3235,22745,2617,1,0
3236,22752,2618,4,55
3237,22759,2618,7,89
3238,22766,2619,10,13
3239,22773,2619,13,9
3240,22780,2620,1,55
3241,22787,2620,4,88
3242,22794,2621,7,35
3243,22801,2621,10,1
3244,22808,2622,13,3
3245,22815,2622,1,43
3246,22822,2623,4,34
3247,22829,2623,7,11
3248,22836,2624,10,16
3249,22843,2624,13,80
3250,22850,2625,1,27
3251,22857,2625,4,14
3252,22864,2626,7,59
3253,22871,2626,10,11
3254,22878,2627,13,18
3255,22885,2627,1,84
3256,22892,2628,4,70
3257,22899,2628,7,51
3258,22906,2629,10,12
3259,22913,2629,13,28
3260,22920,2630,1,50
3261,22927,2630,4,20
3262,22934,2631,7,18
3263,22941,2631,10,86
3264,22948,2632,13,44
3265,22955,2632,1,81
3266,22962,2633,4,27
3267,22969,2633,7,91
3268,22976,2634,10,19
3269,22983,2634,13,93
3270,22990,2635,1,94
3271,22997,2635,4,4
3272,23004,2636,7,34
3273,23011,2636,10,63
3274,23018,2637,13,12
3275,23025,2637,1,7
3276,23032,2638,4,11
3277,23039,2638,7,40
3278,23046,2639,10,88
3279,23053,2639,13,79
3280,23060,2640,1,5
3281,23067,2640,4,71
3282,23074,2641,7,32
3283,23081,2641,10,93
3284,23088,2642,13,21
3285,23095,2642,1,89
3286,23102,2643,4,41
3287,23109,2643,7,3
3288,23116,2644,10,56
3289,23123,2644,13,20
3290,23130,2645,1,98
3291,23137,2645,4,32
3292,23144,2646,7,66
3293,23151,2646,10,10
3294,23158,2647,13,94
3295,23165,2647,1,70
3296,23172,2648,4,49
3297,23179,2648,7,46
3298,23186,2649,10,20
3299,23193,2649,13,42
3300,23200,2650,1,0
3301,23207,2650,4,3
3302,23214,2651,7,81
3303,23221,2651,10,4
3304,23228,2652,13,17
3305,23235,2652,1,72
3306,23242,2653,4,0
3307,23249,2653,7,89
3308,23256,2654,10,39
3309,23263,2654,13,79
3310,23270,2655,1,79
3311,23277,2655,4,47
3312,23284,2656,7,58
3313,23291,2656,10,43
3314,23298,2657,13,47
3315,23305,2657,1,56
3316,23312,2658,4,93
3317,23319,2658,7,43
3318,23326,2659,10,81
3319,23333,2659,13,18
3320,23340,2660,1,98
3321,23347,2660,4,53
3322,23354,2661,7,54
3323,23361,2661,10,88
3324,23368,2662,13,17
3325,23375,2662,1,59
3326,23382,2663,4,35
3327,23389,2663,7,46
3328,23396,2664,10,60
3329,23403,2664,13,79
3330,23410,2665,1,89
3331,23417,2665,4,39
3332,23424,2666,7,66
3333,23431,2666,10,41
3334,23438,2667,13,9
3335,23445,2667,1,79
3336,23452,2668,4,66
3337,23459,2668,7,23
3338,23466,2669,10,17
3339,23473,2669,13,74
3340,23480,2670,1,64
3341,23487,2670,4,41
3342,23494,2671,7,41
3343,23501,2671,10,6
3344,23508,2672,13,99
3345,23515,2672,1,29
3346,23522,2673,4,39
3347,23529,2673,7,52
3348,23536,2674,10,5
3349,23543,2674,13,6
3350,23550,2675,1,12
3351,23557,2675,4,18
3352,23564,2676,7,66
3353,23571,2676,10,94
3354,23578,2677,13,51
3355,23585,2677,1,93
3356,23592,2678,4,6
3357,23599,2678,7,97
3358,23606,2679,10,40
3359,23613,2679,13,28
3360,23620,2680,1,44
3361,23627,2680,4,81
3362,23634,2681,7,12
3363,23641,2681,10,61
3364,23648,2682,13,68
3365,23655,2682,1,28
3366,23662,2683,4,88
3367,23669,2683,7,80
3368,23676,2684,10,28
3369,23683,2684,13,55
3370,23690,2685,1,12
3371,23697,2685,4,28
3372,23704,2686,7,42
3373,23711,2686,10,74
3374,23718,2687,13,33
3375,23725,2687,1,78
3376,23732,2688,4,28
3377,23739,2688,7,12
3378,23746,2689,10,93
3379,23753,2689,13,70
3380,23760,2690,1,61
3381,23767,2690,4,89
3382,23774,2691,7,25
3383,23781,2691,10,69
3384,23788,2692,13,98
3385,23795,2692,1,99
3386,23802,2693,4,14
3387,23809,2693,7,28
3388,23816,2694,10,87
3389,23823,2694,13,25
3390,23830,2695,1,11
3391,23837,2695,4,27
3392,23844,2696,7,51
3393,23851,2696,10,86
3394,23858,2697,13,90
3395,23865,2697,1,17
3396,23872,2698,4,85
3397,23879,2698,7,51
3398,23886,2699,10,54
3399,23893,2699,13,89
3400,23900,2700,1,87
3401,23907,2700,4,26
3402,23914,2701,7,57
3403,23921,2701,10,39
3404,23928,2702,13,66
3405,23935,2702,1,53
3406,23942,2703,4,66
3407,23949,2703,7,2
3408,23956,2704,10,47
3409,23963,2704,13,61
3410,23970,2705,1,8
3411,23977,2705,4,14
3412,23984,2706,7,59
